# PISO 1 EXTERIOR - Bloque U
v 23.9562 -26.7481 0.0000
v 24.1062 -26.7481 0.0000
v 24.1062 -26.5981 0.0000
v 23.9562 -26.5981 0.0000
v 23.9562 -26.7481 3.0000
v 24.1062 -26.7481 3.0000
v 24.1062 -26.5981 3.0000
v 23.9562 -26.5981 3.0000
v 24.0312 -26.5231 0.0000
v 24.0312 -26.6731 0.0000
v 31.0448 -26.6731 0.0000
v 31.0448 -26.5231 0.0000
v 24.0312 -26.5231 3.0000
v 24.0312 -26.6731 3.0000
v 31.0448 -26.6731 3.0000
v 31.0448 -26.5231 3.0000
v 31.1198 -26.5981 0.0000
v 30.9698 -26.5981 0.0000
v 30.9698 -26.7481 0.0000
v 31.1198 -26.7481 0.0000
v 31.1198 -26.5981 3.0000
v 30.9698 -26.5981 3.0000
v 30.9698 -26.7481 3.0000
v 31.1198 -26.7481 3.0000
v 31.0448 -26.8231 0.0000
v 31.0448 -26.6731 0.0000
v 24.0312 -26.6731 0.0000
v 24.0312 -26.8231 0.0000
v 31.0448 -26.8231 3.0000
v 31.0448 -26.6731 3.0000
v 24.0312 -26.6731 3.0000
v 24.0312 -26.8231 3.0000
v 23.9562 -16.5881 0.0000
v 24.1062 -16.5881 0.0000
v 24.1062 -16.4381 0.0000
v 23.9562 -16.4381 0.0000
v 23.9562 -16.5881 3.0000
v 24.1062 -16.5881 3.0000
v 24.1062 -16.4381 3.0000
v 23.9562 -16.4381 3.0000
v 24.0312 -16.3631 0.0000
v 24.0312 -16.5131 0.0000
v 31.0448 -16.5131 0.0000
v 31.0448 -16.3631 0.0000
v 24.0312 -16.3631 3.0000
v 24.0312 -16.5131 3.0000
v 31.0448 -16.5131 3.0000
v 31.0448 -16.3631 3.0000
v 31.1198 -16.4381 0.0000
v 30.9698 -16.4381 0.0000
v 30.9698 -16.5881 0.0000
v 31.1198 -16.5881 0.0000
v 31.1198 -16.4381 3.0000
v 30.9698 -16.4381 3.0000
v 30.9698 -16.5881 3.0000
v 31.1198 -16.5881 3.0000
v 31.0448 -16.6631 0.0000
v 31.0448 -16.5131 0.0000
v 24.0312 -16.5131 0.0000
v 24.0312 -16.6631 0.0000
v 31.0448 -16.6631 3.0000
v 31.0448 -16.5131 3.0000
v 24.0312 -16.5131 3.0000
v 24.0312 -16.6631 3.0000
v 23.9562 -6.4281 0.0000
v 24.1062 -6.4281 0.0000
v 24.1062 -6.2781 0.0000
v 23.9562 -6.2781 0.0000
v 23.9562 -6.4281 3.0000
v 24.1062 -6.4281 3.0000
v 24.1062 -6.2781 3.0000
v 23.9562 -6.2781 3.0000
v 24.0312 -6.2031 0.0000
v 24.0312 -6.3531 0.0000
v 31.0448 -6.3531 0.0000
v 31.0448 -6.2031 0.0000
v 24.0312 -6.2031 3.0000
v 24.0312 -6.3531 3.0000
v 31.0448 -6.3531 3.0000
v 31.0448 -6.2031 3.0000
v 31.1198 -6.2781 0.0000
v 30.9698 -6.2781 0.0000
v 30.9698 -6.4281 0.0000
v 31.1198 -6.4281 0.0000
v 31.1198 -6.2781 3.0000
v 30.9698 -6.2781 3.0000
v 30.9698 -6.4281 3.0000
v 31.1198 -6.4281 3.0000
v 31.0448 -6.5031 0.0000
v 31.0448 -6.3531 0.0000
v 24.0312 -6.3531 0.0000
v 24.0312 -6.5031 0.0000
v 31.0448 -6.5031 3.0000
v 31.0448 -6.3531 3.0000
v 24.0312 -6.3531 3.0000
v 24.0312 -6.5031 3.0000
v 23.9562 3.7319 0.0000
v 24.1062 3.7319 0.0000
v 24.1062 3.8819 0.0000
v 23.9562 3.8819 0.0000
v 23.9562 3.7319 3.0000
v 24.1062 3.7319 3.0000
v 24.1062 3.8819 3.0000
v 23.9562 3.8819 3.0000
v 24.0312 3.9569 0.0000
v 24.0312 3.8069 0.0000
v 31.0448 3.8069 0.0000
v 31.0448 3.9569 0.0000
v 24.0312 3.9569 3.0000
v 24.0312 3.8069 3.0000
v 31.0448 3.8069 3.0000
v 31.0448 3.9569 3.0000
v 31.1198 3.8819 0.0000
v 30.9698 3.8819 0.0000
v 30.9698 3.7319 0.0000
v 31.1198 3.7319 0.0000
v 31.1198 3.8819 3.0000
v 30.9698 3.8819 3.0000
v 30.9698 3.7319 3.0000
v 31.1198 3.7319 3.0000
v 31.0448 3.6569 0.0000
v 31.0448 3.8069 0.0000
v 24.0312 3.8069 0.0000
v 24.0312 3.6569 0.0000
v 31.0448 3.6569 3.0000
v 31.0448 3.8069 3.0000
v 24.0312 3.8069 3.0000
v 24.0312 3.6569 3.0000
v 49.6948 -32.8581 0.0000
v 49.5448 -32.8581 0.0000
v 49.5448 -36.4888 0.0000
v 49.6948 -36.4888 0.0000
v 49.6948 -32.8581 3.0000
v 49.5448 -32.8581 3.0000
v 49.5448 -36.4888 3.0000
v 49.6948 -36.4888 3.0000
v 49.8948 -26.7481 0.0000
v 50.0448 -26.7481 0.0000
v 50.0448 -26.5981 0.0000
v 49.8948 -26.5981 0.0000
v 49.8948 -26.7481 3.0000
v 50.0448 -26.7481 3.0000
v 50.0448 -26.5981 3.0000
v 49.8948 -26.5981 3.0000
v 49.9698 -26.5231 0.0000
v 49.9698 -26.6731 0.0000
v 56.9834 -26.6731 0.0000
v 56.9834 -26.5231 0.0000
v 49.9698 -26.5231 3.0000
v 49.9698 -26.6731 3.0000
v 56.9834 -26.6731 3.0000
v 56.9834 -26.5231 3.0000
v 57.0584 -26.5981 0.0000
v 56.9084 -26.5981 0.0000
v 56.9084 -26.7481 0.0000
v 57.0584 -26.7481 0.0000
v 57.0584 -26.5981 3.0000
v 56.9084 -26.5981 3.0000
v 56.9084 -26.7481 3.0000
v 57.0584 -26.7481 3.0000
v 56.9834 -26.8231 0.0000
v 56.9834 -26.6731 0.0000
v 49.9698 -26.6731 0.0000
v 49.9698 -26.8231 0.0000
v 56.9834 -26.8231 3.0000
v 56.9834 -26.6731 3.0000
v 49.9698 -26.6731 3.0000
v 49.9698 -26.8231 3.0000
v 49.8948 3.7319 0.0000
v 50.0448 3.7319 0.0000
v 50.0448 3.8819 0.0000
v 49.8948 3.8819 0.0000
v 49.8948 3.7319 3.0000
v 50.0448 3.7319 3.0000
v 50.0448 3.8819 3.0000
v 49.8948 3.8819 3.0000
v 49.9698 3.9569 0.0000
v 49.9698 3.8069 0.0000
v 50.4648 3.8069 0.0000
v 50.4648 3.9569 0.0000
v 49.9698 3.9569 3.0000
v 49.9698 3.8069 3.0000
v 50.4648 3.8069 3.0000
v 50.4648 3.9569 3.0000
v 50.6148 3.9569 0.0000
v 50.6148 3.8069 0.0000
v 56.9834 3.8069 0.0000
v 56.9834 3.9569 0.0000
v 50.6148 3.9569 3.0000
v 50.6148 3.8069 3.0000
v 56.9834 3.8069 3.0000
v 56.9834 3.9569 3.0000
v 57.0584 3.8819 0.0000
v 56.9084 3.8819 0.0000
v 56.9084 3.7319 0.0000
v 57.0584 3.7319 0.0000
v 57.0584 3.8819 3.0000
v 56.9084 3.8819 3.0000
v 56.9084 3.7319 3.0000
v 57.0584 3.7319 3.0000
v 56.9834 3.6569 0.0000
v 56.9834 3.8069 0.0000
v 49.9698 3.8069 0.0000
v 49.9698 3.6569 0.0000
v 56.9834 3.6569 3.0000
v 56.9834 3.8069 3.0000
v 49.9698 3.8069 3.0000
v 49.9698 3.6569 3.0000
v 20.4561 13.8919 0.0000
v 20.3061 13.8919 0.0000
v 20.3061 9.2119 0.0000
v 20.4561 9.2119 0.0000
v 20.4561 13.8919 3.0000
v 20.3061 13.8919 3.0000
v 20.3061 9.2119 3.0000
v 20.4561 9.2119 3.0000
v 20.4561 8.8119 0.0000
v 20.3061 8.8119 0.0000
v 20.3061 4.1319 0.0000
v 20.4561 4.1319 0.0000
v 20.4561 8.8119 3.0000
v 20.3061 8.8119 3.0000
v 20.3061 4.1319 3.0000
v 20.4561 4.1319 3.0000
v 20.4561 3.7319 0.0000
v 20.3061 3.7319 0.0000
v 20.3061 -0.9481 0.0000
v 20.4561 -0.9481 0.0000
v 20.4561 3.7319 3.0000
v 20.3061 3.7319 3.0000
v 20.3061 -0.9481 3.0000
v 20.4561 -0.9481 3.0000
v 20.4561 -1.3481 0.0000
v 20.3061 -1.3481 0.0000
v 20.3061 -6.0281 0.0000
v 20.4561 -6.0281 0.0000
v 20.4561 -1.3481 3.0000
v 20.3061 -1.3481 3.0000
v 20.3061 -6.0281 3.0000
v 20.4561 -6.0281 3.0000
v 20.4561 -6.4281 0.0000
v 20.3061 -6.4281 0.0000
v 20.3061 -11.1081 0.0000
v 20.4561 -11.1081 0.0000
v 20.4561 -6.4281 3.0000
v 20.3061 -6.4281 3.0000
v 20.3061 -11.1081 3.0000
v 20.4561 -11.1081 3.0000
v 20.4561 -11.5081 0.0000
v 20.3061 -11.5081 0.0000
v 20.3061 -16.1881 0.0000
v 20.4561 -16.1881 0.0000
v 20.4561 -11.5081 3.0000
v 20.3061 -11.5081 3.0000
v 20.3061 -16.1881 3.0000
v 20.4561 -16.1881 3.0000
v 20.4561 -16.5881 0.0000
v 20.3061 -16.5881 0.0000
v 20.3061 -21.2681 0.0000
v 20.4561 -21.2681 0.0000
v 20.4561 -16.5881 3.0000
v 20.3061 -16.5881 3.0000
v 20.3061 -21.2681 3.0000
v 20.4561 -21.2681 3.0000
v 20.4561 -21.6681 0.0000
v 20.3061 -21.6681 0.0000
v 20.3061 -26.3481 0.0000
v 20.4561 -26.3481 0.0000
v 20.4561 -21.6681 3.0000
v 20.3061 -21.6681 3.0000
v 20.3061 -26.3481 3.0000
v 20.4561 -26.3481 3.0000
v 20.4561 -26.7481 0.0000
v 20.3061 -26.7481 0.0000
v 20.3061 -31.4281 0.0000
v 20.4561 -31.4281 0.0000
v 20.4561 -26.7481 3.0000
v 20.3061 -26.7481 3.0000
v 20.3061 -31.4281 3.0000
v 20.4561 -31.4281 3.0000
v 24.7763 13.9669 0.0000
v 24.7763 14.1169 0.0000
v 24.5817 14.1169 0.0000
v 24.5817 13.9669 0.0000
v 24.7763 13.9669 3.0000
v 24.7763 14.1169 3.0000
v 24.5817 14.1169 3.0000
v 24.5817 13.9669 3.0000
v 24.5817 13.9669 0.0000
v 24.5817 14.1169 0.0000
v 24.0312 14.1169 0.0000
v 24.0312 13.9669 0.0000
v 24.5817 13.9669 3.0000
v 24.5817 14.1169 3.0000
v 24.0312 14.1169 3.0000
v 24.0312 13.9669 3.0000
v 24.1062 14.0419 0.0000
v 23.9562 14.0419 0.0000
v 23.9562 13.8919 0.0000
v 24.1062 13.8919 0.0000
v 24.1062 14.0419 3.0000
v 23.9562 14.0419 3.0000
v 23.9562 13.8919 3.0000
v 24.1062 13.8919 3.0000
v 24.0312 13.9669 0.0000
v 24.0312 13.8169 0.0000
v 31.0448 13.8169 0.0000
v 31.0448 13.9669 0.0000
v 24.0312 13.9669 3.0000
v 24.0312 13.8169 3.0000
v 31.0448 13.8169 3.0000
v 31.0448 13.9669 3.0000
v 30.9698 13.8919 0.0000
v 31.1198 13.8919 0.0000
v 31.1198 14.0419 0.0000
v 30.9698 14.0419 0.0000
v 30.9698 13.8919 3.0000
v 31.1198 13.8919 3.0000
v 31.1198 14.0419 3.0000
v 30.9698 14.0419 3.0000
v 31.0448 13.9669 0.0000
v 31.0448 14.1169 0.0000
v 24.7763 14.1169 0.0000
v 24.7763 13.9669 0.0000
v 31.0448 13.9669 3.0000
v 31.0448 14.1169 3.0000
v 24.7763 14.1169 3.0000
v 24.7763 13.9669 3.0000
v 49.9698 13.9669 0.0000
v 49.9698 13.8169 0.0000
v 56.9834 13.8169 0.0000
v 56.9834 13.9669 0.0000
v 49.9698 13.9669 3.0000
v 49.9698 13.8169 3.0000
v 56.9834 13.8169 3.0000
v 56.9834 13.9669 3.0000
v 56.9084 13.8919 0.0000
v 57.0584 13.8919 0.0000
v 57.0584 14.0419 0.0000
v 56.9084 14.0419 0.0000
v 56.9084 13.8919 3.0000
v 57.0584 13.8919 3.0000
v 57.0584 14.0419 3.0000
v 56.9084 14.0419 3.0000
v 56.9834 13.9669 0.0000
v 56.9834 14.1169 0.0000
v 56.5821 14.1169 0.0000
v 56.5821 13.9669 0.0000
v 56.9834 13.9669 3.0000
v 56.9834 14.1169 3.0000
v 56.5821 14.1169 3.0000
v 56.5821 13.9669 3.0000
v 56.5821 13.9669 0.0000
v 56.5821 14.1169 0.0000
v 56.4329 14.1169 0.0000
v 56.4329 13.9669 0.0000
v 56.5821 13.9669 3.0000
v 56.5821 14.1169 3.0000
v 56.4329 14.1169 3.0000
v 56.4329 13.9669 3.0000
v 56.4329 13.9669 0.0000
v 56.4329 14.1169 0.0000
v 56.2384 14.1169 0.0000
v 56.2384 13.9669 0.0000
v 56.4329 13.9669 3.0000
v 56.4329 14.1169 3.0000
v 56.2384 14.1169 3.0000
v 56.2384 13.9669 3.0000
v 56.2384 13.9669 0.0000
v 56.2384 14.1169 0.0000
v 49.9698 14.1169 0.0000
v 49.9698 13.9669 0.0000
v 56.2384 13.9669 3.0000
v 56.2384 14.1169 3.0000
v 49.9698 14.1169 3.0000
v 49.9698 13.9669 3.0000
v 50.0448 14.0419 0.0000
v 49.8948 14.0419 0.0000
v 49.8948 13.8919 0.0000
v 50.0448 13.8919 0.0000
v 50.0448 14.0419 3.0000
v 49.8948 14.0419 3.0000
v 49.8948 13.8919 3.0000
v 50.0448 13.8919 3.0000
v 100.9443 -31.8281 0.0000
v 100.7943 -31.8281 0.0000
v 100.7943 -36.4888 0.0000
v 100.9443 -36.4888 0.0000
v 100.9443 -31.8281 3.0000
v 100.7943 -31.8281 3.0000
v 100.7943 -36.4888 3.0000
v 100.9443 -36.4888 3.0000
v 100.8693 -36.4138 0.0000
v 100.8693 -36.5638 0.0000
v 101.0193 -36.5638 0.0000
v 101.0193 -36.4138 0.0000
v 100.8693 -36.4138 3.0000
v 100.8693 -36.5638 3.0000
v 101.0193 -36.5638 3.0000
v 101.0193 -36.4138 3.0000
v 100.9443 -36.4888 0.0000
v 101.0943 -36.4888 0.0000
v 101.0943 -32.8581 0.0000
v 100.9443 -32.8581 0.0000
v 100.9443 -36.4888 3.0000
v 101.0943 -36.4888 3.0000
v 101.0943 -32.8581 3.0000
v 100.9443 -32.8581 3.0000
v 101.0193 -32.9331 0.0000
v 101.0193 -32.7831 0.0000
v 100.8693 -32.7831 0.0000
v 100.8693 -32.9331 0.0000
v 101.0193 -32.9331 3.0000
v 101.0193 -32.7831 3.0000
v 100.8693 -32.7831 3.0000
v 100.8693 -32.9331 3.0000
v 108.3079 -26.7481 0.0000
v 108.4579 -26.7481 0.0000
v 108.4579 -26.5981 0.0000
v 108.3079 -26.5981 0.0000
v 108.3079 -26.7481 3.0000
v 108.4579 -26.7481 3.0000
v 108.4579 -26.5981 3.0000
v 108.3079 -26.5981 3.0000
v 108.3829 -26.6731 0.0000
v 108.3829 -26.5231 0.0000
v 102.0143 -26.5231 0.0000
v 102.0143 -26.6731 0.0000
v 108.3829 -26.6731 3.0000
v 108.3829 -26.5231 3.0000
v 102.0143 -26.5231 3.0000
v 102.0143 -26.6731 3.0000
v 101.8643 -26.6731 0.0000
v 101.8643 -26.5231 0.0000
v 101.3693 -26.5231 0.0000
v 101.3693 -26.6731 0.0000
v 101.8643 -26.6731 3.0000
v 101.8643 -26.5231 3.0000
v 101.3693 -26.5231 3.0000
v 101.3693 -26.6731 3.0000
v 101.4443 -26.5981 0.0000
v 101.2943 -26.5981 0.0000
v 101.2943 -26.7481 0.0000
v 101.4443 -26.7481 0.0000
v 101.4443 -26.5981 3.0000
v 101.2943 -26.5981 3.0000
v 101.2943 -26.7481 3.0000
v 101.4443 -26.7481 3.0000
v 101.3693 -26.6731 0.0000
v 101.3693 -26.8231 0.0000
v 108.3829 -26.8231 0.0000
v 108.3829 -26.6731 0.0000
v 101.3693 -26.6731 3.0000
v 101.3693 -26.8231 3.0000
v 108.3829 -26.8231 3.0000
v 108.3829 -26.6731 3.0000
v 108.3079 -16.5881 0.0000
v 108.4579 -16.5881 0.0000
v 108.4579 -16.4381 0.0000
v 108.3079 -16.4381 0.0000
v 108.3079 -16.5881 3.0000
v 108.4579 -16.5881 3.0000
v 108.4579 -16.4381 3.0000
v 108.3079 -16.4381 3.0000
v 108.3829 -16.5131 0.0000
v 108.3829 -16.3631 0.0000
v 102.0143 -16.3631 0.0000
v 102.0143 -16.5131 0.0000
v 108.3829 -16.5131 3.0000
v 108.3829 -16.3631 3.0000
v 102.0143 -16.3631 3.0000
v 102.0143 -16.5131 3.0000
v 101.8643 -16.5131 0.0000
v 101.8643 -16.3631 0.0000
v 101.3693 -16.3631 0.0000
v 101.3693 -16.5131 0.0000
v 101.8643 -16.5131 3.0000
v 101.8643 -16.3631 3.0000
v 101.3693 -16.3631 3.0000
v 101.3693 -16.5131 3.0000
v 101.4443 -16.4381 0.0000
v 101.2943 -16.4381 0.0000
v 101.2943 -16.5881 0.0000
v 101.4443 -16.5881 0.0000
v 101.4443 -16.4381 3.0000
v 101.2943 -16.4381 3.0000
v 101.2943 -16.5881 3.0000
v 101.4443 -16.5881 3.0000
v 101.3693 -16.5131 0.0000
v 101.3693 -16.6631 0.0000
v 108.3829 -16.6631 0.0000
v 108.3829 -16.5131 0.0000
v 101.3693 -16.5131 3.0000
v 101.3693 -16.6631 3.0000
v 108.3829 -16.6631 3.0000
v 108.3829 -16.5131 3.0000
v 108.3079 -6.4281 0.0000
v 108.4579 -6.4281 0.0000
v 108.4579 -6.2781 0.0000
v 108.3079 -6.2781 0.0000
v 108.3079 -6.4281 3.0000
v 108.4579 -6.4281 3.0000
v 108.4579 -6.2781 3.0000
v 108.3079 -6.2781 3.0000
v 108.3829 -6.3531 0.0000
v 108.3829 -6.2031 0.0000
v 102.0143 -6.2031 0.0000
v 102.0143 -6.3531 0.0000
v 108.3829 -6.3531 3.0000
v 108.3829 -6.2031 3.0000
v 102.0143 -6.2031 3.0000
v 102.0143 -6.3531 3.0000
v 101.8643 -6.3531 0.0000
v 101.8643 -6.2031 0.0000
v 101.3693 -6.2031 0.0000
v 101.3693 -6.3531 0.0000
v 101.8643 -6.3531 3.0000
v 101.8643 -6.2031 3.0000
v 101.3693 -6.2031 3.0000
v 101.3693 -6.3531 3.0000
v 101.4443 -6.2781 0.0000
v 101.2943 -6.2781 0.0000
v 101.2943 -6.4281 0.0000
v 101.4443 -6.4281 0.0000
v 101.4443 -6.2781 3.0000
v 101.2943 -6.2781 3.0000
v 101.2943 -6.4281 3.0000
v 101.4443 -6.4281 3.0000
v 101.3693 -6.3531 0.0000
v 101.3693 -6.5031 0.0000
v 108.3829 -6.5031 0.0000
v 108.3829 -6.3531 0.0000
v 101.3693 -6.3531 3.0000
v 101.3693 -6.5031 3.0000
v 108.3829 -6.5031 3.0000
v 108.3829 -6.3531 3.0000
v 101.0193 8.7369 0.0000
v 101.0193 8.8869 0.0000
v 100.8693 8.8869 0.0000
v 100.8693 8.7369 0.0000
v 101.0193 8.7369 3.0000
v 101.0193 8.8869 3.0000
v 100.8693 8.8869 3.0000
v 100.8693 8.7369 3.0000
v 100.9443 8.8119 0.0000
v 100.7943 8.8119 0.0000
v 100.7943 4.4819 0.0000
v 100.9443 4.4819 0.0000
v 100.9443 8.8119 3.0000
v 100.7943 8.8119 3.0000
v 100.7943 4.4819 3.0000
v 100.9443 4.4819 3.0000
v 100.9443 4.4819 0.0000
v 100.7943 4.4819 0.0000
v 100.7943 4.3319 0.0000
v 100.9443 4.3319 0.0000
v 100.9443 4.4819 3.0000
v 100.7943 4.4819 3.0000
v 100.7943 4.3319 3.0000
v 100.9443 4.3319 3.0000
v 100.9443 4.3319 0.0000
v 100.7943 4.3319 0.0000
v 100.7943 4.2319 0.0000
v 100.9443 4.2319 0.0000
v 100.9443 4.3319 3.0000
v 100.7943 4.3319 3.0000
v 100.7943 4.2319 3.0000
v 100.9443 4.2319 3.0000
v 100.8693 4.3069 0.0000
v 100.8693 4.1569 0.0000
v 101.0193 4.1569 0.0000
v 101.0193 4.3069 0.0000
v 100.8693 4.3069 3.0000
v 100.8693 4.1569 3.0000
v 101.0193 4.1569 3.0000
v 101.0193 4.3069 3.0000
v 100.9443 4.2319 0.0000
v 101.0943 4.2319 0.0000
v 101.0943 8.8119 0.0000
v 100.9443 8.8119 0.0000
v 100.9443 4.2319 3.0000
v 101.0943 4.2319 3.0000
v 101.0943 8.8119 3.0000
v 100.9443 8.8119 3.0000
v 82.7943 -36.4138 0.0000
v 82.7943 -36.5638 0.0000
v 82.9443 -36.5638 0.0000
v 82.9443 -36.4138 0.0000
v 82.7943 -36.4138 3.0000
v 82.7943 -36.5638 3.0000
v 82.9443 -36.5638 3.0000
v 82.9443 -36.4138 3.0000
v 82.8693 -36.4888 0.0000
v 83.0193 -36.4888 0.0000
v 83.0193 -32.8581 0.0000
v 82.8693 -32.8581 0.0000
v 82.8693 -36.4888 3.0000
v 83.0193 -36.4888 3.0000
v 83.0193 -32.8581 3.0000
v 82.8693 -32.8581 3.0000
v 82.9443 -32.9331 0.0000
v 82.9443 -32.7831 0.0000
v 82.7943 -32.7831 0.0000
v 82.7943 -32.9331 0.0000
v 82.9443 -32.9331 3.0000
v 82.9443 -32.7831 3.0000
v 82.7943 -32.7831 3.0000
v 82.7943 -32.9331 3.0000
v 82.8693 -32.8581 0.0000
v 82.7193 -32.8581 0.0000
v 82.7193 -36.4888 0.0000
v 82.8693 -36.4888 0.0000
v 82.8693 -32.8581 3.0000
v 82.7193 -32.8581 3.0000
v 82.7193 -36.4888 3.0000
v 82.8693 -36.4888 3.0000
v 82.3693 -26.7481 0.0000
v 82.5193 -26.7481 0.0000
v 82.5193 -26.5981 0.0000
v 82.3693 -26.5981 0.0000
v 82.3693 -26.7481 3.0000
v 82.5193 -26.7481 3.0000
v 82.5193 -26.5981 3.0000
v 82.3693 -26.5981 3.0000
v 82.4443 -26.6731 0.0000
v 82.4443 -26.5231 0.0000
v 81.9541 -26.5231 0.0000
v 81.9541 -26.6731 0.0000
v 82.4443 -26.6731 3.0000
v 82.4443 -26.5231 3.0000
v 81.9541 -26.5231 3.0000
v 81.9541 -26.6731 3.0000
v 81.8042 -26.6731 0.0000
v 81.8042 -26.5231 0.0000
v 75.4307 -26.5231 0.0000
v 75.4307 -26.6731 0.0000
v 81.8042 -26.6731 3.0000
v 81.8042 -26.5231 3.0000
v 75.4307 -26.5231 3.0000
v 75.4307 -26.6731 3.0000
v 75.5057 -26.5981 0.0000
v 75.3557 -26.5981 0.0000
v 75.3557 -26.7481 0.0000
v 75.5057 -26.7481 0.0000
v 75.5057 -26.5981 3.0000
v 75.3557 -26.5981 3.0000
v 75.3557 -26.7481 3.0000
v 75.5057 -26.7481 3.0000
v 75.4307 -26.6731 0.0000
v 75.4307 -26.8231 0.0000
v 82.4443 -26.8231 0.0000
v 82.4443 -26.6731 0.0000
v 75.4307 -26.6731 3.0000
v 75.4307 -26.8231 3.0000
v 82.4443 -26.8231 3.0000
v 82.4443 -26.6731 3.0000
v 82.3693 -11.5106 0.0000
v 82.5193 -11.5106 0.0000
v 82.5193 -11.3606 0.0000
v 82.3693 -11.3606 0.0000
v 82.3693 -11.5106 3.0000
v 82.5193 -11.5106 3.0000
v 82.5193 -11.3606 3.0000
v 82.3693 -11.3606 3.0000
v 82.4443 -11.4356 0.0000
v 82.4443 -11.2856 0.0000
v 75.4307 -11.2856 0.0000
v 75.4307 -11.4356 0.0000
v 82.4443 -11.4356 3.0000
v 82.4443 -11.2856 3.0000
v 75.4307 -11.2856 3.0000
v 75.4307 -11.4356 3.0000
v 75.5057 -11.3606 0.0000
v 75.3557 -11.3606 0.0000
v 75.3557 -11.5106 0.0000
v 75.5057 -11.5106 0.0000
v 75.5057 -11.3606 3.0000
v 75.3557 -11.3606 3.0000
v 75.3557 -11.5106 3.0000
v 75.5057 -11.5106 3.0000
v 75.4307 -11.4356 0.0000
v 75.4307 -11.5856 0.0000
v 82.4443 -11.5856 0.0000
v 82.4443 -11.4356 0.0000
v 75.4307 -11.4356 3.0000
v 75.4307 -11.5856 3.0000
v 82.4443 -11.5856 3.0000
v 82.4443 -11.4356 3.0000
v 82.3693 -1.3481 0.0000
v 82.5193 -1.3481 0.0000
v 82.5193 -1.1981 0.0000
v 82.3693 -1.1981 0.0000
v 82.3693 -1.3481 3.0000
v 82.5193 -1.3481 3.0000
v 82.5193 -1.1981 3.0000
v 82.3693 -1.1981 3.0000
v 82.4443 -1.2731 0.0000
v 82.4443 -1.1231 0.0000
v 75.4307 -1.1231 0.0000
v 75.4307 -1.2731 0.0000
v 82.4443 -1.2731 3.0000
v 82.4443 -1.1231 3.0000
v 75.4307 -1.1231 3.0000
v 75.4307 -1.2731 3.0000
v 75.5057 -1.1981 0.0000
v 75.3557 -1.1981 0.0000
v 75.3557 -1.3481 0.0000
v 75.5057 -1.3481 0.0000
v 75.5057 -1.1981 3.0000
v 75.3557 -1.1981 3.0000
v 75.3557 -1.3481 3.0000
v 75.5057 -1.3481 3.0000
v 75.4307 -1.2731 0.0000
v 75.4307 -1.4231 0.0000
v 82.4443 -1.4231 0.0000
v 82.4443 -1.2731 0.0000
v 75.4307 -1.2731 3.0000
v 75.4307 -1.4231 3.0000
v 82.4443 -1.4231 3.0000
v 82.4443 -1.2731 3.0000
v 112.1081 13.8919 0.0000
v 111.9581 13.8919 0.0000
v 111.9581 9.2119 0.0000
v 112.1081 9.2119 0.0000
v 112.1081 13.8919 3.0000
v 111.9581 13.8919 3.0000
v 111.9581 9.2119 3.0000
v 112.1081 9.2119 3.0000
v 112.1081 8.8119 0.0000
v 111.9581 8.8119 0.0000
v 111.9581 4.1319 0.0000
v 112.1081 4.1319 0.0000
v 112.1081 8.8119 3.0000
v 111.9581 8.8119 3.0000
v 111.9581 4.1319 3.0000
v 112.1081 4.1319 3.0000
v 112.1081 3.7319 0.0000
v 111.9581 3.7319 0.0000
v 111.9581 -0.9481 0.0000
v 112.1081 -0.9481 0.0000
v 112.1081 3.7319 3.0000
v 111.9581 3.7319 3.0000
v 111.9581 -0.9481 3.0000
v 112.1081 -0.9481 3.0000
v 112.1081 -1.3481 0.0000
v 111.9581 -1.3481 0.0000
v 111.9581 -6.0281 0.0000
v 112.1081 -6.0281 0.0000
v 112.1081 -1.3481 3.0000
v 111.9581 -1.3481 3.0000
v 111.9581 -6.0281 3.0000
v 112.1081 -6.0281 3.0000
v 112.1081 -6.4281 0.0000
v 111.9581 -6.4281 0.0000
v 111.9581 -11.1081 0.0000
v 112.1081 -11.1081 0.0000
v 112.1081 -6.4281 3.0000
v 111.9581 -6.4281 3.0000
v 111.9581 -11.1081 3.0000
v 112.1081 -11.1081 3.0000
v 112.1081 -11.5081 0.0000
v 111.9581 -11.5081 0.0000
v 111.9581 -16.1881 0.0000
v 112.1081 -16.1881 0.0000
v 112.1081 -11.5081 3.0000
v 111.9581 -11.5081 3.0000
v 111.9581 -16.1881 3.0000
v 112.1081 -16.1881 3.0000
v 112.1081 -16.5881 0.0000
v 111.9581 -16.5881 0.0000
v 111.9581 -21.2681 0.0000
v 112.1081 -21.2681 0.0000
v 112.1081 -16.5881 3.0000
v 111.9581 -16.5881 3.0000
v 111.9581 -21.2681 3.0000
v 112.1081 -21.2681 3.0000
v 112.1081 -21.6681 0.0000
v 111.9581 -21.6681 0.0000
v 111.9581 -26.3481 0.0000
v 112.1081 -26.3481 0.0000
v 112.1081 -21.6681 3.0000
v 111.9581 -21.6681 3.0000
v 111.9581 -26.3481 3.0000
v 112.1081 -26.3481 3.0000
v 112.1081 -26.7481 0.0000
v 111.9581 -26.7481 0.0000
v 111.9581 -31.4281 0.0000
v 112.1081 -31.4281 0.0000
v 112.1081 -26.7481 3.0000
v 111.9581 -26.7481 3.0000
v 111.9581 -31.4281 3.0000
v 112.1081 -31.4281 3.0000
v 83.0193 11.9944 0.0000
v 82.8693 11.9944 0.0000
v 82.8693 9.3119 0.0000
v 83.0193 9.3119 0.0000
v 83.0193 11.9944 3.0000
v 82.8693 11.9944 3.0000
v 82.8693 9.3119 3.0000
v 83.0193 9.3119 3.0000
v 82.9443 9.2369 0.0000
v 82.9443 9.3869 0.0000
v 82.7943 9.3869 0.0000
v 82.7943 9.2369 0.0000
v 82.9443 9.2369 3.0000
v 82.9443 9.3869 3.0000
v 82.7943 9.3869 3.0000
v 82.7943 9.2369 3.0000
v 82.7193 9.3119 0.0000
v 82.8693 9.3119 0.0000
v 82.8693 11.9944 0.0000
v 82.7193 11.9944 0.0000
v 82.7193 9.3119 3.0000
v 82.8693 9.3119 3.0000
v 82.8693 11.9944 3.0000
v 82.7193 11.9944 3.0000
v 82.7943 11.9194 0.0000
v 82.7943 12.0694 0.0000
v 81.7993 12.0694 0.0000
v 81.7993 11.9194 0.0000
v 82.7943 11.9194 3.0000
v 82.7943 12.0694 3.0000
v 81.7993 12.0694 3.0000
v 81.7993 11.9194 3.0000
v 81.7243 11.9944 0.0000
v 81.8743 11.9944 0.0000
v 81.8743 12.1444 0.0000
v 81.7243 12.1444 0.0000
v 81.7243 11.9944 3.0000
v 81.8743 11.9944 3.0000
v 81.8743 12.1444 3.0000
v 81.7243 12.1444 3.0000
v 81.7993 12.2194 0.0000
v 81.7993 12.0694 0.0000
v 81.9493 12.0694 0.0000
v 81.9493 12.2194 0.0000
v 81.7993 12.2194 3.0000
v 81.7993 12.0694 3.0000
v 81.9493 12.0694 3.0000
v 81.9493 12.2194 3.0000
v 81.9493 12.2194 0.0000
v 81.9493 12.0694 0.0000
v 82.9443 12.0694 0.0000
v 82.9443 12.2194 0.0000
v 81.9493 12.2194 3.0000
v 81.9493 12.0694 3.0000
v 82.9443 12.0694 3.0000
v 82.9443 12.2194 3.0000
v 83.0193 12.1444 0.0000
v 82.8693 12.1444 0.0000
v 82.8693 11.9944 0.0000
v 83.0193 11.9944 0.0000
v 83.0193 12.1444 3.0000
v 82.8693 12.1444 3.0000
v 82.8693 11.9944 3.0000
v 83.0193 11.9944 3.0000
v 107.6379 14.1169 0.0000
v 107.6379 13.9669 0.0000
v 107.8324 13.9669 0.0000
v 107.8324 14.1169 0.0000
v 107.6379 14.1169 3.0000
v 107.6379 13.9669 3.0000
v 107.8324 13.9669 3.0000
v 107.8324 14.1169 3.0000
v 107.8324 14.1169 0.0000
v 107.8324 13.9669 0.0000
v 108.3829 13.9669 0.0000
v 108.3829 14.1169 0.0000
v 107.8324 14.1169 3.0000
v 107.8324 13.9669 3.0000
v 108.3829 13.9669 3.0000
v 108.3829 14.1169 3.0000
v 108.4579 14.0419 0.0000
v 108.3079 14.0419 0.0000
v 108.3079 13.8919 0.0000
v 108.4579 13.8919 0.0000
v 108.4579 14.0419 3.0000
v 108.3079 14.0419 3.0000
v 108.3079 13.8919 3.0000
v 108.4579 13.8919 3.0000
v 108.3829 13.8169 0.0000
v 108.3829 13.9669 0.0000
v 101.3693 13.9669 0.0000
v 101.3693 13.8169 0.0000
v 108.3829 13.8169 3.0000
v 108.3829 13.9669 3.0000
v 101.3693 13.9669 3.0000
v 101.3693 13.8169 3.0000
v 101.2943 13.8919 0.0000
v 101.4443 13.8919 0.0000
v 101.4443 14.0419 0.0000
v 101.2943 14.0419 0.0000
v 101.2943 13.8919 3.0000
v 101.4443 13.8919 3.0000
v 101.4443 14.0419 3.0000
v 101.2943 14.0419 3.0000
v 101.3693 14.1169 0.0000
v 101.3693 13.9669 0.0000
v 107.6379 13.9669 0.0000
v 107.6379 14.1169 0.0000
v 101.3693 14.1169 3.0000
v 101.3693 13.9669 3.0000
v 107.6379 13.9669 3.0000
v 107.6379 14.1169 3.0000
v 82.4443 13.8169 0.0000
v 82.4443 13.9669 0.0000
v 75.4307 13.9669 0.0000
v 75.4307 13.8169 0.0000
v 82.4443 13.8169 3.0000
v 82.4443 13.9669 3.0000
v 75.4307 13.9669 3.0000
v 75.4307 13.8169 3.0000
v 75.3557 13.8919 0.0000
v 75.5057 13.8919 0.0000
v 75.5057 14.0419 0.0000
v 75.3557 14.0419 0.0000
v 75.3557 13.8919 3.0000
v 75.5057 13.8919 3.0000
v 75.5057 14.0419 3.0000
v 75.3557 14.0419 3.0000
v 75.4307 14.1169 0.0000
v 75.4307 13.9669 0.0000
v 75.8320 13.9669 0.0000
v 75.8320 14.1169 0.0000
v 75.4307 14.1169 3.0000
v 75.4307 13.9669 3.0000
v 75.8320 13.9669 3.0000
v 75.8320 14.1169 3.0000
v 75.8320 14.1169 0.0000
v 75.8320 13.9669 0.0000
v 75.9812 13.9669 0.0000
v 75.9812 14.1169 0.0000
v 75.8320 14.1169 3.0000
v 75.8320 13.9669 3.0000
v 75.9812 13.9669 3.0000
v 75.9812 14.1169 3.0000
v 75.9812 14.1169 0.0000
v 75.9812 13.9669 0.0000
v 76.1757 13.9669 0.0000
v 76.1757 14.1169 0.0000
v 75.9812 14.1169 3.0000
v 75.9812 13.9669 3.0000
v 76.1757 13.9669 3.0000
v 76.1757 14.1169 3.0000
v 76.1757 14.1169 0.0000
v 76.1757 13.9669 0.0000
v 82.4443 13.9669 0.0000
v 82.4443 14.1169 0.0000
v 76.1757 14.1169 3.0000
v 76.1757 13.9669 3.0000
v 82.4443 13.9669 3.0000
v 82.4443 14.1169 3.0000
v 82.5193 14.0419 0.0000
v 82.3693 14.0419 0.0000
v 82.3693 13.8919 0.0000
v 82.5193 13.8919 0.0000
v 82.5193 14.0419 3.0000
v 82.3693 14.0419 3.0000
v 82.3693 13.8919 3.0000
v 82.5193 13.8919 3.0000
v 82.9730 -3.1487 0.0000
v 82.8669 -3.0426 0.0000
v 82.7169 -3.1926 0.0000
v 82.8230 -3.2987 0.0000
v 82.9730 -3.1487 3.0000
v 82.8669 -3.0426 3.0000
v 82.7169 -3.1926 3.0000
v 82.8230 -3.2987 3.0000
v 82.8383 -3.1487 0.0000
v 82.7322 -3.0426 0.0000
v 82.5822 -3.1926 0.0000
v 82.6883 -3.2987 0.0000
v 82.8383 -3.1487 3.0000
v 82.7322 -3.0426 3.0000
v 82.5822 -3.1926 3.0000
v 82.6883 -3.2987 3.0000
v 82.7036 -3.1487 0.0000
v 82.5975 -3.0426 0.0000
v 82.4475 -3.1926 0.0000
v 82.5536 -3.2987 0.0000
v 82.7036 -3.1487 3.0000
v 82.5975 -3.0426 3.0000
v 82.4475 -3.1926 3.0000
v 82.5536 -3.2987 3.0000
v 82.5688 -3.1487 0.0000
v 82.4628 -3.0426 0.0000
v 82.3128 -3.1926 0.0000
v 82.4188 -3.2987 0.0000
v 82.5688 -3.1487 3.0000
v 82.4628 -3.0426 3.0000
v 82.3128 -3.1926 3.0000
v 82.4188 -3.2987 3.0000
v 82.4341 -3.1487 0.0000
v 82.3281 -3.0426 0.0000
v 82.1781 -3.1926 0.0000
v 82.2841 -3.2987 0.0000
v 82.4341 -3.1487 3.0000
v 82.3281 -3.0426 3.0000
v 82.1781 -3.1926 3.0000
v 82.2841 -3.2987 3.0000
v 82.2994 -3.1487 0.0000
v 82.1934 -3.0426 0.0000
v 82.0434 -3.1926 0.0000
v 82.1494 -3.2987 0.0000
v 82.2994 -3.1487 3.0000
v 82.1934 -3.0426 3.0000
v 82.0434 -3.1926 3.0000
v 82.1494 -3.2987 3.0000
v 82.1647 -3.1487 0.0000
v 82.0587 -3.0426 0.0000
v 81.9087 -3.1926 0.0000
v 82.0147 -3.2987 0.0000
v 82.1647 -3.1487 3.0000
v 82.0587 -3.0426 3.0000
v 81.9087 -3.1926 3.0000
v 82.0147 -3.2987 3.0000
v 82.0300 -3.1487 0.0000
v 81.9240 -3.0426 0.0000
v 81.7740 -3.1926 0.0000
v 81.8800 -3.2987 0.0000
v 82.0300 -3.1487 3.0000
v 81.9240 -3.0426 3.0000
v 81.7740 -3.1926 3.0000
v 81.8800 -3.2987 3.0000
v 81.8953 -3.1487 0.0000
v 81.7893 -3.0426 0.0000
v 81.7463 -3.0856 0.0000
v 81.8523 -3.1917 0.0000
v 81.8953 -3.1487 3.0000
v 81.7893 -3.0426 3.0000
v 81.7463 -3.0856 3.0000
v 81.8523 -3.1917 3.0000
v 83.0193 -3.1656 0.0000
v 82.8693 -3.1656 0.0000
v 82.8693 -5.9281 0.0000
v 83.0193 -5.9281 0.0000
v 83.0193 -3.1656 3.0000
v 82.8693 -3.1656 3.0000
v 82.8693 -5.9281 3.0000
v 83.0193 -5.9281 3.0000
v 82.7943 -3.3206 0.0000
v 82.7943 -3.1706 0.0000
v 81.7993 -3.1706 0.0000
v 81.7993 -3.3206 0.0000
v 82.7943 -3.3206 3.0000
v 82.7943 -3.1706 3.0000
v 81.7993 -3.1706 3.0000
v 81.7993 -3.3206 3.0000
v 81.7243 -3.2456 0.0000
v 81.8743 -3.2456 0.0000
v 81.8743 -3.0956 0.0000
v 81.7243 -3.0956 0.0000
v 81.7243 -3.2456 3.0000
v 81.8743 -3.2456 3.0000
v 81.8743 -3.0956 3.0000
v 81.7243 -3.0956 3.0000
v 81.7993 -3.0206 0.0000
v 81.7993 -3.1706 0.0000
v 81.9493 -3.1706 0.0000
v 81.9493 -3.0206 0.0000
v 81.7993 -3.0206 3.0000
v 81.7993 -3.1706 3.0000
v 81.9493 -3.1706 3.0000
v 81.9493 -3.0206 3.0000
v 81.9493 -3.0206 0.0000
v 81.9493 -3.1706 0.0000
v 82.9443 -3.1706 0.0000
v 82.9443 -3.0206 0.0000
v 81.9493 -3.0206 3.0000
v 81.9493 -3.1706 3.0000
v 82.9443 -3.1706 3.0000
v 82.9443 -3.0206 3.0000
v 83.0193 -3.0956 0.0000
v 82.8693 -3.0956 0.0000
v 82.8693 -3.2456 0.0000
v 83.0193 -3.2456 0.0000
v 83.0193 -3.0956 3.0000
v 82.8693 -3.0956 3.0000
v 82.8693 -3.2456 3.0000
v 83.0193 -3.2456 3.0000
v 100.7943 -4.0306 0.0000
v 100.9443 -4.0306 0.0000
v 100.9443 -1.3481 0.0000
v 100.7943 -1.3481 0.0000
v 100.7943 -4.0306 3.0000
v 100.9443 -4.0306 3.0000
v 100.9443 -1.3481 3.0000
v 100.7943 -1.3481 3.0000
v 100.8693 -1.2731 0.0000
v 100.8693 -1.4231 0.0000
v 101.0193 -1.4231 0.0000
v 101.0193 -1.2731 0.0000
v 100.8693 -1.2731 3.0000
v 100.8693 -1.4231 3.0000
v 101.0193 -1.4231 3.0000
v 101.0193 -1.2731 3.0000
v 101.0943 -1.3481 0.0000
v 100.9443 -1.3481 0.0000
v 100.9443 -4.0306 0.0000
v 101.0943 -4.0306 0.0000
v 101.0943 -1.3481 3.0000
v 100.9443 -1.3481 3.0000
v 100.9443 -4.0306 3.0000
v 101.0943 -4.0306 3.0000
v 101.0193 -3.9556 0.0000
v 101.0193 -4.1056 0.0000
v 102.0143 -4.1056 0.0000
v 102.0143 -3.9556 0.0000
v 101.0193 -3.9556 3.0000
v 101.0193 -4.1056 3.0000
v 102.0143 -4.1056 3.0000
v 102.0143 -3.9556 3.0000
v 102.0893 -4.0306 0.0000
v 101.9393 -4.0306 0.0000
v 101.9393 -4.1806 0.0000
v 102.0893 -4.1806 0.0000
v 102.0893 -4.0306 3.0000
v 101.9393 -4.0306 3.0000
v 101.9393 -4.1806 3.0000
v 102.0893 -4.1806 3.0000
v 102.0143 -4.2556 0.0000
v 102.0143 -4.1056 0.0000
v 101.8643 -4.1056 0.0000
v 101.8643 -4.2556 0.0000
v 102.0143 -4.2556 3.0000
v 102.0143 -4.1056 3.0000
v 101.8643 -4.1056 3.0000
v 101.8643 -4.2556 3.0000
v 101.8643 -4.2556 0.0000
v 101.8643 -4.1056 0.0000
v 100.8693 -4.1056 0.0000
v 100.8693 -4.2556 0.0000
v 101.8643 -4.2556 3.0000
v 101.8643 -4.1056 3.0000
v 100.8693 -4.1056 3.0000
v 100.8693 -4.2556 3.0000
v 100.7943 -4.1806 0.0000
v 100.9443 -4.1806 0.0000
v 100.9443 -4.0306 0.0000
v 100.7943 -4.0306 0.0000
v 100.7943 -4.1806 3.0000
v 100.9443 -4.1806 3.0000
v 100.9443 -4.0306 3.0000
v 100.7943 -4.0306 3.0000
v 101.0193 -4.1056 0.0000
v 101.0193 -3.9556 0.0000
v 100.8693 -3.9556 0.0000
v 100.8693 -4.1056 0.0000
v 101.0193 -4.1056 3.0000
v 101.0193 -3.9556 3.0000
v 100.8693 -3.9556 3.0000
v 100.8693 -4.1056 3.0000
v 101.3693 -5.8531 0.0000
v 101.3693 -6.0031 0.0000
v 102.0143 -6.0031 0.0000
v 102.0143 -5.8531 0.0000
v 101.3693 -5.8531 3.0000
v 101.3693 -6.0031 3.0000
v 102.0143 -6.0031 3.0000
v 102.0143 -5.8531 3.0000
v 101.3693 -6.0031 0.0000
v 101.3693 -6.1531 0.0000
v 101.8643 -6.1531 0.0000
v 101.8643 -6.0031 0.0000
v 101.3693 -6.0031 3.0000
v 101.3693 -6.1531 3.0000
v 101.8643 -6.1531 3.0000
v 101.8643 -6.0031 3.0000
v 102.0893 -5.9281 0.0000
v 101.9393 -5.9281 0.0000
v 101.9393 -6.2781 0.0000
v 102.0893 -6.2781 0.0000
v 102.0893 -5.9281 3.0000
v 101.9393 -5.9281 3.0000
v 101.9393 -6.2781 3.0000
v 102.0893 -6.2781 3.0000
v 101.9393 -6.0781 0.0000
v 101.7893 -6.0781 0.0000
v 101.7893 -6.2781 0.0000
v 101.9393 -6.2781 0.0000
v 101.9393 -6.0781 3.0000
v 101.7893 -6.0781 3.0000
v 101.7893 -6.2781 3.0000
v 101.9393 -6.2781 3.0000
v 100.7943 -14.1906 0.0000
v 100.9443 -14.1906 0.0000
v 100.9443 -11.5081 0.0000
v 100.7943 -11.5081 0.0000
v 100.7943 -14.1906 3.0000
v 100.9443 -14.1906 3.0000
v 100.9443 -11.5081 3.0000
v 100.7943 -11.5081 3.0000
v 100.8693 -11.4331 0.0000
v 100.8693 -11.5831 0.0000
v 101.0193 -11.5831 0.0000
v 101.0193 -11.4331 0.0000
v 100.8693 -11.4331 3.0000
v 100.8693 -11.5831 3.0000
v 101.0193 -11.5831 3.0000
v 101.0193 -11.4331 3.0000
v 101.0943 -11.5081 0.0000
v 100.9443 -11.5081 0.0000
v 100.9443 -14.1906 0.0000
v 101.0943 -14.1906 0.0000
v 101.0943 -11.5081 3.0000
v 100.9443 -11.5081 3.0000
v 100.9443 -14.1906 3.0000
v 101.0943 -14.1906 3.0000
v 101.0193 -14.1156 0.0000
v 101.0193 -14.2656 0.0000
v 102.0143 -14.2656 0.0000
v 102.0143 -14.1156 0.0000
v 101.0193 -14.1156 3.0000
v 101.0193 -14.2656 3.0000
v 102.0143 -14.2656 3.0000
v 102.0143 -14.1156 3.0000
v 102.0893 -14.1906 0.0000
v 101.9393 -14.1906 0.0000
v 101.9393 -14.3406 0.0000
v 102.0893 -14.3406 0.0000
v 102.0893 -14.1906 3.0000
v 101.9393 -14.1906 3.0000
v 101.9393 -14.3406 3.0000
v 102.0893 -14.3406 3.0000
v 102.0143 -14.4156 0.0000
v 102.0143 -14.2656 0.0000
v 101.8643 -14.2656 0.0000
v 101.8643 -14.4156 0.0000
v 102.0143 -14.4156 3.0000
v 102.0143 -14.2656 3.0000
v 101.8643 -14.2656 3.0000
v 101.8643 -14.4156 3.0000
v 101.8643 -14.4156 0.0000
v 101.8643 -14.2656 0.0000
v 100.8693 -14.2656 0.0000
v 100.8693 -14.4156 0.0000
v 101.8643 -14.4156 3.0000
v 101.8643 -14.2656 3.0000
v 100.8693 -14.2656 3.0000
v 100.8693 -14.4156 3.0000
v 100.7943 -14.3406 0.0000
v 100.9443 -14.3406 0.0000
v 100.9443 -14.1906 0.0000
v 100.7943 -14.1906 0.0000
v 100.7943 -14.3406 3.0000
v 100.9443 -14.3406 3.0000
v 100.9443 -14.1906 3.0000
v 100.7943 -14.1906 3.0000
v 101.3693 -16.0131 0.0000
v 101.3693 -16.1631 0.0000
v 102.0143 -16.1631 0.0000
v 102.0143 -16.0131 0.0000
v 101.3693 -16.0131 3.0000
v 101.3693 -16.1631 3.0000
v 102.0143 -16.1631 3.0000
v 102.0143 -16.0131 3.0000
v 101.3693 -16.1631 0.0000
v 101.3693 -16.3131 0.0000
v 101.8643 -16.3131 0.0000
v 101.8643 -16.1631 0.0000
v 101.3693 -16.1631 3.0000
v 101.3693 -16.3131 3.0000
v 101.8643 -16.3131 3.0000
v 101.8643 -16.1631 3.0000
v 102.0893 -16.0881 0.0000
v 101.9393 -16.0881 0.0000
v 101.9393 -16.4381 0.0000
v 102.0893 -16.4381 0.0000
v 102.0893 -16.0881 3.0000
v 101.9393 -16.0881 3.0000
v 101.9393 -16.4381 3.0000
v 102.0893 -16.4381 3.0000
v 101.9393 -16.2381 0.0000
v 101.7893 -16.2381 0.0000
v 101.7893 -16.4381 0.0000
v 101.9393 -16.4381 0.0000
v 101.9393 -16.2381 3.0000
v 101.7893 -16.2381 3.0000
v 101.7893 -16.4381 3.0000
v 101.9393 -16.4381 3.0000
v 100.7943 -24.3506 0.0000
v 100.9443 -24.3506 0.0000
v 100.9443 -21.6681 0.0000
v 100.7943 -21.6681 0.0000
v 100.7943 -24.3506 3.0000
v 100.9443 -24.3506 3.0000
v 100.9443 -21.6681 3.0000
v 100.7943 -21.6681 3.0000
v 100.8693 -21.5931 0.0000
v 100.8693 -21.7431 0.0000
v 101.0193 -21.7431 0.0000
v 101.0193 -21.5931 0.0000
v 100.8693 -21.5931 3.0000
v 100.8693 -21.7431 3.0000
v 101.0193 -21.7431 3.0000
v 101.0193 -21.5931 3.0000
v 101.0943 -21.6681 0.0000
v 100.9443 -21.6681 0.0000
v 100.9443 -24.3506 0.0000
v 101.0943 -24.3506 0.0000
v 101.0943 -21.6681 3.0000
v 100.9443 -21.6681 3.0000
v 100.9443 -24.3506 3.0000
v 101.0943 -24.3506 3.0000
v 101.0193 -24.2756 0.0000
v 101.0193 -24.4256 0.0000
v 102.0143 -24.4256 0.0000
v 102.0143 -24.2756 0.0000
v 101.0193 -24.2756 3.0000
v 101.0193 -24.4256 3.0000
v 102.0143 -24.4256 3.0000
v 102.0143 -24.2756 3.0000
v 102.0893 -24.3506 0.0000
v 101.9393 -24.3506 0.0000
v 101.9393 -24.5006 0.0000
v 102.0893 -24.5006 0.0000
v 102.0893 -24.3506 3.0000
v 101.9393 -24.3506 3.0000
v 101.9393 -24.5006 3.0000
v 102.0893 -24.5006 3.0000
v 102.0143 -24.5756 0.0000
v 102.0143 -24.4256 0.0000
v 101.8643 -24.4256 0.0000
v 101.8643 -24.5756 0.0000
v 102.0143 -24.5756 3.0000
v 102.0143 -24.4256 3.0000
v 101.8643 -24.4256 3.0000
v 101.8643 -24.5756 3.0000
v 101.8643 -24.5756 0.0000
v 101.8643 -24.4256 0.0000
v 100.8693 -24.4256 0.0000
v 100.8693 -24.5756 0.0000
v 101.8643 -24.5756 3.0000
v 101.8643 -24.4256 3.0000
v 100.8693 -24.4256 3.0000
v 100.8693 -24.5756 3.0000
v 100.7943 -24.5006 0.0000
v 100.9443 -24.5006 0.0000
v 100.9443 -24.3506 0.0000
v 100.7943 -24.3506 0.0000
v 100.7943 -24.5006 3.0000
v 100.9443 -24.5006 3.0000
v 100.9443 -24.3506 3.0000
v 100.7943 -24.3506 3.0000
v 101.3693 -26.1731 0.0000
v 101.3693 -26.3231 0.0000
v 102.0143 -26.3231 0.0000
v 102.0143 -26.1731 0.0000
v 101.3693 -26.1731 3.0000
v 101.3693 -26.3231 3.0000
v 102.0143 -26.3231 3.0000
v 102.0143 -26.1731 3.0000
v 101.3693 -26.3231 0.0000
v 101.3693 -26.4731 0.0000
v 101.8643 -26.4731 0.0000
v 101.8643 -26.3231 0.0000
v 101.3693 -26.3231 3.0000
v 101.3693 -26.4731 3.0000
v 101.8643 -26.4731 3.0000
v 101.8643 -26.3231 3.0000
v 102.0893 -26.2481 0.0000
v 101.9393 -26.2481 0.0000
v 101.9393 -26.5981 0.0000
v 102.0893 -26.5981 0.0000
v 102.0893 -26.2481 3.0000
v 101.9393 -26.2481 3.0000
v 101.9393 -26.5981 3.0000
v 102.0893 -26.5981 3.0000
v 101.9393 -26.3981 0.0000
v 101.7893 -26.3981 0.0000
v 101.7893 -26.5981 0.0000
v 101.9393 -26.5981 0.0000
v 101.9393 -26.3981 3.0000
v 101.7893 -26.3981 3.0000
v 101.7893 -26.5981 3.0000
v 101.9393 -26.5981 3.0000
v 31.3948 -18.5529 0.0000
v 31.3948 -18.4029 0.0000
v 30.3998 -18.4029 0.0000
v 30.3998 -18.5529 0.0000
v 31.3948 -18.5529 3.0000
v 31.3948 -18.4029 3.0000
v 30.3998 -18.4029 3.0000
v 30.3998 -18.5529 3.0000
v 30.3248 -18.4779 0.0000
v 30.4748 -18.4779 0.0000
v 30.4748 -18.3279 0.0000
v 30.3248 -18.3279 0.0000
v 30.3248 -18.4779 3.0000
v 30.4748 -18.4779 3.0000
v 30.4748 -18.3279 3.0000
v 30.3248 -18.3279 3.0000
v 30.3998 -18.2529 0.0000
v 30.3998 -18.4029 0.0000
v 30.5498 -18.4029 0.0000
v 30.5498 -18.2529 0.0000
v 30.3998 -18.2529 3.0000
v 30.3998 -18.4029 3.0000
v 30.5498 -18.4029 3.0000
v 30.5498 -18.2529 3.0000
v 30.5498 -18.2529 0.0000
v 30.5498 -18.4029 0.0000
v 31.5448 -18.4029 0.0000
v 31.5448 -18.2529 0.0000
v 30.5498 -18.2529 3.0000
v 30.5498 -18.4029 3.0000
v 31.5448 -18.4029 3.0000
v 31.5448 -18.2529 3.0000
v 31.6198 -18.3279 0.0000
v 31.4698 -18.3279 0.0000
v 31.4698 -18.4779 0.0000
v 31.6198 -18.4779 0.0000
v 31.6198 -18.3279 3.0000
v 31.4698 -18.3279 3.0000
v 31.4698 -18.4779 3.0000
v 31.6198 -18.4779 3.0000
v 31.3948 -18.4029 0.0000
v 31.3948 -18.5529 0.0000
v 31.5448 -18.5529 0.0000
v 31.5448 -18.4029 0.0000
v 31.3948 -18.4029 3.0000
v 31.3948 -18.5529 3.0000
v 31.5448 -18.5529 3.0000
v 31.5448 -18.4029 3.0000
v 49.9698 4.3069 0.0000
v 49.9698 4.1569 0.0000
v 50.6148 4.1569 0.0000
v 50.6148 4.3069 0.0000
v 49.9698 4.3069 3.0000
v 49.9698 4.1569 3.0000
v 50.6148 4.1569 3.0000
v 50.6148 4.3069 3.0000
v 49.9698 4.1569 0.0000
v 49.9698 4.0069 0.0000
v 50.4648 4.0069 0.0000
v 50.4648 4.1569 0.0000
v 49.9698 4.1569 3.0000
v 49.9698 4.0069 3.0000
v 50.4648 4.0069 3.0000
v 50.4648 4.1569 3.0000
v 50.6898 4.2319 0.0000
v 50.5398 4.2319 0.0000
v 50.5398 3.8819 0.0000
v 50.6898 3.8819 0.0000
v 50.6898 4.2319 3.0000
v 50.5398 4.2319 3.0000
v 50.5398 3.8819 3.0000
v 50.6898 3.8819 3.0000
v 50.5398 4.0819 0.0000
v 50.3898 4.0819 0.0000
v 50.3898 3.8819 0.0000
v 50.5398 3.8819 0.0000
v 50.5398 4.0819 3.0000
v 50.3898 4.0819 3.0000
v 50.3898 3.8819 3.0000
v 50.5398 3.8819 3.0000
v 49.6198 6.1967 0.0000
v 49.6198 6.0467 0.0000
v 50.6148 6.0467 0.0000
v 50.6148 6.1967 0.0000
v 49.6198 6.1967 3.0000
v 49.6198 6.0467 3.0000
v 50.6148 6.0467 3.0000
v 50.6148 6.1967 3.0000
v 50.6898 6.1217 0.0000
v 50.5398 6.1217 0.0000
v 50.5398 5.9717 0.0000
v 50.6898 5.9717 0.0000
v 50.6898 6.1217 3.0000
v 50.5398 6.1217 3.0000
v 50.5398 5.9717 3.0000
v 50.6898 5.9717 3.0000
v 50.6148 5.8967 0.0000
v 50.6148 6.0467 0.0000
v 50.4648 6.0467 0.0000
v 50.4648 5.8967 0.0000
v 50.6148 5.8967 3.0000
v 50.6148 6.0467 3.0000
v 50.4648 6.0467 3.0000
v 50.4648 5.8967 3.0000
v 50.4648 5.8967 0.0000
v 50.4648 6.0467 0.0000
v 49.4698 6.0467 0.0000
v 49.4698 5.8967 0.0000
v 50.4648 5.8967 3.0000
v 50.4648 6.0467 3.0000
v 49.4698 6.0467 3.0000
v 49.4698 5.8967 3.0000
v 49.3948 5.9717 0.0000
v 49.5448 5.9717 0.0000
v 49.5448 6.1217 0.0000
v 49.3948 6.1217 0.0000
v 49.3948 5.9717 3.0000
v 49.5448 5.9717 3.0000
v 49.5448 6.1217 3.0000
v 49.3948 6.1217 3.0000
v 31.3948 -8.3929 0.0000
v 31.3948 -8.2429 0.0000
v 30.3998 -8.2429 0.0000
v 30.3998 -8.3929 0.0000
v 31.3948 -8.3929 3.0000
v 31.3948 -8.2429 3.0000
v 30.3998 -8.2429 3.0000
v 30.3998 -8.3929 3.0000
v 30.3248 -8.3179 0.0000
v 30.4748 -8.3179 0.0000
v 30.4748 -8.1679 0.0000
v 30.3248 -8.1679 0.0000
v 30.3248 -8.3179 3.0000
v 30.4748 -8.3179 3.0000
v 30.4748 -8.1679 3.0000
v 30.3248 -8.1679 3.0000
v 30.3998 -8.0929 0.0000
v 30.3998 -8.2429 0.0000
v 30.5498 -8.2429 0.0000
v 30.5498 -8.0929 0.0000
v 30.3998 -8.0929 3.0000
v 30.3998 -8.2429 3.0000
v 30.5498 -8.2429 3.0000
v 30.5498 -8.0929 3.0000
v 30.5498 -8.0929 0.0000
v 30.5498 -8.2429 0.0000
v 31.5448 -8.2429 0.0000
v 31.5448 -8.0929 0.0000
v 30.5498 -8.0929 3.0000
v 30.5498 -8.2429 3.0000
v 31.5448 -8.2429 3.0000
v 31.5448 -8.0929 3.0000
v 31.6198 -8.1679 0.0000
v 31.4698 -8.1679 0.0000
v 31.4698 -8.3179 0.0000
v 31.6198 -8.3179 0.0000
v 31.6198 -8.1679 3.0000
v 31.4698 -8.1679 3.0000
v 31.4698 -8.3179 3.0000
v 31.6198 -8.3179 3.0000
v 31.3948 -8.2429 0.0000
v 31.3948 -8.3929 0.0000
v 31.5448 -8.3929 0.0000
v 31.5448 -8.2429 0.0000
v 31.3948 -8.2429 3.0000
v 31.3948 -8.3929 3.0000
v 31.5448 -8.3929 3.0000
v 31.5448 -8.2429 3.0000
v 31.3948 1.7671 0.0000
v 31.3948 1.9171 0.0000
v 30.3998 1.9171 0.0000
v 30.3998 1.7671 0.0000
v 31.3948 1.7671 3.0000
v 31.3948 1.9171 3.0000
v 30.3998 1.9171 3.0000
v 30.3998 1.7671 3.0000
v 30.3248 1.8421 0.0000
v 30.4748 1.8421 0.0000
v 30.4748 1.9921 0.0000
v 30.3248 1.9921 0.0000
v 30.3248 1.8421 3.0000
v 30.4748 1.8421 3.0000
v 30.4748 1.9921 3.0000
v 30.3248 1.9921 3.0000
v 30.3998 2.0671 0.0000
v 30.3998 1.9171 0.0000
v 30.5498 1.9171 0.0000
v 30.5498 2.0671 0.0000
v 30.3998 2.0671 3.0000
v 30.3998 1.9171 3.0000
v 30.5498 1.9171 3.0000
v 30.5498 2.0671 3.0000
v 30.5498 2.0671 0.0000
v 30.5498 1.9171 0.0000
v 31.5448 1.9171 0.0000
v 31.5448 2.0671 0.0000
v 30.5498 2.0671 3.0000
v 30.5498 1.9171 3.0000
v 31.5448 1.9171 3.0000
v 31.5448 2.0671 3.0000
v 31.6198 1.9921 0.0000
v 31.4698 1.9921 0.0000
v 31.4698 1.8421 0.0000
v 31.6198 1.8421 0.0000
v 31.6198 1.9921 3.0000
v 31.4698 1.9921 3.0000
v 31.4698 1.8421 3.0000
v 31.6198 1.8421 3.0000
v 31.3948 1.9171 0.0000
v 31.3948 1.7671 0.0000
v 31.5448 1.7671 0.0000
v 31.5448 1.9171 0.0000
v 31.3948 1.9171 3.0000
v 31.3948 1.7671 3.0000
v 31.5448 1.7671 3.0000
v 31.5448 1.9171 3.0000
v 31.3948 11.9271 0.0000
v 31.3948 12.0771 0.0000
v 30.3998 12.0771 0.0000
v 30.3998 11.9271 0.0000
v 31.3948 11.9271 3.0000
v 31.3948 12.0771 3.0000
v 30.3998 12.0771 3.0000
v 30.3998 11.9271 3.0000
v 30.3248 12.0021 0.0000
v 30.4748 12.0021 0.0000
v 30.4748 12.1521 0.0000
v 30.3248 12.1521 0.0000
v 30.3248 12.0021 3.0000
v 30.4748 12.0021 3.0000
v 30.4748 12.1521 3.0000
v 30.3248 12.1521 3.0000
v 30.3998 12.2271 0.0000
v 30.3998 12.0771 0.0000
v 30.5498 12.0771 0.0000
v 30.5498 12.2271 0.0000
v 30.3998 12.2271 3.0000
v 30.3998 12.0771 3.0000
v 30.5498 12.0771 3.0000
v 30.5498 12.2271 3.0000
v 30.5498 12.2271 0.0000
v 30.5498 12.0771 0.0000
v 31.5448 12.0771 0.0000
v 31.5448 12.2271 0.0000
v 30.5498 12.2271 3.0000
v 30.5498 12.0771 3.0000
v 31.5448 12.0771 3.0000
v 31.5448 12.2271 3.0000
v 31.6198 12.1521 0.0000
v 31.4698 12.1521 0.0000
v 31.4698 12.0021 0.0000
v 31.6198 12.0021 0.0000
v 31.6198 12.1521 3.0000
v 31.4698 12.1521 3.0000
v 31.4698 12.0021 3.0000
v 31.6198 12.0021 3.0000
v 49.8948 -6.4281 0.0000
v 50.0448 -6.4281 0.0000
v 50.0448 -6.2781 0.0000
v 49.8948 -6.2781 0.0000
v 49.8948 -6.4281 3.0000
v 50.0448 -6.4281 3.0000
v 50.0448 -6.2781 3.0000
v 49.8948 -6.2781 3.0000
v 49.9698 -6.2031 0.0000
v 49.9698 -6.3531 0.0000
v 50.4648 -6.3531 0.0000
v 50.4648 -6.2031 0.0000
v 49.9698 -6.2031 3.0000
v 49.9698 -6.3531 3.0000
v 50.4648 -6.3531 3.0000
v 50.4648 -6.2031 3.0000
v 50.6148 -6.2031 0.0000
v 50.6148 -6.3531 0.0000
v 56.9834 -6.3531 0.0000
v 56.9834 -6.2031 0.0000
v 50.6148 -6.2031 3.0000
v 50.6148 -6.3531 3.0000
v 56.9834 -6.3531 3.0000
v 56.9834 -6.2031 3.0000
v 57.0584 -6.2781 0.0000
v 56.9084 -6.2781 0.0000
v 56.9084 -6.4281 0.0000
v 57.0584 -6.4281 0.0000
v 57.0584 -6.2781 3.0000
v 56.9084 -6.2781 3.0000
v 56.9084 -6.4281 3.0000
v 57.0584 -6.4281 3.0000
v 56.9834 -6.5031 0.0000
v 56.9834 -6.3531 0.0000
v 49.9698 -6.3531 0.0000
v 49.9698 -6.5031 0.0000
v 56.9834 -6.5031 3.0000
v 56.9834 -6.3531 3.0000
v 49.9698 -6.3531 3.0000
v 49.9698 -6.5031 3.0000
v 49.9698 -5.8531 0.0000
v 49.9698 -6.0031 0.0000
v 50.6148 -6.0031 0.0000
v 50.6148 -5.8531 0.0000
v 49.9698 -5.8531 3.0000
v 49.9698 -6.0031 3.0000
v 50.6148 -6.0031 3.0000
v 50.6148 -5.8531 3.0000
v 49.9698 -6.0031 0.0000
v 49.9698 -6.1531 0.0000
v 50.4648 -6.1531 0.0000
v 50.4648 -6.0031 0.0000
v 49.9698 -6.0031 3.0000
v 49.9698 -6.1531 3.0000
v 50.4648 -6.1531 3.0000
v 50.4648 -6.0031 3.0000
v 50.6898 -5.9281 0.0000
v 50.5398 -5.9281 0.0000
v 50.5398 -6.2781 0.0000
v 50.6898 -6.2781 0.0000
v 50.6898 -5.9281 3.0000
v 50.5398 -5.9281 3.0000
v 50.5398 -6.2781 3.0000
v 50.6898 -6.2781 3.0000
v 50.5398 -6.0781 0.0000
v 50.3898 -6.0781 0.0000
v 50.3898 -6.2781 0.0000
v 50.5398 -6.2781 0.0000
v 50.5398 -6.0781 3.0000
v 50.3898 -6.0781 3.0000
v 50.3898 -6.2781 3.0000
v 50.5398 -6.2781 3.0000
v 49.6198 -3.9633 0.0000
v 49.6198 -4.1133 0.0000
v 50.6148 -4.1133 0.0000
v 50.6148 -3.9633 0.0000
v 49.6198 -3.9633 3.0000
v 49.6198 -4.1133 3.0000
v 50.6148 -4.1133 3.0000
v 50.6148 -3.9633 3.0000
v 50.6898 -4.0383 0.0000
v 50.5398 -4.0383 0.0000
v 50.5398 -4.1883 0.0000
v 50.6898 -4.1883 0.0000
v 50.6898 -4.0383 3.0000
v 50.5398 -4.0383 3.0000
v 50.5398 -4.1883 3.0000
v 50.6898 -4.1883 3.0000
v 50.6148 -4.2633 0.0000
v 50.6148 -4.1133 0.0000
v 50.4648 -4.1133 0.0000
v 50.4648 -4.2633 0.0000
v 50.6148 -4.2633 3.0000
v 50.6148 -4.1133 3.0000
v 50.4648 -4.1133 3.0000
v 50.4648 -4.2633 3.0000
v 50.4648 -4.2633 0.0000
v 50.4648 -4.1133 0.0000
v 49.4698 -4.1133 0.0000
v 49.4698 -4.2633 0.0000
v 50.4648 -4.2633 3.0000
v 50.4648 -4.1133 3.0000
v 49.4698 -4.1133 3.0000
v 49.4698 -4.2633 3.0000
v 49.3948 -4.1883 0.0000
v 49.5448 -4.1883 0.0000
v 49.5448 -4.0383 0.0000
v 49.3948 -4.0383 0.0000
v 49.3948 -4.1883 3.0000
v 49.5448 -4.1883 3.0000
v 49.5448 -4.0383 3.0000
v 49.3948 -4.0383 3.0000
v 108.3079 -1.3481 0.0000
v 108.4579 -1.3481 0.0000
v 108.4579 -1.1981 0.0000
v 108.3079 -1.1981 0.0000
v 108.3079 -1.3481 3.0000
v 108.4579 -1.3481 3.0000
v 108.4579 -1.1981 3.0000
v 108.3079 -1.1981 3.0000
v 108.3829 -1.2731 0.0000
v 108.3829 -1.1231 0.0000
v 102.0143 -1.1231 0.0000
v 102.0143 -1.2731 0.0000
v 108.3829 -1.2731 3.0000
v 108.3829 -1.1231 3.0000
v 102.0143 -1.1231 3.0000
v 102.0143 -1.2731 3.0000
v 101.8643 -1.2731 0.0000
v 101.8643 -1.1231 0.0000
v 101.3693 -1.1231 0.0000
v 101.3693 -1.2731 0.0000
v 101.8643 -1.2731 3.0000
v 101.8643 -1.1231 3.0000
v 101.3693 -1.1231 3.0000
v 101.3693 -1.2731 3.0000
v 101.4443 -1.1981 0.0000
v 101.2943 -1.1981 0.0000
v 101.2943 -1.3481 0.0000
v 101.4443 -1.3481 0.0000
v 101.4443 -1.1981 3.0000
v 101.2943 -1.1981 3.0000
v 101.2943 -1.3481 3.0000
v 101.4443 -1.3481 3.0000
v 101.3693 -1.2731 0.0000
v 101.3693 -1.4231 0.0000
v 108.3829 -1.4231 0.0000
v 108.3829 -1.2731 0.0000
v 101.3693 -1.2731 3.0000
v 101.3693 -1.4231 3.0000
v 108.3829 -1.4231 3.0000
v 108.3829 -1.2731 3.0000
v 100.7943 1.0519 0.0000
v 100.9443 1.0519 0.0000
v 100.9443 3.7319 0.0000
v 100.7943 3.7319 0.0000
v 100.7943 1.0519 3.0000
v 100.9443 1.0519 3.0000
v 100.9443 3.7319 3.0000
v 100.7943 3.7319 3.0000
v 100.8693 3.8069 0.0000
v 100.8693 3.6569 0.0000
v 101.0193 3.6569 0.0000
v 101.0193 3.8069 0.0000
v 100.8693 3.8069 3.0000
v 100.8693 3.6569 3.0000
v 101.0193 3.6569 3.0000
v 101.0193 3.8069 3.0000
v 101.0943 3.7319 0.0000
v 100.9443 3.7319 0.0000
v 100.9443 1.0519 0.0000
v 101.0943 1.0519 0.0000
v 101.0943 3.7319 3.0000
v 100.9443 3.7319 3.0000
v 100.9443 1.0519 3.0000
v 101.0943 1.0519 3.0000
v 101.0193 1.1269 0.0000
v 101.0193 0.9769 0.0000
v 102.0143 0.9769 0.0000
v 102.0143 1.1269 0.0000
v 101.0193 1.1269 3.0000
v 101.0193 0.9769 3.0000
v 102.0143 0.9769 3.0000
v 102.0143 1.1269 3.0000
v 102.0893 1.0519 0.0000
v 101.9393 1.0519 0.0000
v 101.9393 0.9019 0.0000
v 102.0893 0.9019 0.0000
v 102.0893 1.0519 3.0000
v 101.9393 1.0519 3.0000
v 101.9393 0.9019 3.0000
v 102.0893 0.9019 3.0000
v 102.0143 0.8269 0.0000
v 102.0143 0.9769 0.0000
v 101.8643 0.9769 0.0000
v 101.8643 0.8269 0.0000
v 102.0143 0.8269 3.0000
v 102.0143 0.9769 3.0000
v 101.8643 0.9769 3.0000
v 101.8643 0.8269 3.0000
v 101.8643 0.8269 0.0000
v 101.8643 0.9769 0.0000
v 100.8693 0.9769 0.0000
v 100.8693 0.8269 0.0000
v 101.8643 0.8269 3.0000
v 101.8643 0.9769 3.0000
v 100.8693 0.9769 3.0000
v 100.8693 0.8269 3.0000
v 100.7943 0.9019 0.0000
v 100.9443 0.9019 0.0000
v 100.9443 1.0519 0.0000
v 100.7943 1.0519 0.0000
v 100.7943 0.9019 3.0000
v 100.9443 0.9019 3.0000
v 100.9443 1.0519 3.0000
v 100.7943 1.0519 3.0000
v 101.0193 0.9769 0.0000
v 101.0193 1.1269 0.0000
v 100.8693 1.1269 0.0000
v 100.8693 0.9769 0.0000
v 101.0193 0.9769 3.0000
v 101.0193 1.1269 3.0000
v 100.8693 1.1269 3.0000
v 100.8693 0.9769 3.0000
v 101.3693 -0.7731 0.0000
v 101.3693 -0.9231 0.0000
v 102.0143 -0.9231 0.0000
v 102.0143 -0.7731 0.0000
v 101.3693 -0.7731 3.0000
v 101.3693 -0.9231 3.0000
v 102.0143 -0.9231 3.0000
v 102.0143 -0.7731 3.0000
v 101.3693 -0.9206 0.0000
v 101.3693 -1.0706 0.0000
v 101.8643 -1.0706 0.0000
v 101.8643 -0.9206 0.0000
v 101.3693 -0.9206 3.0000
v 101.3693 -1.0706 3.0000
v 101.8643 -1.0706 3.0000
v 101.8643 -0.9206 3.0000
v 102.0893 -0.8481 0.0000
v 101.9393 -0.8481 0.0000
v 101.9393 -1.1981 0.0000
v 102.0893 -1.1981 0.0000
v 102.0893 -0.8481 3.0000
v 101.9393 -0.8481 3.0000
v 101.9393 -1.1981 3.0000
v 102.0893 -1.1981 3.0000
v 101.9393 -0.9956 0.0000
v 101.7893 -0.9956 0.0000
v 101.7893 -1.1981 0.0000
v 101.9393 -1.1981 0.0000
v 101.9393 -0.9956 3.0000
v 101.7893 -0.9956 3.0000
v 101.7893 -1.1981 3.0000
v 101.9393 -1.1981 3.0000
v 83.0193 -13.4056 0.0000
v 82.8693 -13.4056 0.0000
v 82.8693 -16.0881 0.0000
v 83.0193 -16.0881 0.0000
v 83.0193 -13.4056 3.0000
v 82.8693 -13.4056 3.0000
v 82.8693 -16.0881 3.0000
v 83.0193 -16.0881 3.0000
v 82.9443 -16.1631 0.0000
v 82.9443 -16.0131 0.0000
v 82.7943 -16.0131 0.0000
v 82.7943 -16.1631 0.0000
v 82.9443 -16.1631 3.0000
v 82.9443 -16.0131 3.0000
v 82.7943 -16.0131 3.0000
v 82.7943 -16.1631 3.0000
v 82.7193 -16.0881 0.0000
v 82.8693 -16.0881 0.0000
v 82.8693 -13.4056 0.0000
v 82.7193 -13.4056 0.0000
v 82.7193 -16.0881 3.0000
v 82.8693 -16.0881 3.0000
v 82.8693 -13.4056 3.0000
v 82.7193 -13.4056 3.0000
v 82.7943 -13.4806 0.0000
v 82.7943 -13.3306 0.0000
v 81.7993 -13.3306 0.0000
v 81.7993 -13.4806 0.0000
v 82.7943 -13.4806 3.0000
v 82.7943 -13.3306 3.0000
v 81.7993 -13.3306 3.0000
v 81.7993 -13.4806 3.0000
v 81.7243 -13.4056 0.0000
v 81.8743 -13.4056 0.0000
v 81.8743 -13.2556 0.0000
v 81.7243 -13.2556 0.0000
v 81.7243 -13.4056 3.0000
v 81.8743 -13.4056 3.0000
v 81.8743 -13.2556 3.0000
v 81.7243 -13.2556 3.0000
v 81.7993 -13.1806 0.0000
v 81.7993 -13.3306 0.0000
v 81.9493 -13.3306 0.0000
v 81.9493 -13.1806 0.0000
v 81.7993 -13.1806 3.0000
v 81.7993 -13.3306 3.0000
v 81.9493 -13.3306 3.0000
v 81.9493 -13.1806 3.0000
v 81.9493 -13.1806 0.0000
v 81.9493 -13.3306 0.0000
v 82.9443 -13.3306 0.0000
v 82.9443 -13.1806 0.0000
v 81.9493 -13.1806 3.0000
v 81.9493 -13.3306 3.0000
v 82.9443 -13.3306 3.0000
v 82.9443 -13.1806 3.0000
v 83.0193 -13.2556 0.0000
v 82.8693 -13.2556 0.0000
v 82.8693 -13.4056 0.0000
v 83.0193 -13.4056 0.0000
v 83.0193 -13.2556 3.0000
v 82.8693 -13.2556 3.0000
v 82.8693 -13.4056 3.0000
v 83.0193 -13.4056 3.0000
v 57.4834 -23.2440 0.0000
v 57.4834 -23.0940 0.0000
v 56.9834 -23.0940 0.0000
v 56.9834 -23.2440 0.0000
v 57.4834 -23.2440 3.0000
v 57.4834 -23.0940 3.0000
v 56.9834 -23.0940 3.0000
v 56.9834 -23.2440 3.0000
v 57.3334 -23.3940 0.0000
v 57.3334 -23.2440 0.0000
v 57.1334 -23.2440 0.0000
v 57.1334 -23.3940 0.0000
v 57.3334 -23.3940 3.0000
v 57.3334 -23.2440 3.0000
v 57.1334 -23.2440 3.0000
v 57.1334 -23.3940 3.0000
v 49.9698 -21.5931 0.0000
v 49.9698 -21.7431 0.0000
v 50.2520 -21.7431 0.0000
v 50.2520 -21.5931 0.0000
v 49.9698 -21.5931 3.0000
v 49.9698 -21.7431 3.0000
v 50.2520 -21.7431 3.0000
v 50.2520 -21.5931 3.0000
v 49.9698 -21.0931 0.0000
v 49.9698 -21.2431 0.0000
v 50.2520 -21.2431 0.0000
v 50.2520 -21.0931 0.0000
v 49.9698 -21.0931 3.0000
v 49.9698 -21.2431 3.0000
v 50.2520 -21.2431 3.0000
v 50.2520 -21.0931 3.0000
v 50.1770 -21.6681 0.0000
v 50.3270 -21.6681 0.0000
v 50.3270 -21.1681 0.0000
v 50.1770 -21.1681 0.0000
v 50.1770 -21.6681 3.0000
v 50.3270 -21.6681 3.0000
v 50.3270 -21.1681 3.0000
v 50.1770 -21.1681 3.0000
v 57.0584 -23.1690 0.0000
v 56.9084 -23.1690 0.0000
v 56.9084 -25.3181 0.0000
v 57.0584 -25.3181 0.0000
v 57.0584 -23.1690 3.0000
v 56.9084 -23.1690 3.0000
v 56.9084 -25.3181 3.0000
v 57.0584 -25.3181 3.0000
v 57.2084 -23.3190 0.0000
v 57.0584 -23.3190 0.0000
v 57.0584 -25.1681 0.0000
v 57.2084 -25.1681 0.0000
v 57.2084 -23.3190 3.0000
v 57.0584 -23.3190 3.0000
v 57.0584 -25.1681 3.0000
v 57.2084 -25.1681 3.0000
v 57.3334 -25.2431 0.0000
v 57.3334 -25.0931 0.0000
v 57.1334 -25.0931 0.0000
v 57.1334 -25.2431 0.0000
v 57.3334 -25.2431 3.0000
v 57.3334 -25.0931 3.0000
v 57.1334 -25.0931 3.0000
v 57.1334 -25.2431 3.0000
v 57.3334 -25.3931 0.0000
v 57.3334 -25.2431 0.0000
v 56.9834 -25.2431 0.0000
v 56.9834 -25.3931 0.0000
v 57.3334 -25.3931 3.0000
v 57.3334 -25.2431 3.0000
v 56.9834 -25.2431 3.0000
v 56.9834 -25.3931 3.0000
v 57.4080 -23.3271 0.0000
v 57.2589 -23.3109 0.0000
v 57.0589 -25.1600 0.0000
v 57.2080 -25.1762 0.0000
v 57.4080 -23.3271 3.0000
v 57.2589 -23.3109 3.0000
v 57.0589 -25.1600 3.0000
v 57.2080 -25.1762 3.0000
v 57.2589 -25.1762 0.0000
v 57.4080 -25.1600 0.0000
v 57.2080 -23.3109 0.0000
v 57.0589 -23.3271 0.0000
v 57.2589 -25.1762 3.0000
v 57.4080 -25.1600 3.0000
v 57.2080 -23.3109 3.0000
v 57.0589 -23.3271 3.0000
v 58.0334 14.4669 0.0000
v 58.0334 14.3169 0.0000
v 60.0834 14.3169 0.0000
v 60.0834 14.4669 0.0000
v 58.0334 14.4669 3.0000
v 58.0334 14.3169 3.0000
v 60.0834 14.3169 3.0000
v 60.0834 14.4669 3.0000
v 57.5584 16.8219 0.0000
v 57.4084 16.8219 0.0000
v 57.4084 14.3919 0.0000
v 57.5584 14.3919 0.0000
v 57.5584 16.8219 3.0000
v 57.4084 16.8219 3.0000
v 57.4084 14.3919 3.0000
v 57.5584 14.3919 3.0000
v 58.8584 19.8219 0.0000
v 58.7084 19.8219 0.0000
v 58.7084 16.8219 0.0000
v 58.8584 16.8219 0.0000
v 58.8584 19.8219 3.0000
v 58.7084 19.8219 3.0000
v 58.7084 16.8219 3.0000
v 58.8584 16.8219 3.0000
v 60.1584 21.0719 0.0000
v 60.0084 21.0719 0.0000
v 60.0084 16.8219 0.0000
v 60.1584 16.8219 0.0000
v 60.1584 21.0719 3.0000
v 60.0084 21.0719 3.0000
v 60.0084 16.8219 3.0000
v 60.1584 16.8219 3.0000
v 60.1584 16.8219 0.0000
v 60.0084 16.8219 0.0000
v 60.0084 14.3919 0.0000
v 60.1584 14.3919 0.0000
v 60.1584 16.8219 3.0000
v 60.0084 16.8219 3.0000
v 60.0084 14.3919 3.0000
v 60.1584 14.3919 3.0000
v 57.4834 16.8969 0.0000
v 57.4834 16.7469 0.0000
v 60.0834 16.7469 0.0000
v 60.0834 16.8969 0.0000
v 57.4834 16.8969 3.0000
v 57.4834 16.7469 3.0000
v 60.0834 16.7469 3.0000
v 60.0834 16.8969 3.0000
v 57.4834 17.1469 0.0000
v 57.4834 16.9969 0.0000
v 60.0834 16.9969 0.0000
v 60.0834 17.1469 0.0000
v 57.4834 17.1469 3.0000
v 57.4834 16.9969 3.0000
v 60.0834 16.9969 3.0000
v 60.0834 17.1469 3.0000
v 57.4834 17.3969 0.0000
v 57.4834 17.2469 0.0000
v 60.0834 17.2469 0.0000
v 60.0834 17.3969 0.0000
v 57.4834 17.3969 3.0000
v 57.4834 17.2469 3.0000
v 60.0834 17.2469 3.0000
v 60.0834 17.3969 3.0000
v 57.4834 17.6469 0.0000
v 57.4834 17.4969 0.0000
v 60.0834 17.4969 0.0000
v 60.0834 17.6469 0.0000
v 57.4834 17.6469 3.0000
v 57.4834 17.4969 3.0000
v 60.0834 17.4969 3.0000
v 60.0834 17.6469 3.0000
v 57.4834 17.8969 0.0000
v 57.4834 17.7469 0.0000
v 60.0834 17.7469 0.0000
v 60.0834 17.8969 0.0000
v 57.4834 17.8969 3.0000
v 57.4834 17.7469 3.0000
v 60.0834 17.7469 3.0000
v 60.0834 17.8969 3.0000
v 57.4834 18.1469 0.0000
v 57.4834 17.9969 0.0000
v 60.0834 17.9969 0.0000
v 60.0834 18.1469 0.0000
v 57.4834 18.1469 3.0000
v 57.4834 17.9969 3.0000
v 60.0834 17.9969 3.0000
v 60.0834 18.1469 3.0000
v 57.4834 18.3969 0.0000
v 57.4834 18.2469 0.0000
v 60.0834 18.2469 0.0000
v 60.0834 18.3969 0.0000
v 57.4834 18.3969 3.0000
v 57.4834 18.2469 3.0000
v 60.0834 18.2469 3.0000
v 60.0834 18.3969 3.0000
v 57.4834 18.6469 0.0000
v 57.4834 18.4969 0.0000
v 60.0834 18.4969 0.0000
v 60.0834 18.6469 0.0000
v 57.4834 18.6469 3.0000
v 57.4834 18.4969 3.0000
v 60.0834 18.4969 3.0000
v 60.0834 18.6469 3.0000
v 57.4834 18.8969 0.0000
v 57.4834 18.7469 0.0000
v 60.0834 18.7469 0.0000
v 60.0834 18.8969 0.0000
v 57.4834 18.8969 3.0000
v 57.4834 18.7469 3.0000
v 60.0834 18.7469 3.0000
v 60.0834 18.8969 3.0000
v 57.4834 19.1469 0.0000
v 57.4834 18.9969 0.0000
v 60.0834 18.9969 0.0000
v 60.0834 19.1469 0.0000
v 57.4834 19.1469 3.0000
v 57.4834 18.9969 3.0000
v 60.0834 18.9969 3.0000
v 60.0834 19.1469 3.0000
v 57.4834 19.3969 0.0000
v 57.4834 19.2469 0.0000
v 60.0834 19.2469 0.0000
v 60.0834 19.3969 0.0000
v 57.4834 19.3969 3.0000
v 57.4834 19.2469 3.0000
v 60.0834 19.2469 3.0000
v 60.0834 19.3969 3.0000
v 57.4834 19.6469 0.0000
v 57.4834 19.4969 0.0000
v 60.0834 19.4969 0.0000
v 60.0834 19.6469 0.0000
v 57.4834 19.6469 3.0000
v 57.4834 19.4969 3.0000
v 60.0834 19.4969 3.0000
v 60.0834 19.6469 3.0000
v 57.4834 19.8969 0.0000
v 57.4834 19.7469 0.0000
v 60.0834 19.7469 0.0000
v 60.0834 19.8969 0.0000
v 57.4834 19.8969 3.0000
v 57.4834 19.7469 3.0000
v 60.0834 19.7469 3.0000
v 60.0834 19.8969 3.0000
v 57.4834 21.1469 0.0000
v 57.4834 20.9969 0.0000
v 60.0834 20.9969 0.0000
v 60.0834 21.1469 0.0000
v 57.4834 21.1469 3.0000
v 57.4834 20.9969 3.0000
v 60.0834 20.9969 3.0000
v 60.0834 21.1469 3.0000
v 60.0084 16.8219 0.0000
v 60.1584 16.8219 0.0000
v 60.1584 21.0719 0.0000
v 60.0084 21.0719 0.0000
v 60.0084 16.8219 3.0000
v 60.1584 16.8219 3.0000
v 60.1584 21.0719 3.0000
v 60.0084 21.0719 3.0000
v 60.0834 20.9969 0.0000
v 60.0834 21.1469 0.0000
v 57.4834 21.1469 0.0000
v 57.4834 20.9969 0.0000
v 60.0834 20.9969 3.0000
v 60.0834 21.1469 3.0000
v 57.4834 21.1469 3.0000
v 57.4834 20.9969 3.0000
v 57.5584 21.0719 0.0000
v 57.4084 21.0719 0.0000
v 57.4084 16.8219 0.0000
v 57.5584 16.8219 0.0000
v 57.5584 21.0719 3.0000
v 57.4084 21.0719 3.0000
v 57.4084 16.8219 3.0000
v 57.5584 16.8219 3.0000
v 59.9584 16.8219 0.0000
v 60.1084 16.8219 0.0000
v 60.1084 21.0219 0.0000
v 59.9584 21.0219 0.0000
v 59.9584 16.8219 3.0000
v 60.1084 16.8219 3.0000
v 60.1084 21.0219 3.0000
v 59.9584 21.0219 3.0000
v 60.0334 20.9469 0.0000
v 60.0334 21.0969 0.0000
v 57.5334 21.0969 0.0000
v 57.5334 20.9469 0.0000
v 60.0334 20.9469 3.0000
v 60.0334 21.0969 3.0000
v 57.5334 21.0969 3.0000
v 57.5334 20.9469 3.0000
v 57.6084 21.0219 0.0000
v 57.4584 21.0219 0.0000
v 57.4584 16.8219 0.0000
v 57.6084 16.8219 0.0000
v 57.6084 21.0219 3.0000
v 57.4584 21.0219 3.0000
v 57.4584 16.8219 3.0000
v 57.6084 16.8219 3.0000
v 58.7334 19.9469 0.0000
v 58.7334 19.7969 0.0000
v 58.8334 19.7969 0.0000
v 58.8334 19.9469 0.0000
v 58.7334 19.9469 3.0000
v 58.7334 19.7969 3.0000
v 58.8334 19.7969 3.0000
v 58.8334 19.9469 3.0000
v 58.9084 19.8719 0.0000
v 58.7584 19.8719 0.0000
v 58.7584 16.7719 0.0000
v 58.9084 16.7719 0.0000
v 58.9084 19.8719 3.0000
v 58.7584 19.8719 3.0000
v 58.7584 16.7719 3.0000
v 58.9084 16.7719 3.0000
v 58.8334 16.6969 0.0000
v 58.8334 16.8469 0.0000
v 58.7334 16.8469 0.0000
v 58.7334 16.6969 0.0000
v 58.8334 16.6969 3.0000
v 58.8334 16.8469 3.0000
v 58.7334 16.8469 3.0000
v 58.7334 16.6969 3.0000
v 58.6584 16.7719 0.0000
v 58.8084 16.7719 0.0000
v 58.8084 19.8719 0.0000
v 58.6584 19.8719 0.0000
v 58.6584 16.7719 3.0000
v 58.8084 16.7719 3.0000
v 58.8084 19.8719 3.0000
v 58.6584 19.8719 3.0000
v 74.3807 14.3169 0.0000
v 74.3807 14.4669 0.0000
v 72.3307 14.4669 0.0000
v 72.3307 14.3169 0.0000
v 74.3807 14.3169 3.0000
v 74.3807 14.4669 3.0000
v 72.3307 14.4669 3.0000
v 72.3307 14.3169 3.0000
v 75.0057 16.8219 0.0000
v 74.8557 16.8219 0.0000
v 74.8557 14.3919 0.0000
v 75.0057 14.3919 0.0000
v 75.0057 16.8219 3.0000
v 74.8557 16.8219 3.0000
v 74.8557 14.3919 3.0000
v 75.0057 14.3919 3.0000
v 73.7057 19.8219 0.0000
v 73.5557 19.8219 0.0000
v 73.5557 16.8219 0.0000
v 73.7057 16.8219 0.0000
v 73.7057 19.8219 3.0000
v 73.5557 19.8219 3.0000
v 73.5557 16.8219 3.0000
v 73.7057 16.8219 3.0000
v 72.4057 21.0719 0.0000
v 72.2557 21.0719 0.0000
v 72.2557 16.8219 0.0000
v 72.4057 16.8219 0.0000
v 72.4057 21.0719 3.0000
v 72.2557 21.0719 3.0000
v 72.2557 16.8219 3.0000
v 72.4057 16.8219 3.0000
v 72.4057 16.8219 0.0000
v 72.2557 16.8219 0.0000
v 72.2557 14.3919 0.0000
v 72.4057 14.3919 0.0000
v 72.4057 16.8219 3.0000
v 72.2557 16.8219 3.0000
v 72.2557 14.3919 3.0000
v 72.4057 14.3919 3.0000
v 74.9307 16.7469 0.0000
v 74.9307 16.8969 0.0000
v 72.3307 16.8969 0.0000
v 72.3307 16.7469 0.0000
v 74.9307 16.7469 3.0000
v 74.9307 16.8969 3.0000
v 72.3307 16.8969 3.0000
v 72.3307 16.7469 3.0000
v 74.9307 16.9969 0.0000
v 74.9307 17.1469 0.0000
v 72.3307 17.1469 0.0000
v 72.3307 16.9969 0.0000
v 74.9307 16.9969 3.0000
v 74.9307 17.1469 3.0000
v 72.3307 17.1469 3.0000
v 72.3307 16.9969 3.0000
v 74.9307 17.2469 0.0000
v 74.9307 17.3969 0.0000
v 72.3307 17.3969 0.0000
v 72.3307 17.2469 0.0000
v 74.9307 17.2469 3.0000
v 74.9307 17.3969 3.0000
v 72.3307 17.3969 3.0000
v 72.3307 17.2469 3.0000
v 74.9307 17.4969 0.0000
v 74.9307 17.6469 0.0000
v 72.3307 17.6469 0.0000
v 72.3307 17.4969 0.0000
v 74.9307 17.4969 3.0000
v 74.9307 17.6469 3.0000
v 72.3307 17.6469 3.0000
v 72.3307 17.4969 3.0000
v 74.9307 17.7469 0.0000
v 74.9307 17.8969 0.0000
v 72.3307 17.8969 0.0000
v 72.3307 17.7469 0.0000
v 74.9307 17.7469 3.0000
v 74.9307 17.8969 3.0000
v 72.3307 17.8969 3.0000
v 72.3307 17.7469 3.0000
v 74.9307 17.9969 0.0000
v 74.9307 18.1469 0.0000
v 72.3307 18.1469 0.0000
v 72.3307 17.9969 0.0000
v 74.9307 17.9969 3.0000
v 74.9307 18.1469 3.0000
v 72.3307 18.1469 3.0000
v 72.3307 17.9969 3.0000
v 74.9307 18.2469 0.0000
v 74.9307 18.3969 0.0000
v 72.3307 18.3969 0.0000
v 72.3307 18.2469 0.0000
v 74.9307 18.2469 3.0000
v 74.9307 18.3969 3.0000
v 72.3307 18.3969 3.0000
v 72.3307 18.2469 3.0000
v 74.9307 18.4969 0.0000
v 74.9307 18.6469 0.0000
v 72.3307 18.6469 0.0000
v 72.3307 18.4969 0.0000
v 74.9307 18.4969 3.0000
v 74.9307 18.6469 3.0000
v 72.3307 18.6469 3.0000
v 72.3307 18.4969 3.0000
v 74.9307 18.7469 0.0000
v 74.9307 18.8969 0.0000
v 72.3307 18.8969 0.0000
v 72.3307 18.7469 0.0000
v 74.9307 18.7469 3.0000
v 74.9307 18.8969 3.0000
v 72.3307 18.8969 3.0000
v 72.3307 18.7469 3.0000
v 74.9307 18.9969 0.0000
v 74.9307 19.1469 0.0000
v 72.3307 19.1469 0.0000
v 72.3307 18.9969 0.0000
v 74.9307 18.9969 3.0000
v 74.9307 19.1469 3.0000
v 72.3307 19.1469 3.0000
v 72.3307 18.9969 3.0000
v 74.9307 19.2469 0.0000
v 74.9307 19.3969 0.0000
v 72.3307 19.3969 0.0000
v 72.3307 19.2469 0.0000
v 74.9307 19.2469 3.0000
v 74.9307 19.3969 3.0000
v 72.3307 19.3969 3.0000
v 72.3307 19.2469 3.0000
v 74.9307 19.4969 0.0000
v 74.9307 19.6469 0.0000
v 72.3307 19.6469 0.0000
v 72.3307 19.4969 0.0000
v 74.9307 19.4969 3.0000
v 74.9307 19.6469 3.0000
v 72.3307 19.6469 3.0000
v 72.3307 19.4969 3.0000
v 74.9307 19.7469 0.0000
v 74.9307 19.8969 0.0000
v 72.3307 19.8969 0.0000
v 72.3307 19.7469 0.0000
v 74.9307 19.7469 3.0000
v 74.9307 19.8969 3.0000
v 72.3307 19.8969 3.0000
v 72.3307 19.7469 3.0000
v 74.9307 20.9969 0.0000
v 74.9307 21.1469 0.0000
v 72.3307 21.1469 0.0000
v 72.3307 20.9969 0.0000
v 74.9307 20.9969 3.0000
v 74.9307 21.1469 3.0000
v 72.3307 21.1469 3.0000
v 72.3307 20.9969 3.0000
v -97.6568 16.8219 0.0000
v -97.5068 16.8219 0.0000
v -97.5068 21.0719 0.0000
v -97.6568 21.0719 0.0000
v -97.6568 16.8219 3.0000
v -97.5068 16.8219 3.0000
v -97.5068 21.0719 3.0000
v -97.6568 21.0719 3.0000
v -97.5818 20.9969 0.0000
v -97.5818 21.1469 0.0000
v -100.1818 21.1469 0.0000
v -100.1818 20.9969 0.0000
v -97.5818 20.9969 3.0000
v -97.5818 21.1469 3.0000
v -100.1818 21.1469 3.0000
v -100.1818 20.9969 3.0000
v -100.1068 21.0719 0.0000
v -100.2568 21.0719 0.0000
v -100.2568 16.8219 0.0000
v -100.1068 16.8219 0.0000
v -100.1068 21.0719 3.0000
v -100.2568 21.0719 3.0000
v -100.2568 16.8219 3.0000
v -100.1068 16.8219 3.0000
v -97.7068 16.8219 0.0000
v -97.5568 16.8219 0.0000
v -97.5568 21.0219 0.0000
v -97.7068 21.0219 0.0000
v -97.7068 16.8219 3.0000
v -97.5568 16.8219 3.0000
v -97.5568 21.0219 3.0000
v -97.7068 21.0219 3.0000
v -97.6318 20.9469 0.0000
v -97.6318 21.0969 0.0000
v -100.1318 21.0969 0.0000
v -100.1318 20.9469 0.0000
v -97.6318 20.9469 3.0000
v -97.6318 21.0969 3.0000
v -100.1318 21.0969 3.0000
v -100.1318 20.9469 3.0000
v -100.0568 21.0219 0.0000
v -100.2068 21.0219 0.0000
v -100.2068 16.8219 0.0000
v -100.0568 16.8219 0.0000
v -100.0568 21.0219 3.0000
v -100.2068 21.0219 3.0000
v -100.2068 16.8219 3.0000
v -100.0568 16.8219 3.0000
v -98.9318 19.9469 0.0000
v -98.9318 19.7969 0.0000
v -98.8318 19.7969 0.0000
v -98.8318 19.9469 0.0000
v -98.9318 19.9469 3.0000
v -98.9318 19.7969 3.0000
v -98.8318 19.7969 3.0000
v -98.8318 19.9469 3.0000
v -98.7568 19.8719 0.0000
v -98.9068 19.8719 0.0000
v -98.9068 16.7719 0.0000
v -98.7568 16.7719 0.0000
v -98.7568 19.8719 3.0000
v -98.9068 19.8719 3.0000
v -98.9068 16.7719 3.0000
v -98.7568 16.7719 3.0000
v -98.8318 16.6969 0.0000
v -98.8318 16.8469 0.0000
v -98.9318 16.8469 0.0000
v -98.9318 16.6969 0.0000
v -98.8318 16.6969 3.0000
v -98.8318 16.8469 3.0000
v -98.9318 16.8469 3.0000
v -98.9318 16.6969 3.0000
v -99.0068 16.7719 0.0000
v -98.8568 16.7719 0.0000
v -98.8568 19.8719 0.0000
v -99.0068 19.8719 0.0000
v -99.0068 16.7719 3.0000
v -98.8568 16.7719 3.0000
v -98.8568 19.8719 3.0000
v -99.0068 19.8719 3.0000
v 74.9283 21.4969 0.0000
v 74.9283 21.6469 0.0000
v 71.4557 21.6469 0.0000
v 71.4557 21.4969 0.0000
v 74.9283 21.4969 3.0000
v 74.9283 21.6469 3.0000
v 71.4557 21.6469 3.0000
v 71.4557 21.4969 3.0000
v 71.5307 21.5719 0.0000
v 71.3807 21.5719 0.0000
v 71.3807 -31.8274 0.0000
v 71.5307 -31.8274 0.0000
v 71.5307 21.5719 3.0000
v 71.3807 21.5719 3.0000
v 71.3807 -31.8274 3.0000
v 71.5307 -31.8274 3.0000
v 71.4557 -31.7524 0.0000
v 71.4557 -31.9024 0.0000
v 74.9283 -31.9024 0.0000
v 74.9283 -31.7524 0.0000
v 71.4557 -31.7524 3.0000
v 71.4557 -31.9024 3.0000
v 74.9283 -31.9024 3.0000
v 74.9283 -31.7524 3.0000
v 57.4834 21.6469 0.0000
v 57.4834 21.4969 0.0000
v 60.9584 21.4969 0.0000
v 60.9584 21.6469 0.0000
v 57.4834 21.6469 3.0000
v 57.4834 21.4969 3.0000
v 60.9584 21.4969 3.0000
v 60.9584 21.6469 3.0000
v 61.0334 21.5719 0.0000
v 60.8834 21.5719 0.0000
v 60.8834 -31.8274 0.0000
v 61.0334 -31.8274 0.0000
v 61.0334 21.5719 3.0000
v 60.8834 21.5719 3.0000
v 60.8834 -31.8274 3.0000
v 61.0334 -31.8274 3.0000
v 60.9584 -31.9024 0.0000
v 60.9584 -31.7524 0.0000
v 57.5799 -31.7524 0.0000
v 57.5799 -31.9024 0.0000
v 60.9584 -31.9024 3.0000
v 60.9584 -31.7524 3.0000
v 57.5799 -31.7524 3.0000
v 57.5799 -31.9024 3.0000
v 100.9443 11.9919 0.0000
v 100.7943 11.9919 0.0000
v 100.7943 9.3119 0.0000
v 100.9443 9.3119 0.0000
v 100.9443 11.9919 3.0000
v 100.7943 11.9919 3.0000
v 100.7943 9.3119 3.0000
v 100.9443 9.3119 3.0000
v 100.8693 9.3869 0.0000
v 100.8693 9.2369 0.0000
v 101.0193 9.2369 0.0000
v 101.0193 9.3869 0.0000
v 100.8693 9.3869 3.0000
v 100.8693 9.2369 3.0000
v 101.0193 9.2369 3.0000
v 101.0193 9.3869 3.0000
v 100.9443 9.3119 0.0000
v 101.0943 9.3119 0.0000
v 101.0943 11.9919 0.0000
v 100.9443 11.9919 0.0000
v 100.9443 9.3119 3.0000
v 101.0943 9.3119 3.0000
v 101.0943 11.9919 3.0000
v 100.9443 11.9919 3.0000
v 101.0193 12.0669 0.0000
v 101.0193 11.9169 0.0000
v 102.0143 11.9169 0.0000
v 102.0143 12.0669 0.0000
v 101.0193 12.0669 3.0000
v 101.0193 11.9169 3.0000
v 102.0143 11.9169 3.0000
v 102.0143 12.0669 3.0000
v 101.9393 11.9919 0.0000
v 102.0893 11.9919 0.0000
v 102.0893 12.1419 0.0000
v 101.9393 12.1419 0.0000
v 101.9393 11.9919 3.0000
v 102.0893 11.9919 3.0000
v 102.0893 12.1419 3.0000
v 101.9393 12.1419 3.0000
v 102.0143 12.0669 0.0000
v 102.0143 12.2169 0.0000
v 101.8643 12.2169 0.0000
v 101.8643 12.0669 0.0000
v 102.0143 12.0669 3.0000
v 102.0143 12.2169 3.0000
v 101.8643 12.2169 3.0000
v 101.8643 12.0669 3.0000
v 101.8643 12.0669 0.0000
v 101.8643 12.2169 0.0000
v 100.8693 12.2169 0.0000
v 100.8693 12.0669 0.0000
v 101.8643 12.0669 3.0000
v 101.8643 12.2169 3.0000
v 100.8693 12.2169 3.0000
v 100.8693 12.0669 3.0000
v 100.9443 12.1419 0.0000
v 100.7943 12.1419 0.0000
v 100.7943 11.9919 0.0000
v 100.9443 11.9919 0.0000
v 100.9443 12.1419 3.0000
v 100.7943 12.1419 3.0000
v 100.7943 11.9919 3.0000
v 100.9443 11.9919 3.0000
v 101.0193 11.9169 0.0000
v 101.0193 12.0669 0.0000
v 100.8693 12.0669 0.0000
v 100.8693 11.9169 0.0000
v 101.0193 11.9169 3.0000
v 101.0193 12.0669 3.0000
v 100.8693 12.0669 3.0000
v 100.8693 11.9169 3.0000
v 82.8693 -24.3506 0.0000
v 83.0193 -24.3506 0.0000
v 83.0193 -21.6681 0.0000
v 82.8693 -21.6681 0.0000
v 82.8693 -24.3506 3.0000
v 83.0193 -24.3506 3.0000
v 83.0193 -21.6681 3.0000
v 82.8693 -21.6681 3.0000
v 82.9443 -21.7431 0.0000
v 82.9443 -21.5931 0.0000
v 82.7943 -21.5931 0.0000
v 82.7943 -21.7431 0.0000
v 82.9443 -21.7431 3.0000
v 82.9443 -21.5931 3.0000
v 82.7943 -21.5931 3.0000
v 82.7943 -21.7431 3.0000
v 82.8693 -21.6681 0.0000
v 82.7193 -21.6681 0.0000
v 82.7193 -24.3506 0.0000
v 82.8693 -24.3506 0.0000
v 82.8693 -21.6681 3.0000
v 82.7193 -21.6681 3.0000
v 82.7193 -24.3506 3.0000
v 82.8693 -24.3506 3.0000
v 82.7943 -24.4256 0.0000
v 82.7943 -24.2756 0.0000
v 81.7993 -24.2756 0.0000
v 81.7993 -24.4256 0.0000
v 82.7943 -24.4256 3.0000
v 82.7943 -24.2756 3.0000
v 81.7993 -24.2756 3.0000
v 81.7993 -24.4256 3.0000
v 81.8743 -24.3506 0.0000
v 81.7243 -24.3506 0.0000
v 81.7243 -24.5006 0.0000
v 81.8743 -24.5006 0.0000
v 81.8743 -24.3506 3.0000
v 81.7243 -24.3506 3.0000
v 81.7243 -24.5006 3.0000
v 81.8743 -24.5006 3.0000
v 81.7993 -24.4256 0.0000
v 81.7993 -24.5756 0.0000
v 81.9493 -24.5756 0.0000
v 81.9493 -24.4256 0.0000
v 81.7993 -24.4256 3.0000
v 81.7993 -24.5756 3.0000
v 81.9493 -24.5756 3.0000
v 81.9493 -24.4256 3.0000
v 81.9493 -24.4256 0.0000
v 81.9493 -24.5756 0.0000
v 82.9443 -24.5756 0.0000
v 82.9443 -24.4256 0.0000
v 81.9493 -24.4256 3.0000
v 81.9493 -24.5756 3.0000
v 82.9443 -24.5756 3.0000
v 82.9443 -24.4256 3.0000
v 82.8693 -24.5006 0.0000
v 83.0193 -24.5006 0.0000
v 83.0193 -24.3506 0.0000
v 82.8693 -24.3506 0.0000
v 82.8693 -24.5006 3.0000
v 83.0193 -24.5006 3.0000
v 83.0193 -24.3506 3.0000
v 82.8693 -24.3506 3.0000
v 31.0448 -1.2731 0.0000
v 31.0448 -1.4231 0.0000
v 31.1448 -1.4231 0.0000
v 31.1448 -1.2731 0.0000
v 31.0448 -1.2731 3.0000
v 31.0448 -1.4231 3.0000
v 31.1448 -1.4231 3.0000
v 31.1448 -1.2731 3.0000
v 31.2198 -1.3481 0.0000
v 31.0698 -1.3481 0.0000
v 31.0698 -5.6781 0.0000
v 31.2198 -5.6781 0.0000
v 31.2198 -1.3481 3.0000
v 31.0698 -1.3481 3.0000
v 31.0698 -5.6781 3.0000
v 31.2198 -5.6781 3.0000
v 31.2198 -5.6781 0.0000
v 31.0698 -5.6781 0.0000
v 31.0698 -5.8281 0.0000
v 31.2198 -5.8281 0.0000
v 31.2198 -5.6781 3.0000
v 31.0698 -5.6781 3.0000
v 31.0698 -5.8281 3.0000
v 31.2198 -5.8281 3.0000
v 31.2198 -5.8281 0.0000
v 31.0698 -5.8281 0.0000
v 31.0698 -5.9281 0.0000
v 31.2198 -5.9281 0.0000
v 31.2198 -5.8281 3.0000
v 31.0698 -5.8281 3.0000
v 31.0698 -5.9281 3.0000
v 31.2198 -5.9281 3.0000
v 31.1448 -6.0031 0.0000
v 31.1448 -5.8531 0.0000
v 31.0448 -5.8531 0.0000
v 31.0448 -6.0031 0.0000
v 31.1448 -6.0031 3.0000
v 31.1448 -5.8531 3.0000
v 31.0448 -5.8531 3.0000
v 31.0448 -6.0031 3.0000
v 30.9698 -5.9281 0.0000
v 31.1198 -5.9281 0.0000
v 31.1198 -1.3481 0.0000
v 30.9698 -1.3481 0.0000
v 30.9698 -5.9281 3.0000
v 31.1198 -5.9281 3.0000
v 31.1198 -1.3481 3.0000
v 30.9698 -1.3481 3.0000
v 31.0448 -21.5931 0.0000
v 31.0448 -21.7431 0.0000
v 31.1448 -21.7431 0.0000
v 31.1448 -21.5931 0.0000
v 31.0448 -21.5931 3.0000
v 31.0448 -21.7431 3.0000
v 31.1448 -21.7431 3.0000
v 31.1448 -21.5931 3.0000
v 31.2198 -21.6681 0.0000
v 31.0698 -21.6681 0.0000
v 31.0698 -25.9981 0.0000
v 31.2198 -25.9981 0.0000
v 31.2198 -21.6681 3.0000
v 31.0698 -21.6681 3.0000
v 31.0698 -25.9981 3.0000
v 31.2198 -25.9981 3.0000
v 31.2198 -25.9981 0.0000
v 31.0698 -25.9981 0.0000
v 31.0698 -26.1481 0.0000
v 31.2198 -26.1481 0.0000
v 31.2198 -25.9981 3.0000
v 31.0698 -25.9981 3.0000
v 31.0698 -26.1481 3.0000
v 31.2198 -26.1481 3.0000
v 31.2198 -26.1481 0.0000
v 31.0698 -26.1481 0.0000
v 31.0698 -26.2481 0.0000
v 31.2198 -26.2481 0.0000
v 31.2198 -26.1481 3.0000
v 31.0698 -26.1481 3.0000
v 31.0698 -26.2481 3.0000
v 31.2198 -26.2481 3.0000
v 31.1448 -26.3231 0.0000
v 31.1448 -26.1731 0.0000
v 31.0448 -26.1731 0.0000
v 31.0448 -26.3231 0.0000
v 31.1448 -26.3231 3.0000
v 31.1448 -26.1731 3.0000
v 31.0448 -26.1731 3.0000
v 31.0448 -26.3231 3.0000
v 30.9698 -26.2481 0.0000
v 31.1198 -26.2481 0.0000
v 31.1198 -21.6681 0.0000
v 30.9698 -21.6681 0.0000
v 30.9698 -26.2481 3.0000
v 31.1198 -26.2481 3.0000
v 31.1198 -21.6681 3.0000
v 30.9698 -21.6681 3.0000
v 57.5584 23.8809 0.0000
v 57.4084 23.8809 0.0000
v 57.4084 18.9762 0.0000
v 57.5584 18.9762 0.0000
v 57.5584 23.8809 3.0000
v 57.4084 23.8809 3.0000
v 57.4084 18.9762 3.0000
v 57.5584 18.9762 3.0000
v 56.2384 16.7464 0.0000
v 56.2384 16.8964 0.0000
v 49.9698 16.8964 0.0000
v 49.9698 16.7464 0.0000
v 56.2384 16.7464 3.0000
v 56.2384 16.8964 3.0000
v 49.9698 16.8964 3.0000
v 49.9698 16.7464 3.0000
v 49.8948 16.8214 0.0000
v 50.0448 16.8214 0.0000
v 50.0448 16.9714 0.0000
v 49.8948 16.9714 0.0000
v 49.8948 16.8214 3.0000
v 50.0448 16.8214 3.0000
v 50.0448 16.9714 3.0000
v 49.8948 16.9714 3.0000
v 49.9698 17.0464 0.0000
v 49.9698 16.8964 0.0000
v 56.9834 16.8964 0.0000
v 56.9834 17.0464 0.0000
v 49.9698 17.0464 3.0000
v 49.9698 16.8964 3.0000
v 56.9834 16.8964 3.0000
v 56.9834 17.0464 3.0000
v 57.0584 16.9714 0.0000
v 56.9084 16.9714 0.0000
v 56.9084 16.8214 0.0000
v 57.0584 16.8214 0.0000
v 57.0584 16.9714 3.0000
v 56.9084 16.9714 3.0000
v 56.9084 16.8214 3.0000
v 57.0584 16.8214 3.0000
v 56.9834 16.7464 0.0000
v 56.9834 16.8964 0.0000
v 56.4329 16.8964 0.0000
v 56.4329 16.7464 0.0000
v 56.9834 16.7464 3.0000
v 56.9834 16.8964 3.0000
v 56.4329 16.8964 3.0000
v 56.4329 16.7464 3.0000
v 56.4329 16.7464 0.0000
v 56.4329 16.8964 0.0000
v 56.2384 16.8964 0.0000
v 56.2384 16.7464 0.0000
v 56.4329 16.7464 3.0000
v 56.4329 16.8964 3.0000
v 56.2384 16.8964 3.0000
v 56.2384 16.7464 3.0000
v 47.4698 25.9102 0.0000
v 47.4698 25.7602 0.0000
v 49.3698 25.7602 0.0000
v 49.3698 25.9102 0.0000
v 47.4698 25.9102 3.0000
v 47.4698 25.7602 3.0000
v 49.3698 25.7602 3.0000
v 49.3698 25.9102 3.0000
v 49.2948 25.8352 0.0000
v 49.4448 25.8352 0.0000
v 49.4448 25.9852 0.0000
v 49.2948 25.9852 0.0000
v 49.2948 25.8352 3.0000
v 49.4448 25.8352 3.0000
v 49.4448 25.9852 3.0000
v 49.2948 25.9852 3.0000
v 49.3698 25.9102 0.0000
v 49.3698 26.0602 0.0000
v 47.4698 26.0602 0.0000
v 47.4698 25.9102 0.0000
v 49.3698 25.9102 3.0000
v 49.3698 26.0602 3.0000
v 47.4698 26.0602 3.0000
v 47.4698 25.9102 3.0000
v 47.5448 25.9852 0.0000
v 47.3948 25.9852 0.0000
v 47.3948 25.8352 0.0000
v 47.5448 25.8352 0.0000
v 47.5448 25.9852 3.0000
v 47.3948 25.9852 3.0000
v 47.3948 25.8352 3.0000
v 47.5448 25.8352 3.0000
v 50.0698 25.9102 0.0000
v 50.0698 25.7602 0.0000
v 56.4834 25.7602 0.0000
v 56.4834 25.9102 0.0000
v 50.0698 25.9102 3.0000
v 50.0698 25.7602 3.0000
v 56.4834 25.7602 3.0000
v 56.4834 25.9102 3.0000
v 56.4084 25.8352 0.0000
v 56.5584 25.8352 0.0000
v 56.5584 25.9852 0.0000
v 56.4084 25.9852 0.0000
v 56.4084 25.8352 3.0000
v 56.5584 25.8352 3.0000
v 56.5584 25.9852 3.0000
v 56.4084 25.9852 3.0000
v 56.4834 25.9102 0.0000
v 56.4834 26.0602 0.0000
v 50.0698 26.0602 0.0000
v 50.0698 25.9102 0.0000
v 56.4834 25.9102 3.0000
v 56.4834 26.0602 3.0000
v 50.0698 26.0602 3.0000
v 50.0698 25.9102 3.0000
v 50.1448 25.9852 0.0000
v 49.9948 25.9852 0.0000
v 49.9948 25.8352 0.0000
v 50.1448 25.8352 0.0000
v 50.1448 25.9852 3.0000
v 49.9948 25.9852 3.0000
v 49.9948 25.8352 3.0000
v 50.1448 25.8352 3.0000
v 57.5584 24.5681 0.0000
v 57.4084 24.5681 0.0000
v 57.4084 23.8809 0.0000
v 57.5584 23.8809 0.0000
v 57.5584 24.5681 3.0000
v 57.4084 24.5681 3.0000
v 57.4084 23.8809 3.0000
v 57.5584 23.8809 3.0000
v 57.4084 23.8809 0.0000
v 57.5584 23.8809 0.0000
v 57.5584 24.5681 0.0000
v 57.4084 24.5681 0.0000
v 57.4084 23.8809 3.0000
v 57.5584 23.8809 3.0000
v 57.5584 24.5681 3.0000
v 57.4084 24.5681 3.0000
v 57.4834 24.6431 0.0000
v 57.4834 24.4931 0.0000
v 58.3334 24.4931 0.0000
v 58.3334 24.6431 0.0000
v 57.4834 24.6431 3.0000
v 57.4834 24.4931 3.0000
v 58.3334 24.4931 3.0000
v 58.3334 24.6431 3.0000
v 58.2584 24.5681 0.0000
v 58.4084 24.5681 0.0000
v 58.4084 25.9852 0.0000
v 58.2584 25.9852 0.0000
v 58.2584 24.5681 3.0000
v 58.4084 24.5681 3.0000
v 58.4084 25.9852 3.0000
v 58.2584 25.9852 3.0000
v 58.3334 25.9102 0.0000
v 58.3334 26.0602 0.0000
v 57.4834 26.0602 0.0000
v 57.4834 25.9102 0.0000
v 58.3334 25.9102 3.0000
v 58.3334 26.0602 3.0000
v 57.4834 26.0602 3.0000
v 57.4834 25.9102 3.0000
v 57.5584 25.9852 0.0000
v 57.4084 25.9852 0.0000
v 57.4084 25.8352 0.0000
v 57.5584 25.8352 0.0000
v 57.5584 25.9852 3.0000
v 57.4084 25.9852 3.0000
v 57.4084 25.8352 3.0000
v 57.5584 25.8352 3.0000
v 57.4834 25.9102 0.0000
v 57.4834 25.7602 0.0000
v 58.1834 25.7602 0.0000
v 58.1834 25.9102 0.0000
v 57.4834 25.9102 3.0000
v 57.4834 25.7602 3.0000
v 58.1834 25.7602 3.0000
v 58.1834 25.9102 3.0000
v 58.2584 25.8352 0.0000
v 58.1084 25.8352 0.0000
v 58.1084 24.7175 0.0000
v 58.2584 24.7175 0.0000
v 58.2584 25.8352 3.0000
v 58.1084 25.8352 3.0000
v 58.1084 24.7175 3.0000
v 58.2584 24.7175 3.0000
v 58.1834 24.6425 0.0000
v 58.1835 24.7925 0.0000
v 57.4835 24.7931 0.0000
v 57.4834 24.6431 0.0000
v 58.1834 24.6425 3.0000
v 58.1835 24.7925 3.0000
v 57.4835 24.7931 3.0000
v 57.4834 24.6431 3.0000
v 57.4084 24.7181 0.0000
v 57.5584 24.7181 0.0000
v 57.5584 25.4852 0.0000
v 57.4084 25.4852 0.0000
v 57.4084 24.7181 3.0000
v 57.5584 24.7181 3.0000
v 57.5584 25.4852 3.0000
v 57.4084 25.4852 3.0000
v 57.4834 25.4102 0.0000
v 57.4834 25.5602 0.0000
v 57.3334 25.5602 0.0000
v 57.3334 25.4102 0.0000
v 57.4834 25.4102 3.0000
v 57.4834 25.5602 3.0000
v 57.3334 25.5602 3.0000
v 57.3334 25.4102 3.0000
v 57.4084 25.4852 0.0000
v 57.2584 25.4852 0.0000
v 57.2584 23.8809 0.0000
v 57.4084 23.8809 0.0000
v 57.4084 25.4852 3.0000
v 57.2584 25.4852 3.0000
v 57.2584 23.8809 3.0000
v 57.4084 23.8809 3.0000
v 57.2584 23.8809 0.0000
v 57.4084 23.8809 0.0000
v 57.4084 25.4852 0.0000
v 57.2584 25.4852 0.0000
v 57.2584 23.8809 3.0000
v 57.4084 23.8809 3.0000
v 57.4084 25.4852 3.0000
v 57.2584 25.4852 3.0000
v 57.3334 25.5602 0.0000
v 57.3334 25.4102 0.0000
v 57.4834 25.4102 0.0000
v 57.4834 25.5602 0.0000
v 57.3334 25.5602 3.0000
v 57.3334 25.4102 3.0000
v 57.4834 25.4102 3.0000
v 57.4834 25.5602 3.0000
v 57.5584 25.4852 0.0000
v 57.4084 25.4852 0.0000
v 57.4084 24.7181 0.0000
v 57.5584 24.7181 0.0000
v 57.5584 25.4852 3.0000
v 57.4084 25.4852 3.0000
v 57.4084 24.7181 3.0000
v 57.5584 24.7181 3.0000
v 57.4084 18.8262 0.0000
v 57.2584 18.8262 0.0000
v 57.2584 17.3219 0.0000
v 57.4084 17.3219 0.0000
v 57.4084 18.8262 3.0000
v 57.2584 18.8262 3.0000
v 57.2584 17.3219 3.0000
v 57.4084 17.3219 3.0000
v 57.3334 17.3969 0.0000
v 57.3334 17.2469 0.0000
v 57.4834 17.2469 0.0000
v 57.4834 17.3969 0.0000
v 57.3334 17.3969 3.0000
v 57.3334 17.2469 3.0000
v 57.4834 17.2469 3.0000
v 57.4834 17.3969 3.0000
v 57.4084 17.3219 0.0000
v 57.5584 17.3219 0.0000
v 57.5584 18.8262 0.0000
v 57.4084 18.8262 0.0000
v 57.4084 17.3219 3.0000
v 57.5584 17.3219 3.0000
v 57.5584 18.8262 3.0000
v 57.4084 18.8262 3.0000
v 57.4084 18.8262 0.0000
v 57.5584 18.8262 0.0000
v 57.5584 18.9762 0.0000
v 57.4084 18.9762 0.0000
v 57.4084 18.8262 3.0000
v 57.5584 18.8262 3.0000
v 57.5584 18.9762 3.0000
v 57.4084 18.9762 3.0000
v 49.3948 17.3219 0.0000
v 49.5448 17.3219 0.0000
v 49.5448 17.6319 0.0000
v 49.3948 17.6319 0.0000
v 49.3948 17.3219 3.0000
v 49.5448 17.3219 3.0000
v 49.5448 17.6319 3.0000
v 49.3948 17.6319 3.0000
v 49.4698 17.5569 0.0000
v 49.4698 17.7069 0.0000
v 48.8698 17.7069 0.0000
v 48.8698 17.5569 0.0000
v 49.4698 17.5569 3.0000
v 49.4698 17.7069 3.0000
v 48.8698 17.7069 3.0000
v 48.8698 17.5569 3.0000
v 48.7948 17.6319 0.0000
v 48.9448 17.6319 0.0000
v 48.9448 17.7819 0.0000
v 48.7948 17.7819 0.0000
v 48.7948 17.6319 3.0000
v 48.9448 17.6319 3.0000
v 48.9448 17.7819 3.0000
v 48.7948 17.7819 3.0000
v 48.8698 17.8569 0.0000
v 48.8698 17.7069 0.0000
v 49.4698 17.7069 0.0000
v 49.4698 17.8569 0.0000
v 48.8698 17.8569 3.0000
v 48.8698 17.7069 3.0000
v 49.4698 17.7069 3.0000
v 49.4698 17.8569 3.0000
v 49.4698 17.8569 0.0000
v 49.4698 17.7069 0.0000
v 49.6198 17.7069 0.0000
v 49.6198 17.8569 0.0000
v 49.4698 17.8569 3.0000
v 49.4698 17.7069 3.0000
v 49.6198 17.7069 3.0000
v 49.6198 17.8569 3.0000
v 49.6948 17.7819 0.0000
v 49.5448 17.7819 0.0000
v 49.5448 17.3219 0.0000
v 49.6948 17.3219 0.0000
v 49.6948 17.7819 3.0000
v 49.5448 17.7819 3.0000
v 49.5448 17.3219 3.0000
v 49.6948 17.3219 3.0000
v 49.6198 17.2469 0.0000
v 49.6198 17.3969 0.0000
v 49.4698 17.3969 0.0000
v 49.4698 17.2469 0.0000
v 49.6198 17.2469 3.0000
v 49.6198 17.3969 3.0000
v 49.4698 17.3969 3.0000
v 49.4698 17.2469 3.0000
v 46.6948 17.6319 0.0000
v 46.5448 17.6319 0.0000
v 46.5448 17.3219 0.0000
v 46.6948 17.3219 0.0000
v 46.6948 17.6319 3.0000
v 46.5448 17.6319 3.0000
v 46.5448 17.3219 3.0000
v 46.6948 17.3219 3.0000
v 46.6198 17.2469 0.0000
v 46.6198 17.3969 0.0000
v 46.4698 17.3969 0.0000
v 46.4698 17.2469 0.0000
v 46.6198 17.2469 3.0000
v 46.6198 17.3969 3.0000
v 46.4698 17.3969 3.0000
v 46.4698 17.2469 3.0000
v 46.3948 17.3219 0.0000
v 46.5448 17.3219 0.0000
v 46.5448 25.4852 0.0000
v 46.3948 25.4852 0.0000
v 46.3948 17.3219 3.0000
v 46.5448 17.3219 3.0000
v 46.5448 25.4852 3.0000
v 46.3948 25.4852 3.0000
v 46.4698 25.5602 0.0000
v 46.4698 25.4102 0.0000
v 46.6198 25.4102 0.0000
v 46.6198 25.5602 0.0000
v 46.4698 25.5602 3.0000
v 46.4698 25.4102 3.0000
v 46.6198 25.4102 3.0000
v 46.6198 25.5602 3.0000
v 46.6948 25.4852 0.0000
v 46.5448 25.4852 0.0000
v 46.5448 17.7819 0.0000
v 46.6948 17.7819 0.0000
v 46.6948 25.4852 3.0000
v 46.5448 25.4852 3.0000
v 46.5448 17.7819 3.0000
v 46.6948 17.7819 3.0000
v 46.6198 17.8569 0.0000
v 46.6198 17.7069 0.0000
v 46.9496 17.7069 0.0000
v 46.9496 17.8569 0.0000
v 46.6198 17.8569 3.0000
v 46.6198 17.7069 3.0000
v 46.9496 17.7069 3.0000
v 46.9496 17.8569 3.0000
v 47.0246 17.7819 0.0000
v 46.8746 17.7819 0.0000
v 46.8746 17.6319 0.0000
v 47.0246 17.6319 0.0000
v 47.0246 17.7819 3.0000
v 46.8746 17.7819 3.0000
v 46.8746 17.6319 3.0000
v 47.0246 17.6319 3.0000
v 46.9496 17.5569 0.0000
v 46.9496 17.7069 0.0000
v 46.6198 17.7069 0.0000
v 46.6198 17.5569 0.0000
v 46.9496 17.5569 3.0000
v 46.9496 17.7069 3.0000
v 46.6198 17.7069 3.0000
v 46.6198 17.5569 3.0000
v 46.5448 19.5812 0.0000
v 46.3948 19.5812 0.0000
v 46.3948 19.4312 0.0000
v 46.5448 19.4312 0.0000
v 46.5448 19.5812 3.0000
v 46.3948 19.5812 3.0000
v 46.3948 19.4312 3.0000
v 46.5448 19.4312 3.0000
v 57.3334 24.6431 0.0000
v 57.3334 24.4931 0.0000
v 57.4834 24.4931 0.0000
v 57.4834 24.6431 0.0000
v 57.3334 24.6431 3.0000
v 57.3334 24.4931 3.0000
v 57.4834 24.4931 3.0000
v 57.4834 24.6431 3.0000
v 46.5448 19.5812 0.0000
v 46.3948 19.5812 0.0000
v 46.3948 19.4312 0.0000
v 46.5448 19.4312 0.0000
v 46.5448 19.5812 3.0000
v 46.3948 19.5812 3.0000
v 46.3948 19.4312 3.0000
v 46.5448 19.4312 3.0000
v 57.5487 25.7602 0.0000
v 57.5487 25.9102 0.0000
v 57.4834 25.9102 0.0000
v 57.4834 25.7602 0.0000
v 57.5487 25.7602 3.0000
v 57.5487 25.9102 3.0000
v 57.4834 25.9102 3.0000
v 57.4834 25.7602 3.0000
v 49.3948 25.9852 0.0000
v 49.5448 25.9852 0.0000
v 49.5448 26.4852 0.0000
v 49.3948 26.4852 0.0000
v 49.3948 25.9852 3.0000
v 49.5448 25.9852 3.0000
v 49.5448 26.4852 3.0000
v 49.3948 26.4852 3.0000
v 49.4698 26.5602 0.0000
v 49.4698 26.4102 0.0000
v 50.0698 26.4102 0.0000
v 50.0698 26.5602 0.0000
v 49.4698 26.5602 3.0000
v 49.4698 26.4102 3.0000
v 50.0698 26.4102 3.0000
v 50.0698 26.5602 3.0000
v 50.1448 26.4852 0.0000
v 49.9948 26.4852 0.0000
v 49.9948 25.9852 0.0000
v 50.1448 25.9852 0.0000
v 50.1448 26.4852 3.0000
v 49.9948 26.4852 3.0000
v 49.9948 25.9852 3.0000
v 50.1448 25.9852 3.0000
v 56.5584 25.9852 0.0000
v 56.7084 25.9852 0.0000
v 56.7084 26.4852 0.0000
v 56.5584 26.4852 0.0000
v 56.5584 25.9852 3.0000
v 56.7084 25.9852 3.0000
v 56.7084 26.4852 3.0000
v 56.5584 26.4852 3.0000
v 56.6334 26.4102 0.0000
v 56.6334 26.5602 0.0000
v 56.0334 26.5602 0.0000
v 56.0334 26.4102 0.0000
v 56.6334 26.4102 3.0000
v 56.6334 26.5602 3.0000
v 56.0334 26.5602 3.0000
v 56.0334 26.4102 3.0000
v 56.1084 26.4852 0.0000
v 55.9584 26.4852 0.0000
v 55.9584 25.9852 0.0000
v 56.1084 25.9852 0.0000
v 56.1084 26.4852 3.0000
v 55.9584 26.4852 3.0000
v 55.9584 25.9852 3.0000
v 56.1084 25.9852 3.0000
v 49.4698 26.5602 0.0000
v 49.4698 26.4102 0.0000
v 56.0334 26.4102 0.0000
v 56.0334 26.5602 0.0000
v 49.4698 26.5602 3.0000
v 49.4698 26.4102 3.0000
v 56.0334 26.4102 3.0000
v 56.0334 26.5602 3.0000
v 50.0698 26.2102 0.0000
v 50.0698 26.0602 0.0000
v 56.0334 26.0602 0.0000
v 56.0334 26.2102 0.0000
v 50.0698 26.2102 3.0000
v 50.0698 26.0602 3.0000
v 56.0334 26.0602 3.0000
v 56.0334 26.2102 3.0000
v 50.0698 26.3102 0.0000
v 50.0698 26.1602 0.0000
v 56.0334 26.1602 0.0000
v 56.0334 26.3102 0.0000
v 50.0698 26.3102 3.0000
v 50.0698 26.1602 3.0000
v 56.0334 26.1602 3.0000
v 56.0334 26.3102 3.0000
v 57.4021 18.9760 0.0000
v 57.2521 18.9760 0.0000
v 57.2521 18.8260 0.0000
v 57.4021 18.8260 0.0000
v 57.4021 18.9760 3.0000
v 57.2521 18.9760 3.0000
v 57.2521 18.8260 3.0000
v 57.4021 18.8260 3.0000
v 56.6865 25.9836 0.0000
v 56.5804 26.0897 0.0000
v 56.5290 26.0382 0.0000
v 56.6350 25.9322 0.0000
v 56.6865 25.9836 3.0000
v 56.5804 26.0897 3.0000
v 56.5290 26.0382 3.0000
v 56.6350 25.9322 3.0000
v 56.6865 26.1183 0.0000
v 56.5804 26.2244 0.0000
v 56.3943 26.0382 0.0000
v 56.5003 25.9322 0.0000
v 56.6865 26.1183 3.0000
v 56.5804 26.2244 3.0000
v 56.3943 26.0382 3.0000
v 56.5003 25.9322 3.0000
v 56.6865 26.2530 0.0000
v 56.5804 26.3591 0.0000
v 56.2596 26.0382 0.0000
v 56.3656 25.9322 0.0000
v 56.6865 26.2530 3.0000
v 56.5804 26.3591 3.0000
v 56.2596 26.0382 3.0000
v 56.3656 25.9322 3.0000
v 56.6865 26.3877 0.0000
v 56.5804 26.4938 0.0000
v 56.1249 26.0382 0.0000
v 56.2309 25.9322 0.0000
v 56.6865 26.3877 3.0000
v 56.5804 26.4938 3.0000
v 56.1249 26.0382 3.0000
v 56.2309 25.9322 3.0000
v 56.5962 26.4322 0.0000
v 56.4901 26.5382 0.0000
v 55.9901 26.0382 0.0000
v 56.0962 25.9322 0.0000
v 56.5962 26.4322 3.0000
v 56.4901 26.5382 3.0000
v 55.9901 26.0382 3.0000
v 56.0962 25.9322 3.0000
v 56.4615 26.4322 0.0000
v 56.3554 26.5382 0.0000
v 55.9804 26.1632 0.0000
v 56.0865 26.0571 0.0000
v 56.4615 26.4322 3.0000
v 56.3554 26.5382 3.0000
v 55.9804 26.1632 3.0000
v 56.0865 26.0571 3.0000
v 56.3268 26.4322 0.0000
v 56.2207 26.5382 0.0000
v 55.9804 26.2979 0.0000
v 56.0865 26.1918 0.0000
v 56.3268 26.4322 3.0000
v 56.2207 26.5382 3.0000
v 55.9804 26.2979 3.0000
v 56.0865 26.1918 3.0000
v 56.1921 26.4322 0.0000
v 56.0860 26.5382 0.0000
v 55.9804 26.4326 0.0000
v 56.0865 26.3265 0.0000
v 56.1921 26.4322 3.0000
v 56.0860 26.5382 3.0000
v 55.9804 26.4326 3.0000
v 56.0865 26.3265 3.0000
v 50.1229 26.0370 0.0000
v 50.0168 26.1430 0.0000
v 49.9120 26.0382 0.0000
v 50.0181 25.9322 0.0000
v 50.1229 26.0370 3.0000
v 50.0168 26.1430 3.0000
v 49.9120 26.0382 3.0000
v 50.0181 25.9322 3.0000
v 50.1229 26.1717 0.0000
v 50.0168 26.2777 0.0000
v 49.7773 26.0382 0.0000
v 49.8834 25.9322 0.0000
v 50.1229 26.1717 3.0000
v 50.0168 26.2777 3.0000
v 49.7773 26.0382 3.0000
v 49.8834 25.9322 3.0000
v 50.1229 26.3064 0.0000
v 50.0168 26.4124 0.0000
v 49.6426 26.0382 0.0000
v 49.7487 25.9322 0.0000
v 50.1229 26.3064 3.0000
v 50.0168 26.4124 3.0000
v 49.6426 26.0382 3.0000
v 49.7487 25.9322 3.0000
v 50.1140 26.4322 0.0000
v 50.0079 26.5382 0.0000
v 49.5079 26.0382 0.0000
v 49.6140 25.9322 0.0000
v 50.1140 26.4322 3.0000
v 50.0079 26.5382 3.0000
v 49.5079 26.0382 3.0000
v 49.6140 25.9322 3.0000
v 49.9793 26.4322 0.0000
v 49.8732 26.5382 0.0000
v 49.4168 26.0818 0.0000
v 49.5229 25.9758 0.0000
v 49.9793 26.4322 3.0000
v 49.8732 26.5382 3.0000
v 49.4168 26.0818 3.0000
v 49.5229 25.9758 3.0000
v 49.8446 26.4322 0.0000
v 49.7385 26.5382 0.0000
v 49.4168 26.2165 0.0000
v 49.5229 26.1105 0.0000
v 49.8446 26.4322 3.0000
v 49.7385 26.5382 3.0000
v 49.4168 26.2165 3.0000
v 49.5229 26.1105 3.0000
v 49.7099 26.4322 0.0000
v 49.6038 26.5382 0.0000
v 49.4168 26.3512 0.0000
v 49.5229 26.2452 0.0000
v 49.7099 26.4322 3.0000
v 49.6038 26.5382 3.0000
v 49.4168 26.3512 3.0000
v 49.5229 26.2452 3.0000
v 49.5752 26.4322 0.0000
v 49.4691 26.5382 0.0000
v 49.4168 26.4859 0.0000
v 49.5229 26.3799 0.0000
v 49.5752 26.4322 3.0000
v 49.4691 26.5382 3.0000
v 49.4168 26.4859 3.0000
v 49.5229 26.3799 3.0000
v 58.0334 26.0602 0.0000
v 58.0334 25.9102 0.0000
v 58.3334 25.9102 0.0000
v 58.3334 26.0602 0.0000
v 58.0334 26.0602 3.0000
v 58.0334 25.9102 3.0000
v 58.3334 25.9102 3.0000
v 58.3334 26.0602 3.0000
v 58.4084 25.9852 0.0000
v 58.2584 25.9852 0.0000
v 58.2584 24.5681 0.0000
v 58.4084 24.5681 0.0000
v 58.4084 25.9852 3.0000
v 58.2584 25.9852 3.0000
v 58.2584 24.5681 3.0000
v 58.4084 24.5681 3.0000
v 75.0057 23.8809 0.0000
v 74.8557 23.8809 0.0000
v 74.8557 18.9762 0.0000
v 75.0057 18.9762 0.0000
v 75.0057 23.8809 3.0000
v 74.8557 23.8809 3.0000
v 74.8557 18.9762 3.0000
v 75.0057 18.9762 3.0000
v 76.1757 16.8964 0.0000
v 76.1757 16.7464 0.0000
v 82.4443 16.7464 0.0000
v 82.4443 16.8964 0.0000
v 76.1757 16.8964 3.0000
v 76.1757 16.7464 3.0000
v 82.4443 16.7464 3.0000
v 82.4443 16.8964 3.0000
v 82.3693 16.8214 0.0000
v 82.5193 16.8214 0.0000
v 82.5193 16.9714 0.0000
v 82.3693 16.9714 0.0000
v 82.3693 16.8214 3.0000
v 82.5193 16.8214 3.0000
v 82.5193 16.9714 3.0000
v 82.3693 16.9714 3.0000
v 82.4443 16.8964 0.0000
v 82.4443 17.0464 0.0000
v 75.4307 17.0464 0.0000
v 75.4307 16.8964 0.0000
v 82.4443 16.8964 3.0000
v 82.4443 17.0464 3.0000
v 75.4307 17.0464 3.0000
v 75.4307 16.8964 3.0000
v 75.5057 16.9714 0.0000
v 75.3557 16.9714 0.0000
v 75.3557 16.8214 0.0000
v 75.5057 16.8214 0.0000
v 75.5057 16.9714 3.0000
v 75.3557 16.9714 3.0000
v 75.3557 16.8214 3.0000
v 75.5057 16.8214 3.0000
v 75.4307 16.8964 0.0000
v 75.4307 16.7464 0.0000
v 75.9812 16.7464 0.0000
v 75.9812 16.8964 0.0000
v 75.4307 16.8964 3.0000
v 75.4307 16.7464 3.0000
v 75.9812 16.7464 3.0000
v 75.9812 16.8964 3.0000
v 75.9812 16.8964 0.0000
v 75.9812 16.7464 0.0000
v 76.1757 16.7464 0.0000
v 76.1757 16.8964 0.0000
v 75.9812 16.8964 3.0000
v 75.9812 16.7464 3.0000
v 76.1757 16.7464 3.0000
v 76.1757 16.8964 3.0000
v 84.9443 25.7602 0.0000
v 84.9443 25.9102 0.0000
v 83.0443 25.9102 0.0000
v 83.0443 25.7602 0.0000
v 84.9443 25.7602 3.0000
v 84.9443 25.9102 3.0000
v 83.0443 25.9102 3.0000
v 83.0443 25.7602 3.0000
v 82.9693 25.8352 0.0000
v 83.1193 25.8352 0.0000
v 83.1193 25.9852 0.0000
v 82.9693 25.9852 0.0000
v 82.9693 25.8352 3.0000
v 83.1193 25.8352 3.0000
v 83.1193 25.9852 3.0000
v 82.9693 25.9852 3.0000
v 83.0443 26.0602 0.0000
v 83.0443 25.9102 0.0000
v 84.9443 25.9102 0.0000
v 84.9443 26.0602 0.0000
v 83.0443 26.0602 3.0000
v 83.0443 25.9102 3.0000
v 84.9443 25.9102 3.0000
v 84.9443 26.0602 3.0000
v 85.0193 25.9852 0.0000
v 84.8693 25.9852 0.0000
v 84.8693 25.8352 0.0000
v 85.0193 25.8352 0.0000
v 85.0193 25.9852 3.0000
v 84.8693 25.9852 3.0000
v 84.8693 25.8352 3.0000
v 85.0193 25.8352 3.0000
v 82.3443 25.7602 0.0000
v 82.3443 25.9102 0.0000
v 75.9307 25.9102 0.0000
v 75.9307 25.7602 0.0000
v 82.3443 25.7602 3.0000
v 82.3443 25.9102 3.0000
v 75.9307 25.9102 3.0000
v 75.9307 25.7602 3.0000
v 75.8557 25.8352 0.0000
v 76.0057 25.8352 0.0000
v 76.0057 25.9852 0.0000
v 75.8557 25.9852 0.0000
v 75.8557 25.8352 3.0000
v 76.0057 25.8352 3.0000
v 76.0057 25.9852 3.0000
v 75.8557 25.9852 3.0000
v 75.9307 26.0602 0.0000
v 75.9307 25.9102 0.0000
v 82.3443 25.9102 0.0000
v 82.3443 26.0602 0.0000
v 75.9307 26.0602 3.0000
v 75.9307 25.9102 3.0000
v 82.3443 25.9102 3.0000
v 82.3443 26.0602 3.0000
v 82.4193 25.9852 0.0000
v 82.2693 25.9852 0.0000
v 82.2693 25.8352 0.0000
v 82.4193 25.8352 0.0000
v 82.4193 25.9852 3.0000
v 82.2693 25.9852 3.0000
v 82.2693 25.8352 3.0000
v 82.4193 25.8352 3.0000
v 75.0057 24.5681 0.0000
v 74.8557 24.5681 0.0000
v 74.8557 23.8809 0.0000
v 75.0057 23.8809 0.0000
v 75.0057 24.5681 3.0000
v 74.8557 24.5681 3.0000
v 74.8557 23.8809 3.0000
v 75.0057 23.8809 3.0000
v 74.8557 23.8809 0.0000
v 75.0057 23.8809 0.0000
v 75.0057 24.5681 0.0000
v 74.8557 24.5681 0.0000
v 74.8557 23.8809 3.0000
v 75.0057 23.8809 3.0000
v 75.0057 24.5681 3.0000
v 74.8557 24.5681 3.0000
v 74.9307 24.4931 0.0000
v 74.9307 24.6431 0.0000
v 74.0807 24.6431 0.0000
v 74.0807 24.4931 0.0000
v 74.9307 24.4931 3.0000
v 74.9307 24.6431 3.0000
v 74.0807 24.6431 3.0000
v 74.0807 24.4931 3.0000
v 74.0057 24.5681 0.0000
v 74.1557 24.5681 0.0000
v 74.1557 25.9852 0.0000
v 74.0057 25.9852 0.0000
v 74.0057 24.5681 3.0000
v 74.1557 24.5681 3.0000
v 74.1557 25.9852 3.0000
v 74.0057 25.9852 3.0000
v 74.0807 26.0602 0.0000
v 74.0807 25.9102 0.0000
v 74.9307 25.9102 0.0000
v 74.9307 26.0602 0.0000
v 74.0807 26.0602 3.0000
v 74.0807 25.9102 3.0000
v 74.9307 25.9102 3.0000
v 74.9307 26.0602 3.0000
v 75.0057 25.9852 0.0000
v 74.8557 25.9852 0.0000
v 74.8557 25.8352 0.0000
v 75.0057 25.8352 0.0000
v 75.0057 25.9852 3.0000
v 74.8557 25.9852 3.0000
v 74.8557 25.8352 3.0000
v 75.0057 25.8352 3.0000
v 74.9307 25.7602 0.0000
v 74.9307 25.9102 0.0000
v 74.2307 25.9102 0.0000
v 74.2307 25.7602 0.0000
v 74.9307 25.7602 3.0000
v 74.9307 25.9102 3.0000
v 74.2307 25.9102 3.0000
v 74.2307 25.7602 3.0000
v 74.3057 25.8352 0.0000
v 74.1557 25.8352 0.0000
v 74.1557 24.7175 0.0000
v 74.3057 24.7175 0.0000
v 74.3057 25.8352 3.0000
v 74.1557 25.8352 3.0000
v 74.1557 24.7175 3.0000
v 74.3057 24.7175 3.0000
v 74.2306 24.7925 0.0000
v 74.2308 24.6425 0.0000
v 74.9308 24.6431 0.0000
v 74.9306 24.7931 0.0000
v 74.2306 24.7925 3.0000
v 74.2308 24.6425 3.0000
v 74.9308 24.6431 3.0000
v 74.9306 24.7931 3.0000
v 74.8557 24.7181 0.0000
v 75.0057 24.7181 0.0000
v 75.0057 25.4852 0.0000
v 74.8557 25.4852 0.0000
v 74.8557 24.7181 3.0000
v 75.0057 24.7181 3.0000
v 75.0057 25.4852 3.0000
v 74.8557 25.4852 3.0000
v 74.9307 25.5602 0.0000
v 74.9307 25.4102 0.0000
v 75.0807 25.4102 0.0000
v 75.0807 25.5602 0.0000
v 74.9307 25.5602 3.0000
v 74.9307 25.4102 3.0000
v 75.0807 25.4102 3.0000
v 75.0807 25.5602 3.0000
v 75.1557 25.4852 0.0000
v 75.0057 25.4852 0.0000
v 75.0057 23.8809 0.0000
v 75.1557 23.8809 0.0000
v 75.1557 25.4852 3.0000
v 75.0057 25.4852 3.0000
v 75.0057 23.8809 3.0000
v 75.1557 23.8809 3.0000
v 75.0057 23.8809 0.0000
v 75.1557 23.8809 0.0000
v 75.1557 25.4852 0.0000
v 75.0057 25.4852 0.0000
v 75.0057 23.8809 3.0000
v 75.1557 23.8809 3.0000
v 75.1557 25.4852 3.0000
v 75.0057 25.4852 3.0000
v 75.0807 25.4102 0.0000
v 75.0807 25.5602 0.0000
v 74.9307 25.5602 0.0000
v 74.9307 25.4102 0.0000
v 75.0807 25.4102 3.0000
v 75.0807 25.5602 3.0000
v 74.9307 25.5602 3.0000
v 74.9307 25.4102 3.0000
v 75.0057 25.4852 0.0000
v 74.8557 25.4852 0.0000
v 74.8557 24.7181 0.0000
v 75.0057 24.7181 0.0000
v 75.0057 25.4852 3.0000
v 74.8557 25.4852 3.0000
v 74.8557 24.7181 3.0000
v 75.0057 24.7181 3.0000
v 75.1557 18.8262 0.0000
v 75.0057 18.8262 0.0000
v 75.0057 17.3219 0.0000
v 75.1557 17.3219 0.0000
v 75.1557 18.8262 3.0000
v 75.0057 18.8262 3.0000
v 75.0057 17.3219 3.0000
v 75.1557 17.3219 3.0000
v 75.0807 17.2469 0.0000
v 75.0807 17.3969 0.0000
v 74.9307 17.3969 0.0000
v 74.9307 17.2469 0.0000
v 75.0807 17.2469 3.0000
v 75.0807 17.3969 3.0000
v 74.9307 17.3969 3.0000
v 74.9307 17.2469 3.0000
v 74.8557 17.3219 0.0000
v 75.0057 17.3219 0.0000
v 75.0057 18.8262 0.0000
v 74.8557 18.8262 0.0000
v 74.8557 17.3219 3.0000
v 75.0057 17.3219 3.0000
v 75.0057 18.8262 3.0000
v 74.8557 18.8262 3.0000
v 74.8557 18.8262 0.0000
v 75.0057 18.8262 0.0000
v 75.0057 18.9762 0.0000
v 74.8557 18.9762 0.0000
v 74.8557 18.8262 3.0000
v 75.0057 18.8262 3.0000
v 75.0057 18.9762 3.0000
v 74.8557 18.9762 3.0000
v 82.8693 17.3219 0.0000
v 83.0193 17.3219 0.0000
v 83.0193 17.6319 0.0000
v 82.8693 17.6319 0.0000
v 82.8693 17.3219 3.0000
v 83.0193 17.3219 3.0000
v 83.0193 17.6319 3.0000
v 82.8693 17.6319 3.0000
v 82.9443 17.7069 0.0000
v 82.9443 17.5569 0.0000
v 83.5443 17.5569 0.0000
v 83.5443 17.7069 0.0000
v 82.9443 17.7069 3.0000
v 82.9443 17.5569 3.0000
v 83.5443 17.5569 3.0000
v 83.5443 17.7069 3.0000
v 83.4693 17.6319 0.0000
v 83.6193 17.6319 0.0000
v 83.6193 17.7819 0.0000
v 83.4693 17.7819 0.0000
v 83.4693 17.6319 3.0000
v 83.6193 17.6319 3.0000
v 83.6193 17.7819 3.0000
v 83.4693 17.7819 3.0000
v 83.5443 17.7069 0.0000
v 83.5443 17.8569 0.0000
v 82.9443 17.8569 0.0000
v 82.9443 17.7069 0.0000
v 83.5443 17.7069 3.0000
v 83.5443 17.8569 3.0000
v 82.9443 17.8569 3.0000
v 82.9443 17.7069 3.0000
v 82.9443 17.7069 0.0000
v 82.9443 17.8569 0.0000
v 82.7943 17.8569 0.0000
v 82.7943 17.7069 0.0000
v 82.9443 17.7069 3.0000
v 82.9443 17.8569 3.0000
v 82.7943 17.8569 3.0000
v 82.7943 17.7069 3.0000
v 82.8693 17.7819 0.0000
v 82.7193 17.7819 0.0000
v 82.7193 17.3219 0.0000
v 82.8693 17.3219 0.0000
v 82.8693 17.7819 3.0000
v 82.7193 17.7819 3.0000
v 82.7193 17.3219 3.0000
v 82.8693 17.3219 3.0000
v 82.7943 17.3969 0.0000
v 82.7943 17.2469 0.0000
v 82.9443 17.2469 0.0000
v 82.9443 17.3969 0.0000
v 82.7943 17.3969 3.0000
v 82.7943 17.2469 3.0000
v 82.9443 17.2469 3.0000
v 82.9443 17.3969 3.0000
v 85.8693 17.6319 0.0000
v 85.7193 17.6319 0.0000
v 85.7193 17.3219 0.0000
v 85.8693 17.3219 0.0000
v 85.8693 17.6319 3.0000
v 85.7193 17.6319 3.0000
v 85.7193 17.3219 3.0000
v 85.8693 17.3219 3.0000
v 85.7943 17.3969 0.0000
v 85.7943 17.2469 0.0000
v 85.9443 17.2469 0.0000
v 85.9443 17.3969 0.0000
v 85.7943 17.3969 3.0000
v 85.7943 17.2469 3.0000
v 85.9443 17.2469 3.0000
v 85.9443 17.3969 3.0000
v 85.8693 17.3219 0.0000
v 86.0193 17.3219 0.0000
v 86.0193 25.4852 0.0000
v 85.8693 25.4852 0.0000
v 85.8693 17.3219 3.0000
v 86.0193 17.3219 3.0000
v 86.0193 25.4852 3.0000
v 85.8693 25.4852 3.0000
v 85.9443 25.4102 0.0000
v 85.9443 25.5602 0.0000
v 85.7943 25.5602 0.0000
v 85.7943 25.4102 0.0000
v 85.9443 25.4102 3.0000
v 85.9443 25.5602 3.0000
v 85.7943 25.5602 3.0000
v 85.7943 25.4102 3.0000
v 85.8693 25.4852 0.0000
v 85.7193 25.4852 0.0000
v 85.7193 17.7819 0.0000
v 85.8693 17.7819 0.0000
v 85.8693 25.4852 3.0000
v 85.7193 25.4852 3.0000
v 85.7193 17.7819 3.0000
v 85.8693 17.7819 3.0000
v 85.7943 17.7069 0.0000
v 85.7943 17.8569 0.0000
v 85.4645 17.8569 0.0000
v 85.4645 17.7069 0.0000
v 85.7943 17.7069 3.0000
v 85.7943 17.8569 3.0000
v 85.4645 17.8569 3.0000
v 85.4645 17.7069 3.0000
v 85.5395 17.7819 0.0000
v 85.3895 17.7819 0.0000
v 85.3895 17.6319 0.0000
v 85.5395 17.6319 0.0000
v 85.5395 17.7819 3.0000
v 85.3895 17.7819 3.0000
v 85.3895 17.6319 3.0000
v 85.5395 17.6319 3.0000
v 85.4645 17.7069 0.0000
v 85.4645 17.5569 0.0000
v 85.7943 17.5569 0.0000
v 85.7943 17.7069 0.0000
v 85.4645 17.7069 3.0000
v 85.4645 17.5569 3.0000
v 85.7943 17.5569 3.0000
v 85.7943 17.7069 3.0000
v 86.0193 19.5812 0.0000
v 85.8693 19.5812 0.0000
v 85.8693 19.4312 0.0000
v 86.0193 19.4312 0.0000
v 86.0193 19.5812 3.0000
v 85.8693 19.5812 3.0000
v 85.8693 19.4312 3.0000
v 86.0193 19.4312 3.0000
v 75.0807 24.4931 0.0000
v 75.0807 24.6431 0.0000
v 74.9307 24.6431 0.0000
v 74.9307 24.4931 0.0000
v 75.0807 24.4931 3.0000
v 75.0807 24.6431 3.0000
v 74.9307 24.6431 3.0000
v 74.9307 24.4931 3.0000
v 86.0193 19.5812 0.0000
v 85.8693 19.5812 0.0000
v 85.8693 19.4312 0.0000
v 86.0193 19.4312 0.0000
v 86.0193 19.5812 3.0000
v 85.8693 19.5812 3.0000
v 85.8693 19.4312 3.0000
v 86.0193 19.4312 3.0000
v 74.8654 25.9102 0.0000
v 74.8654 25.7602 0.0000
v 74.9307 25.7602 0.0000
v 74.9307 25.9102 0.0000
v 74.8654 25.9102 3.0000
v 74.8654 25.7602 3.0000
v 74.9307 25.7602 3.0000
v 74.9307 25.9102 3.0000
v 82.8693 25.9852 0.0000
v 83.0193 25.9852 0.0000
v 83.0193 26.4852 0.0000
v 82.8693 26.4852 0.0000
v 82.8693 25.9852 3.0000
v 83.0193 25.9852 3.0000
v 83.0193 26.4852 3.0000
v 82.8693 26.4852 3.0000
v 82.9443 26.4102 0.0000
v 82.9443 26.5602 0.0000
v 82.3443 26.5602 0.0000
v 82.3443 26.4102 0.0000
v 82.9443 26.4102 3.0000
v 82.9443 26.5602 3.0000
v 82.3443 26.5602 3.0000
v 82.3443 26.4102 3.0000
v 82.4193 26.4852 0.0000
v 82.2693 26.4852 0.0000
v 82.2693 25.9852 0.0000
v 82.4193 25.9852 0.0000
v 82.4193 26.4852 3.0000
v 82.2693 26.4852 3.0000
v 82.2693 25.9852 3.0000
v 82.4193 25.9852 3.0000
v 75.7057 25.9852 0.0000
v 75.8557 25.9852 0.0000
v 75.8557 26.4852 0.0000
v 75.7057 26.4852 0.0000
v 75.7057 25.9852 3.0000
v 75.8557 25.9852 3.0000
v 75.8557 26.4852 3.0000
v 75.7057 26.4852 3.0000
v 75.7807 26.5602 0.0000
v 75.7807 26.4102 0.0000
v 76.3807 26.4102 0.0000
v 76.3807 26.5602 0.0000
v 75.7807 26.5602 3.0000
v 75.7807 26.4102 3.0000
v 76.3807 26.4102 3.0000
v 76.3807 26.5602 3.0000
v 76.4557 26.4852 0.0000
v 76.3057 26.4852 0.0000
v 76.3057 25.9852 0.0000
v 76.4557 25.9852 0.0000
v 76.4557 26.4852 3.0000
v 76.3057 26.4852 3.0000
v 76.3057 25.9852 3.0000
v 76.4557 25.9852 3.0000
v 82.9443 26.4102 0.0000
v 82.9443 26.5602 0.0000
v 76.3807 26.5602 0.0000
v 76.3807 26.4102 0.0000
v 82.9443 26.4102 3.0000
v 82.9443 26.5602 3.0000
v 76.3807 26.5602 3.0000
v 76.3807 26.4102 3.0000
v 75.8337 26.0897 0.0000
v 75.7277 25.9836 0.0000
v 75.7791 25.9322 0.0000
v 75.8852 26.0382 0.0000
v 75.8337 26.0897 3.0000
v 75.7277 25.9836 3.0000
v 75.7791 25.9322 3.0000
v 75.8852 26.0382 3.0000
v 75.8337 26.2244 0.0000
v 75.7277 26.1183 0.0000
v 75.9138 25.9322 0.0000
v 76.0199 26.0382 0.0000
v 75.8337 26.2244 3.0000
v 75.7277 26.1183 3.0000
v 75.9138 25.9322 3.0000
v 76.0199 26.0382 3.0000
v 75.8337 26.3591 0.0000
v 75.7277 26.2530 0.0000
v 76.0485 25.9322 0.0000
v 76.1546 26.0382 0.0000
v 75.8337 26.3591 3.0000
v 75.7277 26.2530 3.0000
v 76.0485 25.9322 3.0000
v 76.1546 26.0382 3.0000
v 75.8337 26.4938 0.0000
v 75.7277 26.3877 0.0000
v 76.1832 25.9322 0.0000
v 76.2893 26.0382 0.0000
v 75.8337 26.4938 3.0000
v 75.7277 26.3877 3.0000
v 76.1832 25.9322 3.0000
v 76.2893 26.0382 3.0000
v 75.9240 26.5382 0.0000
v 75.8179 26.4322 0.0000
v 76.3179 25.9322 0.0000
v 76.4240 26.0382 0.0000
v 75.9240 26.5382 3.0000
v 75.8179 26.4322 3.0000
v 76.3179 25.9322 3.0000
v 76.4240 26.0382 3.0000
v 76.0587 26.5382 0.0000
v 75.9526 26.4322 0.0000
v 76.3277 26.0571 0.0000
v 76.4337 26.1632 0.0000
v 76.0587 26.5382 3.0000
v 75.9526 26.4322 3.0000
v 76.3277 26.0571 3.0000
v 76.4337 26.1632 3.0000
v 76.1934 26.5382 0.0000
v 76.0873 26.4322 0.0000
v 76.3277 26.1918 0.0000
v 76.4337 26.2979 0.0000
v 76.1934 26.5382 3.0000
v 76.0873 26.4322 3.0000
v 76.3277 26.1918 3.0000
v 76.4337 26.2979 3.0000
v 76.3281 26.5382 0.0000
v 76.2220 26.4322 0.0000
v 76.3277 26.3265 0.0000
v 76.4337 26.4326 0.0000
v 76.3281 26.5382 3.0000
v 76.2220 26.4322 3.0000
v 76.3277 26.3265 3.0000
v 76.4337 26.4326 3.0000
v 82.3973 26.1430 0.0000
v 82.2913 26.0370 0.0000
v 82.3960 25.9322 0.0000
v 82.5021 26.0382 0.0000
v 82.3973 26.1430 3.0000
v 82.2913 26.0370 3.0000
v 82.3960 25.9322 3.0000
v 82.5021 26.0382 3.0000
v 82.3973 26.2777 0.0000
v 82.2913 26.1717 0.0000
v 82.5307 25.9322 0.0000
v 82.6368 26.0382 0.0000
v 82.3973 26.2777 3.0000
v 82.2913 26.1717 3.0000
v 82.5307 25.9322 3.0000
v 82.6368 26.0382 3.0000
v 82.3973 26.4124 0.0000
v 82.2913 26.3064 0.0000
v 82.6654 25.9322 0.0000
v 82.7715 26.0382 0.0000
v 82.3973 26.4124 3.0000
v 82.2913 26.3064 3.0000
v 82.6654 25.9322 3.0000
v 82.7715 26.0382 3.0000
v 82.4062 26.5382 0.0000
v 82.3001 26.4322 0.0000
v 82.8001 25.9322 0.0000
v 82.9062 26.0382 0.0000
v 82.4062 26.5382 3.0000
v 82.3001 26.4322 3.0000
v 82.8001 25.9322 3.0000
v 82.9062 26.0382 3.0000
v 82.5409 26.5382 0.0000
v 82.4349 26.4322 0.0000
v 82.8913 25.9758 0.0000
v 82.9973 26.0818 0.0000
v 82.5409 26.5382 3.0000
v 82.4349 26.4322 3.0000
v 82.8913 25.9758 3.0000
v 82.9973 26.0818 3.0000
v 82.6756 26.5382 0.0000
v 82.5696 26.4322 0.0000
v 82.8913 26.1105 0.0000
v 82.9973 26.2165 0.0000
v 82.6756 26.5382 3.0000
v 82.5696 26.4322 3.0000
v 82.8913 26.1105 3.0000
v 82.9973 26.2165 3.0000
v 82.8103 26.5382 0.0000
v 82.7043 26.4322 0.0000
v 82.8913 26.2452 0.0000
v 82.9973 26.3512 0.0000
v 82.8103 26.5382 3.0000
v 82.7043 26.4322 3.0000
v 82.8913 26.2452 3.0000
v 82.9973 26.3512 3.0000
v 82.9450 26.5382 0.0000
v 82.8390 26.4322 0.0000
v 82.8913 26.3799 0.0000
v 82.9973 26.4859 0.0000
v 82.9450 26.5382 3.0000
v 82.8390 26.4322 3.0000
v 82.8913 26.3799 3.0000
v 82.9973 26.4859 3.0000
v 82.3443 26.0602 0.0000
v 82.3443 26.2102 0.0000
v 76.3807 26.2102 0.0000
v 76.3807 26.0602 0.0000
v 82.3443 26.0602 3.0000
v 82.3443 26.2102 3.0000
v 76.3807 26.2102 3.0000
v 76.3807 26.0602 3.0000
v 82.3443 26.1602 0.0000
v 82.3443 26.3102 0.0000
v 76.3807 26.3102 0.0000
v 76.3807 26.1602 0.0000
v 82.3443 26.1602 3.0000
v 82.3443 26.3102 3.0000
v 76.3807 26.3102 3.0000
v 76.3807 26.1602 3.0000
v 75.1620 18.9760 0.0000
v 75.0120 18.9760 0.0000
v 75.0120 18.8260 0.0000
v 75.1620 18.8260 0.0000
v 75.1620 18.9760 3.0000
v 75.0120 18.9760 3.0000
v 75.0120 18.8260 3.0000
v 75.1620 18.8260 3.0000
v 74.3807 25.9102 0.0000
v 74.3807 26.0602 0.0000
v 74.0807 26.0602 0.0000
v 74.0807 25.9102 0.0000
v 74.3807 25.9102 3.0000
v 74.3807 26.0602 3.0000
v 74.0807 26.0602 3.0000
v 74.0807 25.9102 3.0000
v 74.1557 25.9852 0.0000
v 74.0057 25.9852 0.0000
v 74.0057 24.5681 0.0000
v 74.1557 24.5681 0.0000
v 74.1557 25.9852 3.0000
v 74.0057 25.9852 3.0000
v 74.0057 24.5681 3.0000
v 74.1557 24.5681 3.0000
v 75.9307 -36.9138 0.0000
v 75.9307 -37.0638 0.0000
v 81.9443 -37.0638 0.0000
v 81.9443 -36.9138 0.0000
v 75.9307 -36.9138 3.0000
v 75.9307 -37.0638 3.0000
v 81.9443 -37.0638 3.0000
v 81.9443 -36.9138 3.0000
v 81.8693 -36.9888 0.0000
v 82.0193 -36.9888 0.0000
v 82.0193 -36.8388 0.0000
v 81.8693 -36.8388 0.0000
v 81.8693 -36.9888 3.0000
v 82.0193 -36.9888 3.0000
v 82.0193 -36.8388 3.0000
v 81.8693 -36.8388 3.0000
v 81.9443 -36.9138 0.0000
v 81.9443 -36.7638 0.0000
v 75.9307 -36.7638 0.0000
v 75.9307 -36.9138 0.0000
v 81.9443 -36.9138 3.0000
v 81.9443 -36.7638 3.0000
v 75.9307 -36.7638 3.0000
v 75.9307 -36.9138 3.0000
v 76.0057 -36.8388 0.0000
v 75.8557 -36.8388 0.0000
v 75.8557 -36.9888 0.0000
v 76.0057 -36.9888 0.0000
v 76.0057 -36.8388 3.0000
v 75.8557 -36.8388 3.0000
v 75.8557 -36.9888 3.0000
v 76.0057 -36.9888 3.0000
v 74.9307 -37.0638 0.0000
v 74.9307 -36.9138 0.0000
v 74.0807 -36.9138 0.0000
v 74.0807 -37.0638 0.0000
v 74.9307 -37.0638 3.0000
v 74.9307 -36.9138 3.0000
v 74.0807 -36.9138 3.0000
v 74.0807 -37.0638 3.0000
v 74.0057 -36.9888 0.0000
v 74.1557 -36.9888 0.0000
v 74.1557 -35.7881 0.0000
v 74.0057 -35.7881 0.0000
v 74.0057 -36.9888 3.0000
v 74.1557 -36.9888 3.0000
v 74.1557 -35.7881 3.0000
v 74.0057 -35.7881 3.0000
v 74.0807 -35.7131 0.0000
v 74.0807 -35.8631 0.0000
v 75.0807 -35.8631 0.0000
v 75.0807 -35.7131 0.0000
v 74.0807 -35.7131 3.0000
v 74.0807 -35.8631 3.0000
v 75.0807 -35.8631 3.0000
v 75.0807 -35.7131 3.0000
v 75.1557 -35.7881 0.0000
v 75.0057 -35.7881 0.0000
v 75.0057 -36.4888 0.0000
v 75.1557 -36.4888 0.0000
v 75.1557 -35.7881 3.0000
v 75.0057 -35.7881 3.0000
v 75.0057 -36.4888 3.0000
v 75.1557 -36.4888 3.0000
v 75.0807 -36.5638 0.0000
v 75.0807 -36.4138 0.0000
v 74.9307 -36.4138 0.0000
v 74.9307 -36.5638 0.0000
v 75.0807 -36.5638 3.0000
v 75.0807 -36.4138 3.0000
v 74.9307 -36.4138 3.0000
v 74.9307 -36.5638 3.0000
v 74.8557 -36.4888 0.0000
v 75.0057 -36.4888 0.0000
v 75.0057 -35.9381 0.0000
v 74.8557 -35.9381 0.0000
v 74.8557 -36.4888 3.0000
v 75.0057 -36.4888 3.0000
v 75.0057 -35.9381 3.0000
v 74.8557 -35.9381 3.0000
v 74.9307 -36.0131 0.0000
v 74.9307 -35.8631 0.0000
v 74.2307 -35.8631 0.0000
v 74.2307 -36.0131 0.0000
v 74.9307 -36.0131 3.0000
v 74.9307 -35.8631 3.0000
v 74.2307 -35.8631 3.0000
v 74.2307 -36.0131 3.0000
v 74.3057 -35.9381 0.0000
v 74.1557 -35.9381 0.0000
v 74.1557 -36.8396 0.0000
v 74.3057 -36.8396 0.0000
v 74.3057 -35.9381 3.0000
v 74.1557 -35.9381 3.0000
v 74.1557 -36.8396 3.0000
v 74.3057 -36.8396 3.0000
v 74.2307 -36.7646 0.0000
v 74.2307 -36.9146 0.0000
v 74.9307 -36.9146 0.0000
v 74.9307 -36.7646 0.0000
v 74.2307 -36.7646 3.0000
v 74.2307 -36.9146 3.0000
v 74.9307 -36.9146 3.0000
v 74.9307 -36.7646 3.0000
v 101.8693 -36.9138 0.0000
v 101.8693 -37.0638 0.0000
v 107.8829 -37.0638 0.0000
v 107.8829 -36.9138 0.0000
v 101.8693 -36.9138 3.0000
v 101.8693 -37.0638 3.0000
v 107.8829 -37.0638 3.0000
v 107.8829 -36.9138 3.0000
v 107.8079 -36.9888 0.0000
v 107.9579 -36.9888 0.0000
v 107.9579 -36.8388 0.0000
v 107.8079 -36.8388 0.0000
v 107.8079 -36.9888 3.0000
v 107.9579 -36.9888 3.0000
v 107.9579 -36.8388 3.0000
v 107.8079 -36.8388 3.0000
v 107.8829 -36.9138 0.0000
v 107.8829 -36.7638 0.0000
v 101.8693 -36.7638 0.0000
v 101.8693 -36.9138 0.0000
v 107.8829 -36.9138 3.0000
v 107.8829 -36.7638 3.0000
v 101.8693 -36.7638 3.0000
v 101.8693 -36.9138 3.0000
v 101.9443 -36.8388 0.0000
v 101.7943 -36.8388 0.0000
v 101.7943 -36.9888 0.0000
v 101.9443 -36.9888 0.0000
v 101.9443 -36.8388 3.0000
v 101.7943 -36.8388 3.0000
v 101.7943 -36.9888 3.0000
v 101.9443 -36.9888 3.0000
v 108.8829 -36.9138 0.0000
v 108.8829 -37.0638 0.0000
v 109.7329 -37.0638 0.0000
v 109.7329 -36.9138 0.0000
v 108.8829 -36.9138 3.0000
v 108.8829 -37.0638 3.0000
v 109.7329 -37.0638 3.0000
v 109.7329 -36.9138 3.0000
v 109.6579 -36.9888 0.0000
v 109.8079 -36.9888 0.0000
v 109.8079 -35.7881 0.0000
v 109.6579 -35.7881 0.0000
v 109.6579 -36.9888 3.0000
v 109.8079 -36.9888 3.0000
v 109.8079 -35.7881 3.0000
v 109.6579 -35.7881 3.0000
v 109.7329 -35.8631 0.0000
v 109.7329 -35.7131 0.0000
v 108.7329 -35.7131 0.0000
v 108.7329 -35.8631 0.0000
v 109.7329 -35.8631 3.0000
v 109.7329 -35.7131 3.0000
v 108.7329 -35.7131 3.0000
v 108.7329 -35.8631 3.0000
v 108.8079 -35.7881 0.0000
v 108.6579 -35.7881 0.0000
v 108.6579 -36.4888 0.0000
v 108.8079 -36.4888 0.0000
v 108.8079 -35.7881 3.0000
v 108.6579 -35.7881 3.0000
v 108.6579 -36.4888 3.0000
v 108.8079 -36.4888 3.0000
v 108.7329 -36.4138 0.0000
v 108.7329 -36.5638 0.0000
v 108.8829 -36.5638 0.0000
v 108.8829 -36.4138 0.0000
v 108.7329 -36.4138 3.0000
v 108.7329 -36.5638 3.0000
v 108.8829 -36.5638 3.0000
v 108.8829 -36.4138 3.0000
v 108.8079 -36.4888 0.0000
v 108.9579 -36.4888 0.0000
v 108.9579 -35.9381 0.0000
v 108.8079 -35.9381 0.0000
v 108.8079 -36.4888 3.0000
v 108.9579 -36.4888 3.0000
v 108.9579 -35.9381 3.0000
v 108.8079 -35.9381 3.0000
v 108.8829 -35.8631 0.0000
v 108.8829 -36.0131 0.0000
v 109.5829 -36.0131 0.0000
v 109.5829 -35.8631 0.0000
v 108.8829 -35.8631 3.0000
v 108.8829 -36.0131 3.0000
v 109.5829 -36.0131 3.0000
v 109.5829 -35.8631 3.0000
v 109.6579 -35.9381 0.0000
v 109.5079 -35.9381 0.0000
v 109.5079 -36.8396 0.0000
v 109.6579 -36.8396 0.0000
v 109.6579 -35.9381 3.0000
v 109.5079 -35.9381 3.0000
v 109.5079 -36.8396 3.0000
v 109.6579 -36.8396 3.0000
v 109.5829 -36.9146 0.0000
v 109.5829 -36.7646 0.0000
v 108.8829 -36.7646 0.0000
v 108.8829 -36.9146 0.0000
v 109.5829 -36.9146 3.0000
v 109.5829 -36.7646 3.0000
v 108.8829 -36.7646 3.0000
v 108.8829 -36.9146 3.0000
v 24.5312 -36.9138 0.0000
v 24.5312 -37.0638 0.0000
v 30.5448 -37.0638 0.0000
v 30.5448 -36.9138 0.0000
v 24.5312 -36.9138 3.0000
v 24.5312 -37.0638 3.0000
v 30.5448 -37.0638 3.0000
v 30.5448 -36.9138 3.0000
v 30.4698 -36.9888 0.0000
v 30.6198 -36.9888 0.0000
v 30.6198 -36.8388 0.0000
v 30.4698 -36.8388 0.0000
v 30.4698 -36.9888 3.0000
v 30.6198 -36.9888 3.0000
v 30.6198 -36.8388 3.0000
v 30.4698 -36.8388 3.0000
v 30.5448 -36.9138 0.0000
v 30.5448 -36.7638 0.0000
v 24.5312 -36.7638 0.0000
v 24.5312 -36.9138 0.0000
v 30.5448 -36.9138 3.0000
v 30.5448 -36.7638 3.0000
v 24.5312 -36.7638 3.0000
v 24.5312 -36.9138 3.0000
v 24.6062 -36.8388 0.0000
v 24.4562 -36.8388 0.0000
v 24.4562 -36.9888 0.0000
v 24.6062 -36.9888 0.0000
v 24.6062 -36.8388 3.0000
v 24.4562 -36.8388 3.0000
v 24.4562 -36.9888 3.0000
v 24.6062 -36.9888 3.0000
v 23.5312 -37.0638 0.0000
v 23.5312 -36.9138 0.0000
v 22.6812 -36.9138 0.0000
v 22.6812 -37.0638 0.0000
v 23.5312 -37.0638 3.0000
v 23.5312 -36.9138 3.0000
v 22.6812 -36.9138 3.0000
v 22.6812 -37.0638 3.0000
v 22.6062 -36.9888 0.0000
v 22.7562 -36.9888 0.0000
v 22.7562 -35.7881 0.0000
v 22.6062 -35.7881 0.0000
v 22.6062 -36.9888 3.0000
v 22.7562 -36.9888 3.0000
v 22.7562 -35.7881 3.0000
v 22.6062 -35.7881 3.0000
v 22.6812 -35.7131 0.0000
v 22.6812 -35.8631 0.0000
v 23.6812 -35.8631 0.0000
v 23.6812 -35.7131 0.0000
v 22.6812 -35.7131 3.0000
v 22.6812 -35.8631 3.0000
v 23.6812 -35.8631 3.0000
v 23.6812 -35.7131 3.0000
v 23.7562 -35.7881 0.0000
v 23.6062 -35.7881 0.0000
v 23.6062 -36.4888 0.0000
v 23.7562 -36.4888 0.0000
v 23.7562 -35.7881 3.0000
v 23.6062 -35.7881 3.0000
v 23.6062 -36.4888 3.0000
v 23.7562 -36.4888 3.0000
v 23.6812 -36.5638 0.0000
v 23.6812 -36.4138 0.0000
v 23.5312 -36.4138 0.0000
v 23.5312 -36.5638 0.0000
v 23.6812 -36.5638 3.0000
v 23.6812 -36.4138 3.0000
v 23.5312 -36.4138 3.0000
v 23.5312 -36.5638 3.0000
v 23.4562 -36.4888 0.0000
v 23.6062 -36.4888 0.0000
v 23.6062 -35.9381 0.0000
v 23.4562 -35.9381 0.0000
v 23.4562 -36.4888 3.0000
v 23.6062 -36.4888 3.0000
v 23.6062 -35.9381 3.0000
v 23.4562 -35.9381 3.0000
v 23.5312 -36.0131 0.0000
v 23.5312 -35.8631 0.0000
v 22.8312 -35.8631 0.0000
v 22.8312 -36.0131 0.0000
v 23.5312 -36.0131 3.0000
v 23.5312 -35.8631 3.0000
v 22.8312 -35.8631 3.0000
v 22.8312 -36.0131 3.0000
v 22.9062 -35.9381 0.0000
v 22.7562 -35.9381 0.0000
v 22.7562 -36.8396 0.0000
v 22.9062 -36.8396 0.0000
v 22.9062 -35.9381 3.0000
v 22.7562 -35.9381 3.0000
v 22.7562 -36.8396 3.0000
v 22.9062 -36.8396 3.0000
v 22.8312 -36.7646 0.0000
v 22.8312 -36.9146 0.0000
v 23.5312 -36.9146 0.0000
v 23.5312 -36.7646 0.0000
v 22.8312 -36.7646 3.0000
v 22.8312 -36.9146 3.0000
v 23.5312 -36.9146 3.0000
v 23.5312 -36.7646 3.0000
v 50.4698 -36.9138 0.0000
v 50.4698 -37.0638 0.0000
v 56.4834 -37.0638 0.0000
v 56.4834 -36.9138 0.0000
v 50.4698 -36.9138 3.0000
v 50.4698 -37.0638 3.0000
v 56.4834 -37.0638 3.0000
v 56.4834 -36.9138 3.0000
v 56.4084 -36.9888 0.0000
v 56.5584 -36.9888 0.0000
v 56.5584 -36.8388 0.0000
v 56.4084 -36.8388 0.0000
v 56.4084 -36.9888 3.0000
v 56.5584 -36.9888 3.0000
v 56.5584 -36.8388 3.0000
v 56.4084 -36.8388 3.0000
v 56.4834 -36.9138 0.0000
v 56.4834 -36.7638 0.0000
v 50.4698 -36.7638 0.0000
v 50.4698 -36.9138 0.0000
v 56.4834 -36.9138 3.0000
v 56.4834 -36.7638 3.0000
v 50.4698 -36.7638 3.0000
v 50.4698 -36.9138 3.0000
v 50.5448 -36.8388 0.0000
v 50.3948 -36.8388 0.0000
v 50.3948 -36.9888 0.0000
v 50.5448 -36.9888 0.0000
v 50.5448 -36.8388 3.0000
v 50.3948 -36.8388 3.0000
v 50.3948 -36.9888 3.0000
v 50.5448 -36.9888 3.0000
v 57.4834 -36.9138 0.0000
v 57.4834 -37.0638 0.0000
v 58.3334 -37.0638 0.0000
v 58.3334 -36.9138 0.0000
v 57.4834 -36.9138 3.0000
v 57.4834 -37.0638 3.0000
v 58.3334 -37.0638 3.0000
v 58.3334 -36.9138 3.0000
v 58.2584 -36.9888 0.0000
v 58.4084 -36.9888 0.0000
v 58.4084 -35.7881 0.0000
v 58.2584 -35.7881 0.0000
v 58.2584 -36.9888 3.0000
v 58.4084 -36.9888 3.0000
v 58.4084 -35.7881 3.0000
v 58.2584 -35.7881 3.0000
v 58.3334 -35.8631 0.0000
v 58.3334 -35.7131 0.0000
v 57.3334 -35.7131 0.0000
v 57.3334 -35.8631 0.0000
v 58.3334 -35.8631 3.0000
v 58.3334 -35.7131 3.0000
v 57.3334 -35.7131 3.0000
v 57.3334 -35.8631 3.0000
v 57.4084 -35.7881 0.0000
v 57.2584 -35.7881 0.0000
v 57.2584 -36.4888 0.0000
v 57.4084 -36.4888 0.0000
v 57.4084 -35.7881 3.0000
v 57.2584 -35.7881 3.0000
v 57.2584 -36.4888 3.0000
v 57.4084 -36.4888 3.0000
v 57.3334 -36.4138 0.0000
v 57.3334 -36.5638 0.0000
v 57.4834 -36.5638 0.0000
v 57.4834 -36.4138 0.0000
v 57.3334 -36.4138 3.0000
v 57.3334 -36.5638 3.0000
v 57.4834 -36.5638 3.0000
v 57.4834 -36.4138 3.0000
v 57.4084 -36.4888 0.0000
v 57.5584 -36.4888 0.0000
v 57.5584 -35.9381 0.0000
v 57.4084 -35.9381 0.0000
v 57.4084 -36.4888 3.0000
v 57.5584 -36.4888 3.0000
v 57.5584 -35.9381 3.0000
v 57.4084 -35.9381 3.0000
v 57.4834 -35.8631 0.0000
v 57.4834 -36.0131 0.0000
v 58.1834 -36.0131 0.0000
v 58.1834 -35.8631 0.0000
v 57.4834 -35.8631 3.0000
v 57.4834 -36.0131 3.0000
v 58.1834 -36.0131 3.0000
v 58.1834 -35.8631 3.0000
v 58.2584 -35.9381 0.0000
v 58.1084 -35.9381 0.0000
v 58.1084 -36.8396 0.0000
v 58.2584 -36.8396 0.0000
v 58.2584 -35.9381 3.0000
v 58.1084 -35.9381 3.0000
v 58.1084 -36.8396 3.0000
v 58.2584 -36.8396 3.0000
v 58.1834 -36.9146 0.0000
v 58.1834 -36.7646 0.0000
v 57.4834 -36.7646 0.0000
v 57.4834 -36.9146 0.0000
v 58.1834 -36.9146 3.0000
v 58.1834 -36.7646 3.0000
v 57.4834 -36.7646 3.0000
v 57.4834 -36.9146 3.0000
v 23.6062 -14.6831 0.0000
v 23.4562 -14.6831 0.0000
v 23.4562 -16.0881 0.0000
v 23.6062 -16.0881 0.0000
v 23.6062 -14.6831 3.0000
v 23.4562 -14.6831 3.0000
v 23.4562 -16.0881 3.0000
v 23.6062 -16.0881 3.0000
v 23.5312 -16.0131 0.0000
v 23.5312 -16.1631 0.0000
v 23.6812 -16.1631 0.0000
v 23.6812 -16.0131 0.0000
v 23.5312 -16.0131 3.0000
v 23.5312 -16.1631 3.0000
v 23.6812 -16.1631 3.0000
v 23.6812 -16.0131 3.0000
v 23.6062 -16.0881 0.0000
v 23.7562 -16.0881 0.0000
v 23.7562 -11.5081 0.0000
v 23.6062 -11.5081 0.0000
v 23.6062 -16.0881 3.0000
v 23.7562 -16.0881 3.0000
v 23.7562 -11.5081 3.0000
v 23.6062 -11.5081 3.0000
v 23.6812 -11.5831 0.0000
v 23.6812 -11.4331 0.0000
v 23.5312 -11.4331 0.0000
v 23.5312 -11.5831 0.0000
v 23.6812 -11.5831 3.0000
v 23.6812 -11.4331 3.0000
v 23.5312 -11.4331 3.0000
v 23.5312 -11.5831 3.0000
v 23.6062 -11.5081 0.0000
v 23.4562 -11.5081 0.0000
v 23.4562 -14.5331 0.0000
v 23.6062 -14.5331 0.0000
v 23.6062 -11.5081 3.0000
v 23.4562 -11.5081 3.0000
v 23.4562 -14.5331 3.0000
v 23.6062 -14.5331 3.0000
v 23.6062 -4.5281 0.0000
v 23.4562 -4.5281 0.0000
v 23.4562 -5.9281 0.0000
v 23.6062 -5.9281 0.0000
v 23.6062 -4.5281 3.0000
v 23.4562 -4.5281 3.0000
v 23.4562 -5.9281 3.0000
v 23.6062 -5.9281 3.0000
v 23.5312 -5.8531 0.0000
v 23.5312 -6.0031 0.0000
v 23.6812 -6.0031 0.0000
v 23.6812 -5.8531 0.0000
v 23.5312 -5.8531 3.0000
v 23.5312 -6.0031 3.0000
v 23.6812 -6.0031 3.0000
v 23.6812 -5.8531 3.0000
v 23.6062 -5.9281 0.0000
v 23.7562 -5.9281 0.0000
v 23.7562 -1.3481 0.0000
v 23.6062 -1.3481 0.0000
v 23.6062 -5.9281 3.0000
v 23.7562 -5.9281 3.0000
v 23.7562 -1.3481 3.0000
v 23.6062 -1.3481 3.0000
v 23.6812 -1.4231 0.0000
v 23.6812 -1.2731 0.0000
v 23.5312 -1.2731 0.0000
v 23.5312 -1.4231 0.0000
v 23.6812 -1.4231 3.0000
v 23.6812 -1.2731 3.0000
v 23.5312 -1.2731 3.0000
v 23.5312 -1.4231 3.0000
v 23.6062 -1.3481 0.0000
v 23.4562 -1.3481 0.0000
v 23.4562 -4.3781 0.0000
v 23.6062 -4.3781 0.0000
v 23.6062 -1.3481 3.0000
v 23.4562 -1.3481 3.0000
v 23.4562 -4.3781 3.0000
v 23.6062 -4.3781 3.0000
v 23.5312 14.3169 0.0000
v 23.5312 14.4669 0.0000
v 22.6812 14.4669 0.0000
v 22.6812 14.3169 0.0000
v 23.5312 14.3169 3.0000
v 23.5312 14.4669 3.0000
v 22.6812 14.4669 3.0000
v 22.6812 14.3169 3.0000
v 22.7562 14.3919 0.0000
v 22.6062 14.3919 0.0000
v 22.6062 12.3886 0.0000
v 22.7562 12.3886 0.0000
v 22.7562 14.3919 3.0000
v 22.6062 14.3919 3.0000
v 22.6062 12.3886 3.0000
v 22.7562 12.3886 3.0000
v 22.7562 12.3886 0.0000
v 22.6062 12.3886 0.0000
v 22.6062 12.2386 0.0000
v 22.7562 12.2386 0.0000
v 22.7562 12.3886 3.0000
v 22.6062 12.3886 3.0000
v 22.6062 12.2386 3.0000
v 22.7562 12.2386 3.0000
v 22.6812 12.3136 0.0000
v 22.6812 12.1636 0.0000
v 23.5312 12.1636 0.0000
v 23.5312 12.3136 0.0000
v 22.6812 12.3136 3.0000
v 22.6812 12.1636 3.0000
v 23.5312 12.1636 3.0000
v 23.5312 12.3136 3.0000
v 23.5312 12.3136 0.0000
v 23.5312 12.1636 0.0000
v 23.6812 12.1636 0.0000
v 23.6812 12.3136 0.0000
v 23.5312 12.3136 3.0000
v 23.5312 12.1636 3.0000
v 23.6812 12.1636 3.0000
v 23.6812 12.3136 3.0000
v 23.6062 12.2386 0.0000
v 23.7562 12.2386 0.0000
v 23.7562 13.8919 0.0000
v 23.6062 13.8919 0.0000
v 23.6062 12.2386 3.0000
v 23.7562 12.2386 3.0000
v 23.7562 13.8919 3.0000
v 23.6062 13.8919 3.0000
v 23.6812 13.8169 0.0000
v 23.6812 13.9669 0.0000
v 23.5312 13.9669 0.0000
v 23.5312 13.8169 0.0000
v 23.6812 13.8169 3.0000
v 23.6812 13.9669 3.0000
v 23.5312 13.9669 3.0000
v 23.5312 13.8169 3.0000
v 23.6062 13.8919 0.0000
v 23.4562 13.8919 0.0000
v 23.4562 12.3886 0.0000
v 23.6062 12.3886 0.0000
v 23.6062 13.8919 3.0000
v 23.4562 13.8919 3.0000
v 23.4562 12.3886 3.0000
v 23.6062 12.3886 3.0000
v 23.5312 12.3136 0.0000
v 23.5312 12.4636 0.0000
v 23.4312 12.4636 0.0000
v 23.4312 12.3136 0.0000
v 23.5312 12.3136 3.0000
v 23.5312 12.4636 3.0000
v 23.4312 12.4636 3.0000
v 23.4312 12.3136 3.0000
v 23.4312 12.3136 0.0000
v 23.4312 12.4636 0.0000
v 22.8327 12.4636 0.0000
v 22.8327 12.3136 0.0000
v 23.4312 12.3136 3.0000
v 23.4312 12.4636 3.0000
v 22.8327 12.4636 3.0000
v 22.8327 12.3136 3.0000
v 22.7577 12.3885 0.0000
v 22.9077 12.3887 0.0000
v 22.9062 14.2419 0.0000
v 22.7562 14.2418 0.0000
v 22.7577 12.3885 3.0000
v 22.9077 12.3887 3.0000
v 22.9062 14.2419 3.0000
v 22.7562 14.2418 3.0000
v 22.8312 14.3169 0.0000
v 22.8312 14.1669 0.0000
v 23.5312 14.1669 0.0000
v 23.5312 14.3169 0.0000
v 22.8312 14.3169 3.0000
v 22.8312 14.1669 3.0000
v 23.5312 14.1669 3.0000
v 23.5312 14.3169 3.0000
v 23.5312 9.3869 0.0000
v 23.5312 9.2369 0.0000
v 23.6812 9.2369 0.0000
v 23.6812 9.3869 0.0000
v 23.5312 9.3869 3.0000
v 23.5312 9.2369 3.0000
v 23.6812 9.2369 3.0000
v 23.6812 9.3869 3.0000
v 23.6062 9.3119 0.0000
v 23.7562 9.3119 0.0000
v 23.7562 12.2386 0.0000
v 23.6062 12.2386 0.0000
v 23.6062 9.3119 3.0000
v 23.7562 9.3119 3.0000
v 23.7562 12.2386 3.0000
v 23.6062 12.2386 3.0000
v 23.6812 12.1636 0.0000
v 23.6812 12.3136 0.0000
v 23.5312 12.3136 0.0000
v 23.5312 12.1636 0.0000
v 23.6812 12.1636 3.0000
v 23.6812 12.3136 3.0000
v 23.5312 12.3136 3.0000
v 23.5312 12.1636 3.0000
v 23.6062 12.2386 0.0000
v 23.4562 12.2386 0.0000
v 23.4562 9.3119 0.0000
v 23.6062 9.3119 0.0000
v 23.6062 12.2386 3.0000
v 23.4562 12.2386 3.0000
v 23.4562 9.3119 3.0000
v 23.6062 9.3119 3.0000
v 23.1312 -6.0781 0.0000
v 23.1312 -6.2281 0.0000
v 23.5312 -6.2281 0.0000
v 23.5312 -6.0781 0.0000
v 23.1312 -6.0781 3.0000
v 23.1312 -6.2281 3.0000
v 23.5312 -6.2281 3.0000
v 23.5312 -6.0781 3.0000
v 23.6062 -6.1531 0.0000
v 23.4562 -6.1531 0.0000
v 23.4562 -6.3031 0.0000
v 23.6062 -6.3031 0.0000
v 23.6062 -6.1531 3.0000
v 23.4562 -6.1531 3.0000
v 23.4562 -6.3031 3.0000
v 23.6062 -6.3031 3.0000
v 23.5312 -6.3781 0.0000
v 23.5312 -6.2281 0.0000
v 23.1312 -6.2281 0.0000
v 23.1312 -6.3781 0.0000
v 23.5312 -6.3781 3.0000
v 23.5312 -6.2281 3.0000
v 23.1312 -6.2281 3.0000
v 23.1312 -6.3781 3.0000
v 23.5312 -4.6031 0.0000
v 23.5313 -4.4531 0.0000
v 22.8313 -4.4528 0.0000
v 22.8312 -4.6028 0.0000
v 23.5312 -4.6031 3.0000
v 23.5313 -4.4531 3.0000
v 22.8313 -4.4528 3.0000
v 22.8312 -4.6028 3.0000
v 22.9062 -4.5278 0.0000
v 22.7562 -4.5278 0.0000
v 22.7562 -6.1531 0.0000
v 22.9062 -6.1531 0.0000
v 22.9062 -4.5278 3.0000
v 22.7562 -4.5278 3.0000
v 22.7562 -6.1531 3.0000
v 22.9062 -6.1531 3.0000
v 22.8312 -6.0781 0.0000
v 22.8312 -6.2281 0.0000
v 23.5312 -6.2281 0.0000
v 23.5312 -6.0781 0.0000
v 22.8312 -6.0781 3.0000
v 22.8312 -6.2281 3.0000
v 23.5312 -6.2281 3.0000
v 23.5312 -6.0781 3.0000
v 23.5312 -6.3781 0.0000
v 23.5312 -6.2281 0.0000
v 22.6812 -6.2281 0.0000
v 22.6812 -6.3781 0.0000
v 23.5312 -6.3781 3.0000
v 23.5312 -6.2281 3.0000
v 22.6812 -6.2281 3.0000
v 22.6812 -6.3781 3.0000
v 22.6062 -6.3031 0.0000
v 22.7562 -6.3031 0.0000
v 22.7562 -6.1531 0.0000
v 22.6062 -6.1531 0.0000
v 22.6062 -6.3031 3.0000
v 22.7562 -6.3031 3.0000
v 22.7562 -6.1531 3.0000
v 22.6062 -6.1531 3.0000
v 22.6062 -6.1531 0.0000
v 22.7562 -6.1531 0.0000
v 22.7562 -4.5281 0.0000
v 22.6062 -4.5281 0.0000
v 22.6062 -6.1531 3.0000
v 22.7562 -6.1531 3.0000
v 22.7562 -4.5281 3.0000
v 22.6062 -4.5281 3.0000
v 22.6062 -4.5281 0.0000
v 22.7562 -4.5281 0.0000
v 22.7562 -4.3781 0.0000
v 22.6062 -4.3781 0.0000
v 22.6062 -4.5281 3.0000
v 22.7562 -4.5281 3.0000
v 22.7562 -4.3781 3.0000
v 22.6062 -4.3781 3.0000
v 22.6812 -4.3031 0.0000
v 22.6812 -4.4531 0.0000
v 23.5312 -4.4531 0.0000
v 23.5312 -4.3031 0.0000
v 22.6812 -4.3031 3.0000
v 22.6812 -4.4531 3.0000
v 23.5312 -4.4531 3.0000
v 23.5312 -4.3031 3.0000
v 23.5312 -14.7581 0.0000
v 23.5312 -14.6081 0.0000
v 22.8328 -14.6081 0.0000
v 22.8328 -14.7581 0.0000
v 23.5312 -14.7581 3.0000
v 23.5312 -14.6081 3.0000
v 22.8328 -14.6081 3.0000
v 22.8328 -14.7581 3.0000
v 22.9078 -14.6831 0.0000
v 22.7578 -14.6831 0.0000
v 22.7578 -16.1831 0.0000
v 22.9078 -16.1831 0.0000
v 22.9078 -14.6831 3.0000
v 22.7578 -14.6831 3.0000
v 22.7578 -16.1831 3.0000
v 22.9078 -16.1831 3.0000
v 22.8328 -16.1081 0.0000
v 22.8328 -16.2581 0.0000
v 23.5312 -16.2581 0.0000
v 23.5312 -16.1081 0.0000
v 22.8328 -16.1081 3.0000
v 22.8328 -16.2581 3.0000
v 23.5312 -16.2581 3.0000
v 23.5312 -16.1081 3.0000
v 23.5317 -16.4081 0.0000
v 23.5307 -16.2581 0.0000
v 22.6807 -16.2640 0.0000
v 22.6817 -16.4140 0.0000
v 23.5317 -16.4081 3.0000
v 23.5307 -16.2581 3.0000
v 22.6807 -16.2640 3.0000
v 22.6817 -16.4140 3.0000
v 22.6062 -16.3390 0.0000
v 22.7562 -16.3390 0.0000
v 22.7562 -16.1831 0.0000
v 22.6062 -16.1831 0.0000
v 22.6062 -16.3390 3.0000
v 22.7562 -16.3390 3.0000
v 22.7562 -16.1831 3.0000
v 22.6062 -16.1831 3.0000
v 22.6062 -16.1831 0.0000
v 22.7562 -16.1831 0.0000
v 22.7562 -14.6831 0.0000
v 22.6062 -14.6831 0.0000
v 22.6062 -16.1831 3.0000
v 22.7562 -16.1831 3.0000
v 22.7562 -14.6831 3.0000
v 22.6062 -14.6831 3.0000
v 22.6062 -14.6831 0.0000
v 22.7562 -14.6831 0.0000
v 22.7562 -14.5331 0.0000
v 22.6062 -14.5331 0.0000
v 22.6062 -14.6831 3.0000
v 22.7562 -14.6831 3.0000
v 22.7562 -14.5331 3.0000
v 22.6062 -14.5331 3.0000
v 22.6812 -14.4581 0.0000
v 22.6812 -14.6081 0.0000
v 23.6812 -14.6081 0.0000
v 23.6812 -14.4581 0.0000
v 22.6812 -14.4581 3.0000
v 22.6812 -14.6081 3.0000
v 23.6812 -14.6081 3.0000
v 23.6812 -14.4581 3.0000
v 23.5312 -35.7131 0.0000
v 23.5312 -35.8631 0.0000
v 23.6812 -35.8631 0.0000
v 23.6812 -35.7131 0.0000
v 23.5312 -35.7131 3.0000
v 23.5312 -35.8631 3.0000
v 23.6812 -35.8631 3.0000
v 23.6812 -35.7131 3.0000
v 23.6062 -35.7881 0.0000
v 23.7562 -35.7881 0.0000
v 23.7562 -32.8614 0.0000
v 23.6062 -32.8614 0.0000
v 23.6062 -35.7881 3.0000
v 23.7562 -35.7881 3.0000
v 23.7562 -32.8614 3.0000
v 23.6062 -32.8614 3.0000
v 23.6812 -32.9364 0.0000
v 23.6812 -32.7864 0.0000
v 23.5312 -32.7864 0.0000
v 23.5312 -32.9364 0.0000
v 23.6812 -32.9364 3.0000
v 23.6812 -32.7864 3.0000
v 23.5312 -32.7864 3.0000
v 23.5312 -32.9364 3.0000
v 23.6062 -32.8614 0.0000
v 23.4562 -32.8614 0.0000
v 23.4562 -35.7881 0.0000
v 23.6062 -35.7881 0.0000
v 23.6062 -32.8614 3.0000
v 23.4562 -32.8614 3.0000
v 23.4562 -35.7881 3.0000
v 23.6062 -35.7881 3.0000
v 75.0057 -14.6831 0.0000
v 74.8557 -14.6831 0.0000
v 74.8557 -16.0881 0.0000
v 75.0057 -16.0881 0.0000
v 75.0057 -14.6831 3.0000
v 74.8557 -14.6831 3.0000
v 74.8557 -16.0881 3.0000
v 75.0057 -16.0881 3.0000
v 74.9307 -16.0131 0.0000
v 74.9307 -16.1631 0.0000
v 75.0807 -16.1631 0.0000
v 75.0807 -16.0131 0.0000
v 74.9307 -16.0131 3.0000
v 74.9307 -16.1631 3.0000
v 75.0807 -16.1631 3.0000
v 75.0807 -16.0131 3.0000
v 75.0057 -16.0881 0.0000
v 75.1557 -16.0881 0.0000
v 75.1557 -11.5081 0.0000
v 75.0057 -11.5081 0.0000
v 75.0057 -16.0881 3.0000
v 75.1557 -16.0881 3.0000
v 75.1557 -11.5081 3.0000
v 75.0057 -11.5081 3.0000
v 75.0807 -11.5831 0.0000
v 75.0807 -11.4331 0.0000
v 74.9307 -11.4331 0.0000
v 74.9307 -11.5831 0.0000
v 75.0807 -11.5831 3.0000
v 75.0807 -11.4331 3.0000
v 74.9307 -11.4331 3.0000
v 74.9307 -11.5831 3.0000
v 75.0057 -11.5081 0.0000
v 74.8557 -11.5081 0.0000
v 74.8557 -14.5331 0.0000
v 75.0057 -14.5331 0.0000
v 75.0057 -11.5081 3.0000
v 74.8557 -11.5081 3.0000
v 74.8557 -14.5331 3.0000
v 75.0057 -14.5331 3.0000
v 75.0057 -4.5281 0.0000
v 74.8557 -4.5281 0.0000
v 74.8557 -5.9281 0.0000
v 75.0057 -5.9281 0.0000
v 75.0057 -4.5281 3.0000
v 74.8557 -4.5281 3.0000
v 74.8557 -5.9281 3.0000
v 75.0057 -5.9281 3.0000
v 74.9307 -5.8531 0.0000
v 74.9307 -6.0031 0.0000
v 75.0807 -6.0031 0.0000
v 75.0807 -5.8531 0.0000
v 74.9307 -5.8531 3.0000
v 74.9307 -6.0031 3.0000
v 75.0807 -6.0031 3.0000
v 75.0807 -5.8531 3.0000
v 75.0057 -5.9281 0.0000
v 75.1557 -5.9281 0.0000
v 75.1557 -1.3481 0.0000
v 75.0057 -1.3481 0.0000
v 75.0057 -5.9281 3.0000
v 75.1557 -5.9281 3.0000
v 75.1557 -1.3481 3.0000
v 75.0057 -1.3481 3.0000
v 75.0807 -1.4231 0.0000
v 75.0807 -1.2731 0.0000
v 74.9307 -1.2731 0.0000
v 74.9307 -1.4231 0.0000
v 75.0807 -1.4231 3.0000
v 75.0807 -1.2731 3.0000
v 74.9307 -1.2731 3.0000
v 74.9307 -1.4231 3.0000
v 75.0057 -1.3481 0.0000
v 74.8557 -1.3481 0.0000
v 74.8557 -4.3781 0.0000
v 75.0057 -4.3781 0.0000
v 75.0057 -1.3481 3.0000
v 74.8557 -1.3481 3.0000
v 74.8557 -4.3781 3.0000
v 75.0057 -4.3781 3.0000
v 74.9307 14.3169 0.0000
v 74.9307 14.4669 0.0000
v 74.0807 14.4669 0.0000
v 74.0807 14.3169 0.0000
v 74.9307 14.3169 3.0000
v 74.9307 14.4669 3.0000
v 74.0807 14.4669 3.0000
v 74.0807 14.3169 3.0000
v 74.1557 14.3919 0.0000
v 74.0057 14.3919 0.0000
v 74.0057 12.3886 0.0000
v 74.1557 12.3886 0.0000
v 74.1557 14.3919 3.0000
v 74.0057 14.3919 3.0000
v 74.0057 12.3886 3.0000
v 74.1557 12.3886 3.0000
v 74.1557 12.3886 0.0000
v 74.0057 12.3886 0.0000
v 74.0057 12.2386 0.0000
v 74.1557 12.2386 0.0000
v 74.1557 12.3886 3.0000
v 74.0057 12.3886 3.0000
v 74.0057 12.2386 3.0000
v 74.1557 12.2386 3.0000
v 74.0807 12.3136 0.0000
v 74.0807 12.1636 0.0000
v 74.9307 12.1636 0.0000
v 74.9307 12.3136 0.0000
v 74.0807 12.3136 3.0000
v 74.0807 12.1636 3.0000
v 74.9307 12.1636 3.0000
v 74.9307 12.3136 3.0000
v 74.9307 12.3136 0.0000
v 74.9307 12.1636 0.0000
v 75.0807 12.1636 0.0000
v 75.0807 12.3136 0.0000
v 74.9307 12.3136 3.0000
v 74.9307 12.1636 3.0000
v 75.0807 12.1636 3.0000
v 75.0807 12.3136 3.0000
v 75.0057 12.2386 0.0000
v 75.1557 12.2386 0.0000
v 75.1557 13.8919 0.0000
v 75.0057 13.8919 0.0000
v 75.0057 12.2386 3.0000
v 75.1557 12.2386 3.0000
v 75.1557 13.8919 3.0000
v 75.0057 13.8919 3.0000
v 75.0807 13.8169 0.0000
v 75.0807 13.9669 0.0000
v 74.9307 13.9669 0.0000
v 74.9307 13.8169 0.0000
v 75.0807 13.8169 3.0000
v 75.0807 13.9669 3.0000
v 74.9307 13.9669 3.0000
v 74.9307 13.8169 3.0000
v 75.0057 13.8919 0.0000
v 74.8557 13.8919 0.0000
v 74.8557 12.3886 0.0000
v 75.0057 12.3886 0.0000
v 75.0057 13.8919 3.0000
v 74.8557 13.8919 3.0000
v 74.8557 12.3886 3.0000
v 75.0057 12.3886 3.0000
v 74.9307 12.3136 0.0000
v 74.9307 12.4636 0.0000
v 74.8307 12.4636 0.0000
v 74.8307 12.3136 0.0000
v 74.9307 12.3136 3.0000
v 74.9307 12.4636 3.0000
v 74.8307 12.4636 3.0000
v 74.8307 12.3136 3.0000
v 74.8307 12.3136 0.0000
v 74.8307 12.4636 0.0000
v 74.2321 12.4636 0.0000
v 74.2321 12.3136 0.0000
v 74.8307 12.3136 3.0000
v 74.8307 12.4636 3.0000
v 74.2321 12.4636 3.0000
v 74.2321 12.3136 3.0000
v 74.1571 12.3885 0.0000
v 74.3071 12.3887 0.0000
v 74.3057 14.2419 0.0000
v 74.1557 14.2418 0.0000
v 74.1571 12.3885 3.0000
v 74.3071 12.3887 3.0000
v 74.3057 14.2419 3.0000
v 74.1557 14.2418 3.0000
v 74.2307 14.3169 0.0000
v 74.2307 14.1669 0.0000
v 74.9307 14.1669 0.0000
v 74.9307 14.3169 0.0000
v 74.2307 14.3169 3.0000
v 74.2307 14.1669 3.0000
v 74.9307 14.1669 3.0000
v 74.9307 14.3169 3.0000
v 74.9307 9.3869 0.0000
v 74.9307 9.2369 0.0000
v 75.0807 9.2369 0.0000
v 75.0807 9.3869 0.0000
v 74.9307 9.3869 3.0000
v 74.9307 9.2369 3.0000
v 75.0807 9.2369 3.0000
v 75.0807 9.3869 3.0000
v 75.0057 9.3119 0.0000
v 75.1557 9.3119 0.0000
v 75.1557 12.2386 0.0000
v 75.0057 12.2386 0.0000
v 75.0057 9.3119 3.0000
v 75.1557 9.3119 3.0000
v 75.1557 12.2386 3.0000
v 75.0057 12.2386 3.0000
v 75.0807 12.1636 0.0000
v 75.0807 12.3136 0.0000
v 74.9307 12.3136 0.0000
v 74.9307 12.1636 0.0000
v 75.0807 12.1636 3.0000
v 75.0807 12.3136 3.0000
v 74.9307 12.3136 3.0000
v 74.9307 12.1636 3.0000
v 75.0057 12.2386 0.0000
v 74.8557 12.2386 0.0000
v 74.8557 9.3119 0.0000
v 75.0057 9.3119 0.0000
v 75.0057 12.2386 3.0000
v 74.8557 12.2386 3.0000
v 74.8557 9.3119 3.0000
v 75.0057 9.3119 3.0000
v 74.5307 -6.0781 0.0000
v 74.5307 -6.2281 0.0000
v 74.9307 -6.2281 0.0000
v 74.9307 -6.0781 0.0000
v 74.5307 -6.0781 3.0000
v 74.5307 -6.2281 3.0000
v 74.9307 -6.2281 3.0000
v 74.9307 -6.0781 3.0000
v 75.0057 -6.1531 0.0000
v 74.8557 -6.1531 0.0000
v 74.8557 -6.3031 0.0000
v 75.0057 -6.3031 0.0000
v 75.0057 -6.1531 3.0000
v 74.8557 -6.1531 3.0000
v 74.8557 -6.3031 3.0000
v 75.0057 -6.3031 3.0000
v 74.9307 -6.3781 0.0000
v 74.9307 -6.2281 0.0000
v 74.5307 -6.2281 0.0000
v 74.5307 -6.3781 0.0000
v 74.9307 -6.3781 3.0000
v 74.9307 -6.2281 3.0000
v 74.5307 -6.2281 3.0000
v 74.5307 -6.3781 3.0000
v 74.9307 -4.6031 0.0000
v 74.9307 -4.4531 0.0000
v 74.2307 -4.4528 0.0000
v 74.2307 -4.6028 0.0000
v 74.9307 -4.6031 3.0000
v 74.9307 -4.4531 3.0000
v 74.2307 -4.4528 3.0000
v 74.2307 -4.6028 3.0000
v 74.3057 -4.5278 0.0000
v 74.1557 -4.5278 0.0000
v 74.1557 -6.1531 0.0000
v 74.3057 -6.1531 0.0000
v 74.3057 -4.5278 3.0000
v 74.1557 -4.5278 3.0000
v 74.1557 -6.1531 3.0000
v 74.3057 -6.1531 3.0000
v 74.2307 -6.0781 0.0000
v 74.2307 -6.2281 0.0000
v 74.9307 -6.2281 0.0000
v 74.9307 -6.0781 0.0000
v 74.2307 -6.0781 3.0000
v 74.2307 -6.2281 3.0000
v 74.9307 -6.2281 3.0000
v 74.9307 -6.0781 3.0000
v 74.9307 -6.3781 0.0000
v 74.9307 -6.2281 0.0000
v 74.0807 -6.2281 0.0000
v 74.0807 -6.3781 0.0000
v 74.9307 -6.3781 3.0000
v 74.9307 -6.2281 3.0000
v 74.0807 -6.2281 3.0000
v 74.0807 -6.3781 3.0000
v 74.0057 -6.3031 0.0000
v 74.1557 -6.3031 0.0000
v 74.1557 -6.1531 0.0000
v 74.0057 -6.1531 0.0000
v 74.0057 -6.3031 3.0000
v 74.1557 -6.3031 3.0000
v 74.1557 -6.1531 3.0000
v 74.0057 -6.1531 3.0000
v 74.0057 -6.1531 0.0000
v 74.1557 -6.1531 0.0000
v 74.1557 -4.5281 0.0000
v 74.0057 -4.5281 0.0000
v 74.0057 -6.1531 3.0000
v 74.1557 -6.1531 3.0000
v 74.1557 -4.5281 3.0000
v 74.0057 -4.5281 3.0000
v 74.0057 -4.5281 0.0000
v 74.1557 -4.5281 0.0000
v 74.1557 -4.3781 0.0000
v 74.0057 -4.3781 0.0000
v 74.0057 -4.5281 3.0000
v 74.1557 -4.5281 3.0000
v 74.1557 -4.3781 3.0000
v 74.0057 -4.3781 3.0000
v 74.0807 -4.3031 0.0000
v 74.0807 -4.4531 0.0000
v 74.9307 -4.4531 0.0000
v 74.9307 -4.3031 0.0000
v 74.0807 -4.3031 3.0000
v 74.0807 -4.4531 3.0000
v 74.9307 -4.4531 3.0000
v 74.9307 -4.3031 3.0000
v 74.9307 -14.7581 0.0000
v 74.9307 -14.6081 0.0000
v 74.2322 -14.6081 0.0000
v 74.2322 -14.7581 0.0000
v 74.9307 -14.7581 3.0000
v 74.9307 -14.6081 3.0000
v 74.2322 -14.6081 3.0000
v 74.2322 -14.7581 3.0000
v 74.3072 -14.6831 0.0000
v 74.1572 -14.6831 0.0000
v 74.1572 -16.1831 0.0000
v 74.3072 -16.1831 0.0000
v 74.3072 -14.6831 3.0000
v 74.1572 -14.6831 3.0000
v 74.1572 -16.1831 3.0000
v 74.3072 -16.1831 3.0000
v 74.2322 -16.1081 0.0000
v 74.2322 -16.2581 0.0000
v 74.9307 -16.2581 0.0000
v 74.9307 -16.1081 0.0000
v 74.2322 -16.1081 3.0000
v 74.2322 -16.2581 3.0000
v 74.9307 -16.2581 3.0000
v 74.9307 -16.1081 3.0000
v 74.9312 -16.4081 0.0000
v 74.9302 -16.2581 0.0000
v 74.0802 -16.2640 0.0000
v 74.0812 -16.4140 0.0000
v 74.9312 -16.4081 3.0000
v 74.9302 -16.2581 3.0000
v 74.0802 -16.2640 3.0000
v 74.0812 -16.4140 3.0000
v 74.0057 -16.3390 0.0000
v 74.1557 -16.3390 0.0000
v 74.1557 -16.1831 0.0000
v 74.0057 -16.1831 0.0000
v 74.0057 -16.3390 3.0000
v 74.1557 -16.3390 3.0000
v 74.1557 -16.1831 3.0000
v 74.0057 -16.1831 3.0000
v 74.0057 -16.1831 0.0000
v 74.1557 -16.1831 0.0000
v 74.1557 -14.6831 0.0000
v 74.0057 -14.6831 0.0000
v 74.0057 -16.1831 3.0000
v 74.1557 -16.1831 3.0000
v 74.1557 -14.6831 3.0000
v 74.0057 -14.6831 3.0000
v 74.0057 -14.6831 0.0000
v 74.1557 -14.6831 0.0000
v 74.1557 -14.5331 0.0000
v 74.0057 -14.5331 0.0000
v 74.0057 -14.6831 3.0000
v 74.1557 -14.6831 3.0000
v 74.1557 -14.5331 3.0000
v 74.0057 -14.5331 3.0000
v 74.0807 -14.4581 0.0000
v 74.0807 -14.6081 0.0000
v 75.0807 -14.6081 0.0000
v 75.0807 -14.4581 0.0000
v 74.0807 -14.4581 3.0000
v 74.0807 -14.6081 3.0000
v 75.0807 -14.6081 3.0000
v 75.0807 -14.4581 3.0000
v 74.9307 -35.7131 0.0000
v 74.9307 -35.8631 0.0000
v 75.0807 -35.8631 0.0000
v 75.0807 -35.7131 0.0000
v 74.9307 -35.7131 3.0000
v 74.9307 -35.8631 3.0000
v 75.0807 -35.8631 3.0000
v 75.0807 -35.7131 3.0000
v 75.0057 -35.7881 0.0000
v 75.1557 -35.7881 0.0000
v 75.1557 -32.8614 0.0000
v 75.0057 -32.8614 0.0000
v 75.0057 -35.7881 3.0000
v 75.1557 -35.7881 3.0000
v 75.1557 -32.8614 3.0000
v 75.0057 -32.8614 3.0000
v 75.0807 -32.9364 0.0000
v 75.0807 -32.7864 0.0000
v 74.9307 -32.7864 0.0000
v 74.9307 -32.9364 0.0000
v 75.0807 -32.9364 3.0000
v 75.0807 -32.7864 3.0000
v 74.9307 -32.7864 3.0000
v 74.9307 -32.9364 3.0000
v 75.0057 -32.8614 0.0000
v 74.8557 -32.8614 0.0000
v 74.8557 -35.7881 0.0000
v 75.0057 -35.7881 0.0000
v 75.0057 -32.8614 3.0000
v 74.8557 -32.8614 3.0000
v 74.8557 -35.7881 3.0000
v 75.0057 -35.7881 3.0000
v 108.8829 -26.3231 0.0000
v 108.8829 -26.1731 0.0000
v 108.7329 -26.1731 0.0000
v 108.7329 -26.3231 0.0000
v 108.8829 -26.3231 3.0000
v 108.8829 -26.1731 3.0000
v 108.7329 -26.1731 3.0000
v 108.7329 -26.3231 3.0000
v 108.6579 -26.2481 0.0000
v 108.8079 -26.2481 0.0000
v 108.8079 -21.6681 0.0000
v 108.6579 -21.6681 0.0000
v 108.6579 -26.2481 3.0000
v 108.8079 -26.2481 3.0000
v 108.8079 -21.6681 3.0000
v 108.6579 -21.6681 3.0000
v 108.7329 -21.5931 0.0000
v 108.7329 -21.7431 0.0000
v 108.8829 -21.7431 0.0000
v 108.8829 -21.5931 0.0000
v 108.7329 -21.5931 3.0000
v 108.7329 -21.7431 3.0000
v 108.8829 -21.7431 3.0000
v 108.8829 -21.5931 3.0000
v 108.9579 -21.6681 0.0000
v 108.8079 -21.6681 0.0000
v 108.8079 -26.2481 0.0000
v 108.9579 -26.2481 0.0000
v 108.9579 -21.6681 3.0000
v 108.8079 -21.6681 3.0000
v 108.8079 -26.2481 3.0000
v 108.9579 -26.2481 3.0000
v 108.9579 -17.9631 0.0000
v 108.8079 -17.9631 0.0000
v 108.8079 -21.1681 0.0000
v 108.9579 -21.1681 0.0000
v 108.9579 -17.9631 3.0000
v 108.8079 -17.9631 3.0000
v 108.8079 -21.1681 3.0000
v 108.9579 -21.1681 3.0000
v 108.8829 -21.2431 0.0000
v 108.8829 -21.0931 0.0000
v 108.7329 -21.0931 0.0000
v 108.7329 -21.2431 0.0000
v 108.8829 -21.2431 3.0000
v 108.8829 -21.0931 3.0000
v 108.7329 -21.0931 3.0000
v 108.7329 -21.2431 3.0000
v 108.6579 -21.1681 0.0000
v 108.8079 -21.1681 0.0000
v 108.8079 -16.5881 0.0000
v 108.6579 -16.5881 0.0000
v 108.6579 -21.1681 3.0000
v 108.8079 -21.1681 3.0000
v 108.8079 -16.5881 3.0000
v 108.6579 -16.5881 3.0000
v 108.7329 -16.5131 0.0000
v 108.7329 -16.6631 0.0000
v 108.8829 -16.6631 0.0000
v 108.8829 -16.5131 0.0000
v 108.7329 -16.5131 3.0000
v 108.7329 -16.6631 3.0000
v 108.8829 -16.6631 3.0000
v 108.8829 -16.5131 3.0000
v 108.9579 -16.5881 0.0000
v 108.8079 -16.5881 0.0000
v 108.8079 -17.9631 0.0000
v 108.9579 -17.9631 0.0000
v 108.9579 -16.5881 3.0000
v 108.8079 -16.5881 3.0000
v 108.8079 -17.9631 3.0000
v 108.9579 -17.9631 3.0000
v 108.8829 -16.1631 0.0000
v 108.8829 -16.0131 0.0000
v 108.7329 -16.0131 0.0000
v 108.7329 -16.1631 0.0000
v 108.8829 -16.1631 3.0000
v 108.8829 -16.0131 3.0000
v 108.7329 -16.0131 3.0000
v 108.7329 -16.1631 3.0000
v 108.6579 -16.0881 0.0000
v 108.8079 -16.0881 0.0000
v 108.8079 -11.5081 0.0000
v 108.6579 -11.5081 0.0000
v 108.6579 -16.0881 3.0000
v 108.8079 -16.0881 3.0000
v 108.8079 -11.5081 3.0000
v 108.6579 -11.5081 3.0000
v 108.7329 -11.4331 0.0000
v 108.7329 -11.5831 0.0000
v 108.8829 -11.5831 0.0000
v 108.8829 -11.4331 0.0000
v 108.7329 -11.4331 3.0000
v 108.7329 -11.5831 3.0000
v 108.8829 -11.5831 3.0000
v 108.8829 -11.4331 3.0000
v 108.9579 -11.5081 0.0000
v 108.8079 -11.5081 0.0000
v 108.8079 -16.0881 0.0000
v 108.9579 -16.0881 0.0000
v 108.9579 -11.5081 3.0000
v 108.8079 -11.5081 3.0000
v 108.8079 -16.0881 3.0000
v 108.9579 -16.0881 3.0000
v 108.9579 -7.9531 0.0000
v 108.8079 -7.9531 0.0000
v 108.8079 -11.0081 0.0000
v 108.9579 -11.0081 0.0000
v 108.9579 -7.9531 3.0000
v 108.8079 -7.9531 3.0000
v 108.8079 -11.0081 3.0000
v 108.9579 -11.0081 3.0000
v 108.8829 -11.0831 0.0000
v 108.8829 -10.9331 0.0000
v 108.7329 -10.9331 0.0000
v 108.7329 -11.0831 0.0000
v 108.8829 -11.0831 3.0000
v 108.8829 -10.9331 3.0000
v 108.7329 -10.9331 3.0000
v 108.7329 -11.0831 3.0000
v 108.6579 -11.0081 0.0000
v 108.8079 -11.0081 0.0000
v 108.8079 -6.4281 0.0000
v 108.6579 -6.4281 0.0000
v 108.6579 -11.0081 3.0000
v 108.8079 -11.0081 3.0000
v 108.8079 -6.4281 3.0000
v 108.6579 -6.4281 3.0000
v 108.7329 -6.3531 0.0000
v 108.7329 -6.5031 0.0000
v 108.8829 -6.5031 0.0000
v 108.8829 -6.3531 0.0000
v 108.7329 -6.3531 3.0000
v 108.7329 -6.5031 3.0000
v 108.8829 -6.5031 3.0000
v 108.8829 -6.3531 3.0000
v 108.9579 -6.4281 0.0000
v 108.8079 -6.4281 0.0000
v 108.8079 -7.9531 0.0000
v 108.9579 -7.9531 0.0000
v 108.9579 -6.4281 3.0000
v 108.8079 -6.4281 3.0000
v 108.8079 -7.9531 3.0000
v 108.9579 -7.9531 3.0000
v 108.9579 -4.5281 0.0000
v 108.8079 -4.5281 0.0000
v 108.8079 -5.9281 0.0000
v 108.9579 -5.9281 0.0000
v 108.9579 -4.5281 3.0000
v 108.8079 -4.5281 3.0000
v 108.8079 -5.9281 3.0000
v 108.9579 -5.9281 3.0000
v 108.8829 -6.0031 0.0000
v 108.8829 -5.8531 0.0000
v 108.7329 -5.8531 0.0000
v 108.7329 -6.0031 0.0000
v 108.8829 -6.0031 3.0000
v 108.8829 -5.8531 3.0000
v 108.7329 -5.8531 3.0000
v 108.7329 -6.0031 3.0000
v 108.6579 -5.9281 0.0000
v 108.8079 -5.9281 0.0000
v 108.8079 -1.3481 0.0000
v 108.6579 -1.3481 0.0000
v 108.6579 -5.9281 3.0000
v 108.8079 -5.9281 3.0000
v 108.8079 -1.3481 3.0000
v 108.6579 -1.3481 3.0000
v 108.7329 -1.2731 0.0000
v 108.7329 -1.4231 0.0000
v 108.8829 -1.4231 0.0000
v 108.8829 -1.2731 0.0000
v 108.7329 -1.2731 3.0000
v 108.7329 -1.4231 3.0000
v 108.8829 -1.4231 3.0000
v 108.8829 -1.2731 3.0000
v 108.9579 -1.3481 0.0000
v 108.8079 -1.3481 0.0000
v 108.8079 -4.3781 0.0000
v 108.9579 -4.3781 0.0000
v 108.9579 -1.3481 3.0000
v 108.8079 -1.3481 3.0000
v 108.8079 -4.3781 3.0000
v 108.9579 -4.3781 3.0000
v 108.8829 -0.9231 0.0000
v 108.8829 -0.7731 0.0000
v 108.7329 -0.7731 0.0000
v 108.7329 -0.9231 0.0000
v 108.8829 -0.9231 3.0000
v 108.8829 -0.7731 3.0000
v 108.7329 -0.7731 3.0000
v 108.7329 -0.9231 3.0000
v 108.6579 -0.8481 0.0000
v 108.8079 -0.8481 0.0000
v 108.8079 3.7319 0.0000
v 108.6579 3.7319 0.0000
v 108.6579 -0.8481 3.0000
v 108.8079 -0.8481 3.0000
v 108.8079 3.7319 3.0000
v 108.6579 3.7319 3.0000
v 108.7329 3.8069 0.0000
v 108.7329 3.6569 0.0000
v 108.8829 3.6569 0.0000
v 108.8829 3.8069 0.0000
v 108.7329 3.8069 3.0000
v 108.7329 3.6569 3.0000
v 108.8829 3.6569 3.0000
v 108.8829 3.8069 3.0000
v 108.9579 3.7319 0.0000
v 108.8079 3.7319 0.0000
v 108.8079 -0.8481 0.0000
v 108.9579 -0.8481 0.0000
v 108.9579 3.7319 3.0000
v 108.8079 3.7319 3.0000
v 108.8079 -0.8481 3.0000
v 108.9579 -0.8481 3.0000
v 108.9579 5.7869 0.0000
v 108.8079 5.7869 0.0000
v 108.8079 4.2319 0.0000
v 108.9579 4.2319 0.0000
v 108.9579 5.7869 3.0000
v 108.8079 5.7869 3.0000
v 108.8079 4.2319 3.0000
v 108.9579 4.2319 3.0000
v 108.8829 4.1569 0.0000
v 108.8829 4.3069 0.0000
v 108.7329 4.3069 0.0000
v 108.7329 4.1569 0.0000
v 108.8829 4.1569 3.0000
v 108.8829 4.3069 3.0000
v 108.7329 4.3069 3.0000
v 108.7329 4.1569 3.0000
v 108.6579 4.2319 0.0000
v 108.8079 4.2319 0.0000
v 108.8079 8.8119 0.0000
v 108.6579 8.8119 0.0000
v 108.6579 4.2319 3.0000
v 108.8079 4.2319 3.0000
v 108.8079 8.8119 3.0000
v 108.6579 8.8119 3.0000
v 108.7329 8.8869 0.0000
v 108.7329 8.7369 0.0000
v 108.8829 8.7369 0.0000
v 108.8829 8.8869 0.0000
v 108.7329 8.8869 3.0000
v 108.7329 8.7369 3.0000
v 108.8829 8.7369 3.0000
v 108.8829 8.8869 3.0000
v 108.9579 8.8119 0.0000
v 108.8079 8.8119 0.0000
v 108.8079 5.7869 0.0000
v 108.9579 5.7869 0.0000
v 108.9579 8.8119 3.0000
v 108.8079 8.8119 3.0000
v 108.8079 5.7869 3.0000
v 108.9579 5.7869 3.0000
v 108.8829 14.4669 0.0000
v 108.8829 14.3169 0.0000
v 109.4329 14.3169 0.0000
v 109.4329 14.4669 0.0000
v 108.8829 14.4669 3.0000
v 108.8829 14.3169 3.0000
v 109.4329 14.3169 3.0000
v 109.4329 14.4669 3.0000
v 109.5079 14.3919 0.0000
v 109.3579 14.3919 0.0000
v 109.3579 12.3886 0.0000
v 109.5079 12.3886 0.0000
v 109.5079 14.3919 3.0000
v 109.3579 14.3919 3.0000
v 109.3579 12.3886 3.0000
v 109.5079 12.3886 3.0000
v 109.5079 12.3886 0.0000
v 109.3579 12.3886 0.0000
v 109.3579 12.2386 0.0000
v 109.5079 12.2386 0.0000
v 109.5079 12.3886 3.0000
v 109.3579 12.3886 3.0000
v 109.3579 12.2386 3.0000
v 109.5079 12.2386 3.0000
v 109.4329 12.1636 0.0000
v 109.4329 12.3136 0.0000
v 108.8829 12.3136 0.0000
v 108.8829 12.1636 0.0000
v 109.4329 12.1636 3.0000
v 109.4329 12.3136 3.0000
v 108.8829 12.3136 3.0000
v 108.8829 12.1636 3.0000
v 108.8829 12.1636 0.0000
v 108.8829 12.3136 0.0000
v 108.7329 12.3136 0.0000
v 108.7329 12.1636 0.0000
v 108.8829 12.1636 3.0000
v 108.8829 12.3136 3.0000
v 108.7329 12.3136 3.0000
v 108.7329 12.1636 3.0000
v 108.6579 12.2386 0.0000
v 108.8079 12.2386 0.0000
v 108.8079 13.8919 0.0000
v 108.6579 13.8919 0.0000
v 108.6579 12.2386 3.0000
v 108.8079 12.2386 3.0000
v 108.8079 13.8919 3.0000
v 108.6579 13.8919 3.0000
v 108.7329 13.9669 0.0000
v 108.7329 13.8169 0.0000
v 108.8829 13.8169 0.0000
v 108.8829 13.9669 0.0000
v 108.7329 13.9669 3.0000
v 108.7329 13.8169 3.0000
v 108.8829 13.8169 3.0000
v 108.8829 13.9669 3.0000
v 108.9579 13.8919 0.0000
v 108.8079 13.8919 0.0000
v 108.8079 12.3886 0.0000
v 108.9579 12.3886 0.0000
v 108.9579 13.8919 3.0000
v 108.8079 13.8919 3.0000
v 108.8079 12.3886 3.0000
v 108.9579 12.3886 3.0000
v 108.8829 12.4636 0.0000
v 108.8829 12.3136 0.0000
v 108.9829 12.3136 0.0000
v 108.9829 12.4636 0.0000
v 108.8829 12.4636 3.0000
v 108.8829 12.3136 3.0000
v 108.9829 12.3136 3.0000
v 108.9829 12.4636 3.0000
v 108.9829 12.4636 0.0000
v 108.9829 12.3136 0.0000
v 109.2829 12.3136 0.0000
v 109.2829 12.4636 0.0000
v 108.9829 12.4636 3.0000
v 108.9829 12.3136 3.0000
v 109.2829 12.3136 3.0000
v 109.2829 12.4636 3.0000
v 109.2079 12.3886 0.0000
v 109.3579 12.3886 0.0000
v 109.3579 14.2419 0.0000
v 109.2079 14.2419 0.0000
v 109.2079 12.3886 3.0000
v 109.3579 12.3886 3.0000
v 109.3579 14.2419 3.0000
v 109.2079 14.2419 3.0000
v 109.2829 14.1669 0.0000
v 109.2829 14.3169 0.0000
v 108.8829 14.3169 0.0000
v 108.8829 14.1669 0.0000
v 109.2829 14.1669 3.0000
v 109.2829 14.3169 3.0000
v 108.8829 14.3169 3.0000
v 108.8829 14.1669 3.0000
v 108.8829 9.2369 0.0000
v 108.8829 9.3869 0.0000
v 108.7329 9.3869 0.0000
v 108.7329 9.2369 0.0000
v 108.8829 9.2369 3.0000
v 108.8829 9.3869 3.0000
v 108.7329 9.3869 3.0000
v 108.7329 9.2369 3.0000
v 108.6579 9.3119 0.0000
v 108.8079 9.3119 0.0000
v 108.8079 12.2386 0.0000
v 108.6579 12.2386 0.0000
v 108.6579 9.3119 3.0000
v 108.8079 9.3119 3.0000
v 108.8079 12.2386 3.0000
v 108.6579 12.2386 3.0000
v 108.7329 12.3136 0.0000
v 108.7329 12.1636 0.0000
v 108.8829 12.1636 0.0000
v 108.8829 12.3136 0.0000
v 108.7329 12.3136 3.0000
v 108.7329 12.1636 3.0000
v 108.8829 12.1636 3.0000
v 108.8829 12.3136 3.0000
v 108.9579 12.2386 0.0000
v 108.8079 12.2386 0.0000
v 108.8079 9.3119 0.0000
v 108.9579 9.3119 0.0000
v 108.9579 12.2386 3.0000
v 108.8079 12.2386 3.0000
v 108.8079 9.3119 3.0000
v 108.9579 9.3119 3.0000
v 108.8829 -4.4531 0.0000
v 108.8829 -4.6031 0.0000
v 109.2829 -4.6031 0.0000
v 109.2829 -4.4531 0.0000
v 108.8829 -4.4531 3.0000
v 108.8829 -4.6031 3.0000
v 109.2829 -4.6031 3.0000
v 109.2829 -4.4531 3.0000
v 109.3579 -4.5281 0.0000
v 109.5079 -4.5281 0.0000
v 109.5079 -4.3781 0.0000
v 109.3579 -4.3781 0.0000
v 109.3579 -4.5281 3.0000
v 109.5079 -4.5281 3.0000
v 109.5079 -4.3781 3.0000
v 109.3579 -4.3781 3.0000
v 109.4329 -4.4531 0.0000
v 109.4329 -4.3031 0.0000
v 108.7329 -4.3031 0.0000
v 108.7329 -4.4531 0.0000
v 109.4329 -4.4531 3.0000
v 109.4329 -4.3031 3.0000
v 108.7329 -4.3031 3.0000
v 108.7329 -4.4531 3.0000
v 108.8079 -4.3781 0.0000
v 108.6579 -4.3781 0.0000
v 108.6579 -4.5281 0.0000
v 108.8079 -4.5281 0.0000
v 108.8079 -4.3781 3.0000
v 108.6579 -4.3781 3.0000
v 108.6579 -4.5281 3.0000
v 108.8079 -4.5281 3.0000
v 109.3579 -6.3031 0.0000
v 109.5079 -6.3031 0.0000
v 109.5079 -6.1531 0.0000
v 109.3579 -6.1531 0.0000
v 109.3579 -6.3031 3.0000
v 109.5079 -6.3031 3.0000
v 109.5079 -6.1531 3.0000
v 109.3579 -6.1531 3.0000
v 109.2829 -6.2281 0.0000
v 109.2829 -6.0781 0.0000
v 108.8829 -6.0781 0.0000
v 108.8829 -6.2281 0.0000
v 109.2829 -6.2281 3.0000
v 109.2829 -6.0781 3.0000
v 108.8829 -6.0781 3.0000
v 108.8829 -6.2281 3.0000
v 108.9579 -6.1531 0.0000
v 108.8079 -6.1531 0.0000
v 108.8079 -6.3031 0.0000
v 108.9579 -6.3031 0.0000
v 108.9579 -6.1531 3.0000
v 108.8079 -6.1531 3.0000
v 108.8079 -6.3031 3.0000
v 108.9579 -6.3031 3.0000
v 108.8829 -6.2281 0.0000
v 108.8829 -6.3781 0.0000
v 109.2829 -6.3781 0.0000
v 109.2829 -6.2281 0.0000
v 108.8829 -6.2281 3.0000
v 108.8829 -6.3781 3.0000
v 109.2829 -6.3781 3.0000
v 109.2829 -6.2281 3.0000
v 108.8829 -4.4531 0.0000
v 108.8829 -4.6031 0.0000
v 109.2829 -4.6031 0.0000
v 109.2829 -4.4531 0.0000
v 108.8829 -4.4531 3.0000
v 108.8829 -4.6031 3.0000
v 109.2829 -4.6031 3.0000
v 109.2829 -4.4531 3.0000
v 109.3579 -4.5281 0.0000
v 109.2079 -4.5281 0.0000
v 109.2079 -6.1531 0.0000
v 109.3579 -6.1531 0.0000
v 109.3579 -4.5281 3.0000
v 109.2079 -4.5281 3.0000
v 109.2079 -6.1531 3.0000
v 109.3579 -6.1531 3.0000
v 109.2829 -6.2281 0.0000
v 109.2829 -6.0781 0.0000
v 108.8829 -6.0781 0.0000
v 108.8829 -6.2281 0.0000
v 109.2829 -6.2281 3.0000
v 109.2829 -6.0781 3.0000
v 108.8829 -6.0781 3.0000
v 108.8829 -6.2281 3.0000
v 108.8829 -6.2281 0.0000
v 108.8829 -6.3781 0.0000
v 109.4329 -6.3781 0.0000
v 109.4329 -6.2281 0.0000
v 108.8829 -6.2281 3.0000
v 108.8829 -6.3781 3.0000
v 109.4329 -6.3781 3.0000
v 109.4329 -6.2281 3.0000
v 109.3579 -6.3031 0.0000
v 109.5079 -6.3031 0.0000
v 109.5079 -6.1531 0.0000
v 109.3579 -6.1531 0.0000
v 109.3579 -6.3031 3.0000
v 109.5079 -6.3031 3.0000
v 109.5079 -6.1531 3.0000
v 109.3579 -6.1531 3.0000
v 109.3579 -6.1531 0.0000
v 109.5079 -6.1531 0.0000
v 109.5079 -4.5281 0.0000
v 109.3579 -4.5281 0.0000
v 109.3579 -6.1531 3.0000
v 109.5079 -6.1531 3.0000
v 109.5079 -4.5281 3.0000
v 109.3579 -4.5281 3.0000
v 109.3579 -4.5281 0.0000
v 109.5079 -4.5281 0.0000
v 109.5079 -4.3781 0.0000
v 109.3579 -4.3781 0.0000
v 109.3579 -4.5281 3.0000
v 109.5079 -4.5281 3.0000
v 109.5079 -4.3781 3.0000
v 109.3579 -4.3781 3.0000
v 109.4329 -4.4531 0.0000
v 109.4329 -4.3031 0.0000
v 108.8829 -4.3031 0.0000
v 108.8829 -4.4531 0.0000
v 109.4329 -4.4531 3.0000
v 109.4329 -4.3031 3.0000
v 108.8829 -4.3031 3.0000
v 108.8829 -4.4531 3.0000
v 108.8829 -14.6081 0.0000
v 108.8829 -14.7581 0.0000
v 109.2829 -14.7581 0.0000
v 109.2829 -14.6081 0.0000
v 108.8829 -14.6081 3.0000
v 108.8829 -14.7581 3.0000
v 109.2829 -14.7581 3.0000
v 109.2829 -14.6081 3.0000
v 109.3579 -14.6831 0.0000
v 109.2079 -14.6831 0.0000
v 109.2079 -16.1831 0.0000
v 109.3579 -16.1831 0.0000
v 109.3579 -14.6831 3.0000
v 109.2079 -14.6831 3.0000
v 109.2079 -16.1831 3.0000
v 109.3579 -16.1831 3.0000
v 109.2829 -16.2581 0.0000
v 109.2829 -16.1081 0.0000
v 108.8829 -16.1081 0.0000
v 108.8829 -16.2581 0.0000
v 109.2829 -16.2581 3.0000
v 109.2829 -16.1081 3.0000
v 108.8829 -16.1081 3.0000
v 108.8829 -16.2581 3.0000
v 108.8829 -16.2581 0.0000
v 108.8829 -16.4081 0.0000
v 109.4329 -16.4081 0.0000
v 109.4329 -16.2581 0.0000
v 108.8829 -16.2581 3.0000
v 108.8829 -16.4081 3.0000
v 109.4329 -16.4081 3.0000
v 109.4329 -16.2581 3.0000
v 109.3579 -16.3331 0.0000
v 109.5079 -16.3331 0.0000
v 109.5079 -16.1831 0.0000
v 109.3579 -16.1831 0.0000
v 109.3579 -16.3331 3.0000
v 109.5079 -16.3331 3.0000
v 109.5079 -16.1831 3.0000
v 109.3579 -16.1831 3.0000
v 109.3579 -16.1831 0.0000
v 109.5079 -16.1831 0.0000
v 109.5079 -14.6831 0.0000
v 109.3579 -14.6831 0.0000
v 109.3579 -16.1831 3.0000
v 109.5079 -16.1831 3.0000
v 109.5079 -14.6831 3.0000
v 109.3579 -14.6831 3.0000
v 109.3579 -14.6831 0.0000
v 109.5079 -14.6831 0.0000
v 109.5079 -14.5331 0.0000
v 109.3579 -14.5331 0.0000
v 109.3579 -14.6831 3.0000
v 109.5079 -14.6831 3.0000
v 109.5079 -14.5331 3.0000
v 109.3579 -14.5331 3.0000
v 109.4329 -14.6081 0.0000
v 109.4329 -14.4581 0.0000
v 108.7329 -14.4581 0.0000
v 108.7329 -14.6081 0.0000
v 109.4329 -14.6081 3.0000
v 109.4329 -14.4581 3.0000
v 108.7329 -14.4581 3.0000
v 108.7329 -14.6081 3.0000
v 108.8829 -35.8624 0.0000
v 108.8829 -35.7124 0.0000
v 108.7329 -35.7124 0.0000
v 108.7329 -35.8624 0.0000
v 108.8829 -35.8624 3.0000
v 108.8829 -35.7124 3.0000
v 108.7329 -35.7124 3.0000
v 108.7329 -35.8624 3.0000
v 108.6579 -35.7874 0.0000
v 108.8079 -35.7874 0.0000
v 108.8079 -32.8607 0.0000
v 108.6579 -32.8607 0.0000
v 108.6579 -35.7874 3.0000
v 108.8079 -35.7874 3.0000
v 108.8079 -32.8607 3.0000
v 108.6579 -32.8607 3.0000
v 108.7329 -32.7857 0.0000
v 108.7329 -32.9357 0.0000
v 108.8829 -32.9357 0.0000
v 108.8829 -32.7857 0.0000
v 108.7329 -32.7857 3.0000
v 108.7329 -32.9357 3.0000
v 108.8829 -32.9357 3.0000
v 108.8829 -32.7857 3.0000
v 108.9579 -32.8607 0.0000
v 108.8079 -32.8607 0.0000
v 108.8079 -35.7874 0.0000
v 108.9579 -35.7874 0.0000
v 108.9579 -32.8607 3.0000
v 108.8079 -32.8607 3.0000
v 108.8079 -35.7874 3.0000
v 108.9579 -35.7874 3.0000
v 23.9562 -16.5881 0.0000
v 24.1062 -16.5881 0.0000
v 24.1062 -16.4381 0.0000
v 23.9562 -16.4381 0.0000
v 23.9562 -16.5881 3.0000
v 24.1062 -16.5881 3.0000
v 24.1062 -16.4381 3.0000
v 23.9562 -16.4381 3.0000
v 24.0312 -16.3631 0.0000
v 24.0312 -16.5131 0.0000
v 31.0448 -16.5131 0.0000
v 31.0448 -16.3631 0.0000
v 24.0312 -16.3631 3.0000
v 24.0312 -16.5131 3.0000
v 31.0448 -16.5131 3.0000
v 31.0448 -16.3631 3.0000
v 31.1198 -16.4381 0.0000
v 30.9698 -16.4381 0.0000
v 30.9698 -16.5881 0.0000
v 31.1198 -16.5881 0.0000
v 31.1198 -16.4381 3.0000
v 30.9698 -16.4381 3.0000
v 30.9698 -16.5881 3.0000
v 31.1198 -16.5881 3.0000
v 31.0448 -16.6631 0.0000
v 31.0448 -16.5131 0.0000
v 24.0312 -16.5131 0.0000
v 24.0312 -16.6631 0.0000
v 31.0448 -16.6631 3.0000
v 31.0448 -16.5131 3.0000
v 24.0312 -16.5131 3.0000
v 24.0312 -16.6631 3.0000
v 23.9562 -26.7481 0.0000
v 24.1062 -26.7481 0.0000
v 24.1062 -26.5981 0.0000
v 23.9562 -26.5981 0.0000
v 23.9562 -26.7481 3.0000
v 24.1062 -26.7481 3.0000
v 24.1062 -26.5981 3.0000
v 23.9562 -26.5981 3.0000
v 24.0312 -26.5231 0.0000
v 24.0312 -26.6731 0.0000
v 31.0448 -26.6731 0.0000
v 31.0448 -26.5231 0.0000
v 24.0312 -26.5231 3.0000
v 24.0312 -26.6731 3.0000
v 31.0448 -26.6731 3.0000
v 31.0448 -26.5231 3.0000
v 31.1198 -26.5981 0.0000
v 30.9698 -26.5981 0.0000
v 30.9698 -26.7481 0.0000
v 31.1198 -26.7481 0.0000
v 31.1198 -26.5981 3.0000
v 30.9698 -26.5981 3.0000
v 30.9698 -26.7481 3.0000
v 31.1198 -26.7481 3.0000
v 31.0448 -26.8231 0.0000
v 31.0448 -26.6731 0.0000
v 24.0312 -26.6731 0.0000
v 24.0312 -26.8231 0.0000
v 31.0448 -26.8231 3.0000
v 31.0448 -26.6731 3.0000
v 24.0312 -26.6731 3.0000
v 24.0312 -26.8231 3.0000
v 23.9562 -26.7481 0.0000
v 24.1062 -26.7481 0.0000
v 24.1062 -26.5981 0.0000
v 23.9562 -26.5981 0.0000
v 23.9562 -26.7481 3.0000
v 24.1062 -26.7481 3.0000
v 24.1062 -26.5981 3.0000
v 23.9562 -26.5981 3.0000
v 24.0312 -26.5231 0.0000
v 24.0312 -26.6731 0.0000
v 31.0448 -26.6731 0.0000
v 31.0448 -26.5231 0.0000
v 24.0312 -26.5231 3.0000
v 24.0312 -26.6731 3.0000
v 31.0448 -26.6731 3.0000
v 31.0448 -26.5231 3.0000
v 31.1198 -26.5981 0.0000
v 30.9698 -26.5981 0.0000
v 30.9698 -26.7481 0.0000
v 31.1198 -26.7481 0.0000
v 31.1198 -26.5981 3.0000
v 30.9698 -26.5981 3.0000
v 30.9698 -26.7481 3.0000
v 31.1198 -26.7481 3.0000
v 31.0448 -26.8231 0.0000
v 31.0448 -26.6731 0.0000
v 24.0312 -26.6731 0.0000
v 24.0312 -26.8231 0.0000
v 31.0448 -26.8231 3.0000
v 31.0448 -26.6731 3.0000
v 24.0312 -26.6731 3.0000
v 24.0312 -26.8231 3.0000
v 49.6198 6.0467 0.0000
v 49.6198 6.1967 0.0000
v 49.4698 6.1967 0.0000
v 49.4698 6.0467 0.0000
v 49.6198 6.0467 3.0000
v 49.6198 6.1967 3.0000
v 49.4698 6.1967 3.0000
v 49.4698 6.0467 3.0000
v 49.9698 9.2369 0.0000
v 49.9698 9.3869 0.0000
v 49.8698 9.3869 0.0000
v 49.8698 9.2369 0.0000
v 49.9698 9.2369 3.0000
v 49.9698 9.3869 3.0000
v 49.8698 9.3869 3.0000
v 49.8698 9.2369 3.0000
v 49.7948 9.3119 0.0000
v 49.9448 9.3119 0.0000
v 49.9448 13.6419 0.0000
v 49.7948 13.6419 0.0000
v 49.7948 9.3119 3.0000
v 49.9448 9.3119 3.0000
v 49.9448 13.6419 3.0000
v 49.7948 13.6419 3.0000
v 49.7948 13.6419 0.0000
v 49.9448 13.6419 0.0000
v 49.9448 13.7919 0.0000
v 49.7948 13.7919 0.0000
v 49.7948 13.6419 3.0000
v 49.9448 13.6419 3.0000
v 49.9448 13.7919 3.0000
v 49.7948 13.7919 3.0000
v 49.7948 13.7919 0.0000
v 49.9448 13.7919 0.0000
v 49.9448 13.8919 0.0000
v 49.7948 13.8919 0.0000
v 49.7948 13.7919 3.0000
v 49.9448 13.7919 3.0000
v 49.9448 13.8919 3.0000
v 49.7948 13.8919 3.0000
v 49.8698 13.9669 0.0000
v 49.8698 13.8169 0.0000
v 49.9698 13.8169 0.0000
v 49.9698 13.9669 0.0000
v 49.8698 13.9669 3.0000
v 49.8698 13.8169 3.0000
v 49.9698 13.8169 3.0000
v 49.9698 13.9669 3.0000
v 50.0448 13.8919 0.0000
v 49.8948 13.8919 0.0000
v 49.8948 9.3119 0.0000
v 50.0448 9.3119 0.0000
v 50.0448 13.8919 3.0000
v 49.8948 13.8919 3.0000
v 49.8948 9.3119 3.0000
v 50.0448 9.3119 3.0000
v 49.6198 -4.1133 0.0000
v 49.6198 -3.9633 0.0000
v 49.4698 -3.9633 0.0000
v 49.4698 -4.1133 0.0000
v 49.6198 -4.1133 3.0000
v 49.6198 -3.9633 3.0000
v 49.4698 -3.9633 3.0000
v 49.4698 -4.1133 3.0000
v 49.9698 -0.9231 0.0000
v 49.9698 -0.7731 0.0000
v 49.8698 -0.7731 0.0000
v 49.8698 -0.9231 0.0000
v 49.9698 -0.9231 3.0000
v 49.9698 -0.7731 3.0000
v 49.8698 -0.7731 3.0000
v 49.8698 -0.9231 3.0000
v 49.7948 -0.8481 0.0000
v 49.9448 -0.8481 0.0000
v 49.9448 3.4819 0.0000
v 49.7948 3.4819 0.0000
v 49.7948 -0.8481 3.0000
v 49.9448 -0.8481 3.0000
v 49.9448 3.4819 3.0000
v 49.7948 3.4819 3.0000
v 49.7948 3.4819 0.0000
v 49.9448 3.4819 0.0000
v 49.9448 3.6319 0.0000
v 49.7948 3.6319 0.0000
v 49.7948 3.4819 3.0000
v 49.9448 3.4819 3.0000
v 49.9448 3.6319 3.0000
v 49.7948 3.6319 3.0000
v 49.7948 3.6319 0.0000
v 49.9448 3.6319 0.0000
v 49.9448 3.7319 0.0000
v 49.7948 3.7319 0.0000
v 49.7948 3.6319 3.0000
v 49.9448 3.6319 3.0000
v 49.9448 3.7319 3.0000
v 49.7948 3.7319 3.0000
v 49.8698 3.8069 0.0000
v 49.8698 3.6569 0.0000
v 49.9698 3.6569 0.0000
v 49.9698 3.8069 0.0000
v 49.8698 3.8069 3.0000
v 49.8698 3.6569 3.0000
v 49.9698 3.6569 3.0000
v 49.9698 3.8069 3.0000
v 50.0448 3.7319 0.0000
v 49.8948 3.7319 0.0000
v 49.8948 -0.8481 0.0000
v 50.0448 -0.8481 0.0000
v 50.0448 3.7319 3.0000
v 49.8948 3.7319 3.0000
v 49.8948 -0.8481 3.0000
v 50.0448 -0.8481 3.0000
v 31.3948 12.0771 0.0000
v 31.3948 11.9271 0.0000
v 31.5448 11.9271 0.0000
v 31.5448 12.0771 0.0000
v 31.3948 12.0771 3.0000
v 31.3948 11.9271 3.0000
v 31.5448 11.9271 3.0000
v 31.5448 12.0771 3.0000
v 31.0448 8.8941 0.0000
v 31.0448 8.7441 0.0000
v 31.1448 8.7441 0.0000
v 31.1448 8.8941 0.0000
v 31.0448 8.8941 3.0000
v 31.0448 8.7441 3.0000
v 31.1448 8.7441 3.0000
v 31.1448 8.8941 3.0000
v 31.2198 8.8191 0.0000
v 31.0698 8.8191 0.0000
v 31.0698 4.4891 0.0000
v 31.2198 4.4891 0.0000
v 31.2198 8.8191 3.0000
v 31.0698 8.8191 3.0000
v 31.0698 4.4891 3.0000
v 31.2198 4.4891 3.0000
v 31.2198 4.4891 0.0000
v 31.0698 4.4891 0.0000
v 31.0698 4.3891 0.0000
v 31.2198 4.3891 0.0000
v 31.2198 4.4891 3.0000
v 31.0698 4.4891 3.0000
v 31.0698 4.3891 3.0000
v 31.2198 4.3891 3.0000
v 31.2198 4.3891 0.0000
v 31.0698 4.3891 0.0000
v 31.0698 4.2319 0.0000
v 31.2198 4.2319 0.0000
v 31.2198 4.3891 3.0000
v 31.0698 4.3891 3.0000
v 31.0698 4.2319 3.0000
v 31.2198 4.2319 3.0000
v 31.1448 4.1569 0.0000
v 31.1448 4.3069 0.0000
v 31.0448 4.3069 0.0000
v 31.0448 4.1569 0.0000
v 31.1448 4.1569 3.0000
v 31.1448 4.3069 3.0000
v 31.0448 4.3069 3.0000
v 31.0448 4.1569 3.0000
v 30.9698 4.2319 0.0000
v 31.1198 4.2319 0.0000
v 31.1198 8.8191 0.0000
v 30.9698 8.8191 0.0000
v 30.9698 4.2319 3.0000
v 31.1198 4.2319 3.0000
v 31.1198 8.8191 3.0000
v 30.9698 8.8191 3.0000
v 101.0193 -14.2733 0.0000
v 101.0193 -14.1233 0.0000
v 100.8693 -14.1233 0.0000
v 100.8693 -14.2733 0.0000
v 101.0193 -14.2733 3.0000
v 101.0193 -14.1233 3.0000
v 100.8693 -14.1233 3.0000
v 100.8693 -14.2733 3.0000
v 101.3693 -11.0831 0.0000
v 101.3693 -10.9331 0.0000
v 101.2693 -10.9331 0.0000
v 101.2693 -11.0831 0.0000
v 101.3693 -11.0831 3.0000
v 101.3693 -10.9331 3.0000
v 101.2693 -10.9331 3.0000
v 101.2693 -11.0831 3.0000
v 101.1943 -11.0081 0.0000
v 101.3443 -11.0081 0.0000
v 101.3443 -6.6781 0.0000
v 101.1943 -6.6781 0.0000
v 101.1943 -11.0081 3.0000
v 101.3443 -11.0081 3.0000
v 101.3443 -6.6781 3.0000
v 101.1943 -6.6781 3.0000
v 101.1943 -6.6781 0.0000
v 101.3443 -6.6781 0.0000
v 101.3443 -6.5281 0.0000
v 101.1943 -6.5281 0.0000
v 101.1943 -6.6781 3.0000
v 101.3443 -6.6781 3.0000
v 101.3443 -6.5281 3.0000
v 101.1943 -6.5281 3.0000
v 101.1943 -6.5281 0.0000
v 101.3443 -6.5281 0.0000
v 101.3443 -6.4281 0.0000
v 101.1943 -6.4281 0.0000
v 101.1943 -6.5281 3.0000
v 101.3443 -6.5281 3.0000
v 101.3443 -6.4281 3.0000
v 101.1943 -6.4281 3.0000
v 101.2693 -6.3531 0.0000
v 101.2693 -6.5031 0.0000
v 101.3693 -6.5031 0.0000
v 101.3693 -6.3531 0.0000
v 101.2693 -6.3531 3.0000
v 101.2693 -6.5031 3.0000
v 101.3693 -6.5031 3.0000
v 101.3693 -6.3531 3.0000
v 101.4443 -6.4281 0.0000
v 101.2943 -6.4281 0.0000
v 101.2943 -11.0081 0.0000
v 101.4443 -11.0081 0.0000
v 101.4443 -6.4281 3.0000
v 101.2943 -6.4281 3.0000
v 101.2943 -11.0081 3.0000
v 101.4443 -11.0081 3.0000
v 101.0193 -24.4333 0.0000
v 101.0193 -24.2833 0.0000
v 100.8693 -24.2833 0.0000
v 100.8693 -24.4333 0.0000
v 101.0193 -24.4333 3.0000
v 101.0193 -24.2833 3.0000
v 100.8693 -24.2833 3.0000
v 100.8693 -24.4333 3.0000
v 101.3693 -21.2431 0.0000
v 101.3693 -21.0931 0.0000
v 101.2693 -21.0931 0.0000
v 101.2693 -21.2431 0.0000
v 101.3693 -21.2431 3.0000
v 101.3693 -21.0931 3.0000
v 101.2693 -21.0931 3.0000
v 101.2693 -21.2431 3.0000
v 101.1943 -21.1681 0.0000
v 101.3443 -21.1681 0.0000
v 101.3443 -16.8381 0.0000
v 101.1943 -16.8381 0.0000
v 101.1943 -21.1681 3.0000
v 101.3443 -21.1681 3.0000
v 101.3443 -16.8381 3.0000
v 101.1943 -16.8381 3.0000
v 101.1943 -16.8381 0.0000
v 101.3443 -16.8381 0.0000
v 101.3443 -16.6881 0.0000
v 101.1943 -16.6881 0.0000
v 101.1943 -16.8381 3.0000
v 101.3443 -16.8381 3.0000
v 101.3443 -16.6881 3.0000
v 101.1943 -16.6881 3.0000
v 101.1943 -16.6881 0.0000
v 101.3443 -16.6881 0.0000
v 101.3443 -16.5881 0.0000
v 101.1943 -16.5881 0.0000
v 101.1943 -16.6881 3.0000
v 101.3443 -16.6881 3.0000
v 101.3443 -16.5881 3.0000
v 101.1943 -16.5881 3.0000
v 101.2693 -16.5131 0.0000
v 101.2693 -16.6631 0.0000
v 101.3693 -16.6631 0.0000
v 101.3693 -16.5131 0.0000
v 101.2693 -16.5131 3.0000
v 101.2693 -16.6631 3.0000
v 101.3693 -16.6631 3.0000
v 101.3693 -16.5131 3.0000
v 101.4443 -16.5881 0.0000
v 101.2943 -16.5881 0.0000
v 101.2943 -21.1681 0.0000
v 101.4443 -21.1681 0.0000
v 101.4443 -16.5881 3.0000
v 101.2943 -16.5881 3.0000
v 101.2943 -21.1681 3.0000
v 101.4443 -21.1681 3.0000
v 82.7943 -3.1706 0.0000
v 82.7943 -3.3206 0.0000
v 82.9443 -3.3206 0.0000
v 82.9443 -3.1706 0.0000
v 82.7943 -3.1706 3.0000
v 82.7943 -3.3206 3.0000
v 82.9443 -3.3206 3.0000
v 82.9443 -3.1706 3.0000
v 82.4443 -6.3537 0.0000
v 82.4443 -6.5037 0.0000
v 82.5443 -6.5037 0.0000
v 82.5443 -6.3537 0.0000
v 82.4443 -6.3537 3.0000
v 82.4443 -6.5037 3.0000
v 82.5443 -6.5037 3.0000
v 82.5443 -6.3537 3.0000
v 82.6193 -6.4287 0.0000
v 82.4693 -6.4287 0.0000
v 82.4693 -10.7587 0.0000
v 82.6193 -10.7587 0.0000
v 82.6193 -6.4287 3.0000
v 82.4693 -6.4287 3.0000
v 82.4693 -10.7587 3.0000
v 82.6193 -10.7587 3.0000
v 82.6193 -10.7587 0.0000
v 82.4693 -10.7587 0.0000
v 82.4693 -10.8587 0.0000
v 82.6193 -10.8587 0.0000
v 82.6193 -10.7587 3.0000
v 82.4693 -10.7587 3.0000
v 82.4693 -10.8587 3.0000
v 82.6193 -10.8587 3.0000
v 82.6193 -10.8587 0.0000
v 82.4693 -10.8587 0.0000
v 82.4693 -11.0158 0.0000
v 82.6193 -11.0158 0.0000
v 82.6193 -10.8587 3.0000
v 82.4693 -10.8587 3.0000
v 82.4693 -11.0158 3.0000
v 82.6193 -11.0158 3.0000
v 82.5443 -11.0908 0.0000
v 82.5443 -10.9408 0.0000
v 82.4443 -10.9408 0.0000
v 82.4443 -11.0908 0.0000
v 82.5443 -11.0908 3.0000
v 82.5443 -10.9408 3.0000
v 82.4443 -10.9408 3.0000
v 82.4443 -11.0908 3.0000
v 82.3693 -11.0158 0.0000
v 82.5193 -11.0158 0.0000
v 82.5193 -6.4287 0.0000
v 82.3693 -6.4287 0.0000
v 82.3693 -11.0158 3.0000
v 82.5193 -11.0158 3.0000
v 82.5193 -6.4287 3.0000
v 82.3693 -6.4287 3.0000
v 82.9443 0.9769 0.0000
v 82.9443 1.1269 0.0000
v 81.7993 1.1269 0.0000
v 81.7993 0.9769 0.0000
v 82.9443 0.9769 3.0000
v 82.9443 1.1269 3.0000
v 81.7993 1.1269 3.0000
v 81.7993 0.9769 3.0000
v 82.9443 0.8276 0.0000
v 82.9443 0.9776 0.0000
v 81.9493 0.9776 0.0000
v 81.9493 0.8276 0.0000
v 82.9443 0.8276 3.0000
v 82.9443 0.9776 3.0000
v 81.9493 0.9776 3.0000
v 81.9493 0.8276 3.0000
v 82.7943 12.0694 0.0000
v 82.7943 11.9194 0.0000
v 82.9443 11.9194 0.0000
v 82.9443 12.0694 0.0000
v 82.7943 12.0694 3.0000
v 82.7943 11.9194 3.0000
v 82.9443 11.9194 3.0000
v 82.9443 12.0694 3.0000
v 82.8676 4.3319 0.0000
v 83.0176 4.3319 0.0000
v 83.0176 4.4819 0.0000
v 82.8676 4.4819 0.0000
v 82.8676 4.3319 3.0000
v 83.0176 4.3319 3.0000
v 83.0176 4.4819 3.0000
v 82.8676 4.4819 3.0000
v 82.8676 4.4819 0.0000
v 83.0176 4.4819 0.0000
v 83.0176 8.8119 0.0000
v 82.8676 8.8119 0.0000
v 82.8676 4.4819 3.0000
v 83.0176 4.4819 3.0000
v 83.0176 8.8119 3.0000
v 82.8676 8.8119 3.0000
v 82.9426 8.7369 0.0000
v 82.9426 8.8869 0.0000
v 82.7926 8.8869 0.0000
v 82.7926 8.7369 0.0000
v 82.9426 8.7369 3.0000
v 82.9426 8.8869 3.0000
v 82.7926 8.8869 3.0000
v 82.7926 8.7369 3.0000
v 82.8676 8.8119 0.0000
v 82.7176 8.8119 0.0000
v 82.7176 4.2319 0.0000
v 82.8676 4.2319 0.0000
v 82.8676 8.8119 3.0000
v 82.7176 8.8119 3.0000
v 82.7176 4.2319 3.0000
v 82.8676 4.2319 3.0000
v 82.7926 4.3069 0.0000
v 82.7926 4.1569 0.0000
v 82.9426 4.1569 0.0000
v 82.9426 4.3069 0.0000
v 82.7926 4.3069 3.0000
v 82.7926 4.1569 3.0000
v 82.9426 4.1569 3.0000
v 82.9426 4.3069 3.0000
v 82.8676 4.2319 0.0000
v 83.0176 4.2319 0.0000
v 83.0176 4.3319 0.0000
v 82.8676 4.3319 0.0000
v 82.8676 4.2319 3.0000
v 83.0176 4.2319 3.0000
v 83.0176 4.3319 3.0000
v 82.8676 4.3319 3.0000
v 82.7943 1.1244 0.0000
v 82.7943 0.9744 0.0000
v 82.9443 0.9744 0.0000
v 82.9443 1.1244 0.0000
v 82.7943 1.1244 3.0000
v 82.7943 0.9744 3.0000
v 82.9443 0.9744 3.0000
v 82.9443 1.1244 3.0000
v 82.7943 -13.3306 0.0000
v 82.7943 -13.4806 0.0000
v 82.9443 -13.4806 0.0000
v 82.9443 -13.3306 0.0000
v 82.7943 -13.3306 3.0000
v 82.7943 -13.4806 3.0000
v 82.9443 -13.4806 3.0000
v 82.9443 -13.3306 3.0000
v 82.8676 -21.0681 0.0000
v 83.0176 -21.0681 0.0000
v 83.0176 -20.9181 0.0000
v 82.8676 -20.9181 0.0000
v 82.8676 -21.0681 3.0000
v 83.0176 -21.0681 3.0000
v 83.0176 -20.9181 3.0000
v 82.8676 -20.9181 3.0000
v 82.8676 -20.9181 0.0000
v 83.0176 -20.9181 0.0000
v 83.0176 -16.5881 0.0000
v 82.8676 -16.5881 0.0000
v 82.8676 -20.9181 3.0000
v 83.0176 -20.9181 3.0000
v 83.0176 -16.5881 3.0000
v 82.8676 -16.5881 3.0000
v 82.9426 -16.6631 0.0000
v 82.9426 -16.5131 0.0000
v 82.7926 -16.5131 0.0000
v 82.7926 -16.6631 0.0000
v 82.9426 -16.6631 3.0000
v 82.9426 -16.5131 3.0000
v 82.7926 -16.5131 3.0000
v 82.7926 -16.6631 3.0000
v 82.8676 -16.5881 0.0000
v 82.7176 -16.5881 0.0000
v 82.7176 -21.1681 0.0000
v 82.8676 -21.1681 0.0000
v 82.8676 -16.5881 3.0000
v 82.7176 -16.5881 3.0000
v 82.7176 -21.1681 3.0000
v 82.8676 -21.1681 3.0000
v 82.7926 -21.0931 0.0000
v 82.7926 -21.2431 0.0000
v 82.9426 -21.2431 0.0000
v 82.9426 -21.0931 0.0000
v 82.7926 -21.0931 3.0000
v 82.7926 -21.2431 3.0000
v 82.9426 -21.2431 3.0000
v 82.9426 -21.0931 3.0000
v 82.8676 -21.1681 0.0000
v 83.0176 -21.1681 0.0000
v 83.0176 -21.0681 0.0000
v 82.8676 -21.0681 0.0000
v 82.8676 -21.1681 3.0000
v 83.0176 -21.1681 3.0000
v 83.0176 -21.0681 3.0000
v 82.8676 -21.0681 3.0000
v 82.7943 -24.2756 0.0000
v 82.7943 -24.4256 0.0000
v 82.9443 -24.4256 0.0000
v 82.9443 -24.2756 0.0000
v 82.7943 -24.2756 3.0000
v 82.7943 -24.4256 3.0000
v 82.9443 -24.4256 3.0000
v 82.9443 -24.2756 3.0000
v 100.9443 -31.8281 0.0000
v 101.0943 -31.8281 0.0000
v 101.0943 -28.6456 0.0000
v 100.9443 -28.6456 0.0000
v 100.9443 -31.8281 3.0000
v 101.0943 -31.8281 3.0000
v 101.0943 -28.6456 3.0000
v 100.9443 -28.6456 3.0000
v 100.9443 -28.6456 0.0000
v 101.0943 -28.6456 0.0000
v 101.0943 -28.4956 0.0000
v 100.9443 -28.4956 0.0000
v 100.9443 -28.6456 3.0000
v 101.0943 -28.6456 3.0000
v 101.0943 -28.4956 3.0000
v 100.9443 -28.4956 3.0000
v 101.0193 -28.5706 0.0000
v 101.0193 -28.4206 0.0000
v 100.8693 -28.4206 0.0000
v 100.8693 -28.5706 0.0000
v 101.0193 -28.5706 3.0000
v 101.0193 -28.4206 3.0000
v 100.8693 -28.4206 3.0000
v 100.8693 -28.5706 3.0000
v 101.0943 -31.8281 0.0000
v 100.9443 -31.8281 0.0000
v 100.9443 -32.3581 0.0000
v 101.0943 -32.3581 0.0000
v 101.0943 -31.8281 3.0000
v 100.9443 -31.8281 3.0000
v 100.9443 -32.3581 3.0000
v 101.0943 -32.3581 3.0000
v 57.5566 -17.9631 0.0000
v 57.4066 -17.9631 0.0000
v 57.4066 -21.1681 0.0000
v 57.5566 -21.1681 0.0000
v 57.5566 -17.9631 3.0000
v 57.4066 -17.9631 3.0000
v 57.4066 -21.1681 3.0000
v 57.5566 -21.1681 3.0000
v 57.4816 -21.2431 0.0000
v 57.4816 -21.0931 0.0000
v 57.3316 -21.0931 0.0000
v 57.3316 -21.2431 0.0000
v 57.4816 -21.2431 3.0000
v 57.4816 -21.0931 3.0000
v 57.3316 -21.0931 3.0000
v 57.3316 -21.2431 3.0000
v 57.2566 -21.1681 0.0000
v 57.4066 -21.1681 0.0000
v 57.4066 -16.5881 0.0000
v 57.2566 -16.5881 0.0000
v 57.2566 -21.1681 3.0000
v 57.4066 -21.1681 3.0000
v 57.4066 -16.5881 3.0000
v 57.2566 -16.5881 3.0000
v 57.3316 -16.5131 0.0000
v 57.3316 -16.6631 0.0000
v 57.4816 -16.6631 0.0000
v 57.4816 -16.5131 0.0000
v 57.3316 -16.5131 3.0000
v 57.3316 -16.6631 3.0000
v 57.4816 -16.6631 3.0000
v 57.4816 -16.5131 3.0000
v 57.5566 -16.5881 0.0000
v 57.4066 -16.5881 0.0000
v 57.4066 -17.9631 0.0000
v 57.5566 -17.9631 0.0000
v 57.5566 -16.5881 3.0000
v 57.4066 -16.5881 3.0000
v 57.4066 -17.9631 3.0000
v 57.5566 -17.9631 3.0000
v 57.4816 -16.1631 0.0000
v 57.4816 -16.0131 0.0000
v 57.3316 -16.0131 0.0000
v 57.3316 -16.1631 0.0000
v 57.4816 -16.1631 3.0000
v 57.4816 -16.0131 3.0000
v 57.3316 -16.0131 3.0000
v 57.3316 -16.1631 3.0000
v 57.2566 -16.0881 0.0000
v 57.4066 -16.0881 0.0000
v 57.4066 -11.5081 0.0000
v 57.2566 -11.5081 0.0000
v 57.2566 -16.0881 3.0000
v 57.4066 -16.0881 3.0000
v 57.4066 -11.5081 3.0000
v 57.2566 -11.5081 3.0000
v 57.3316 -11.4331 0.0000
v 57.3316 -11.5831 0.0000
v 57.4816 -11.5831 0.0000
v 57.4816 -11.4331 0.0000
v 57.3316 -11.4331 3.0000
v 57.3316 -11.5831 3.0000
v 57.4816 -11.5831 3.0000
v 57.4816 -11.4331 3.0000
v 57.5566 -11.5081 0.0000
v 57.4066 -11.5081 0.0000
v 57.4066 -16.0881 0.0000
v 57.5566 -16.0881 0.0000
v 57.5566 -11.5081 3.0000
v 57.4066 -11.5081 3.0000
v 57.4066 -16.0881 3.0000
v 57.5566 -16.0881 3.0000
v 57.5566 -7.9531 0.0000
v 57.4066 -7.9531 0.0000
v 57.4066 -11.0081 0.0000
v 57.5566 -11.0081 0.0000
v 57.5566 -7.9531 3.0000
v 57.4066 -7.9531 3.0000
v 57.4066 -11.0081 3.0000
v 57.5566 -11.0081 3.0000
v 57.4816 -11.0831 0.0000
v 57.4816 -10.9331 0.0000
v 57.3316 -10.9331 0.0000
v 57.3316 -11.0831 0.0000
v 57.4816 -11.0831 3.0000
v 57.4816 -10.9331 3.0000
v 57.3316 -10.9331 3.0000
v 57.3316 -11.0831 3.0000
v 57.2566 -11.0081 0.0000
v 57.4066 -11.0081 0.0000
v 57.4066 -6.4281 0.0000
v 57.2566 -6.4281 0.0000
v 57.2566 -11.0081 3.0000
v 57.4066 -11.0081 3.0000
v 57.4066 -6.4281 3.0000
v 57.2566 -6.4281 3.0000
v 57.3316 -6.3531 0.0000
v 57.3316 -6.5031 0.0000
v 57.4816 -6.5031 0.0000
v 57.4816 -6.3531 0.0000
v 57.3316 -6.3531 3.0000
v 57.3316 -6.5031 3.0000
v 57.4816 -6.5031 3.0000
v 57.4816 -6.3531 3.0000
v 57.5566 -6.4281 0.0000
v 57.4066 -6.4281 0.0000
v 57.4066 -7.9531 0.0000
v 57.5566 -7.9531 0.0000
v 57.5566 -6.4281 3.0000
v 57.4066 -6.4281 3.0000
v 57.4066 -7.9531 3.0000
v 57.5566 -7.9531 3.0000
v 57.5566 -4.5281 0.0000
v 57.4066 -4.5281 0.0000
v 57.4066 -5.9281 0.0000
v 57.5566 -5.9281 0.0000
v 57.5566 -4.5281 3.0000
v 57.4066 -4.5281 3.0000
v 57.4066 -5.9281 3.0000
v 57.5566 -5.9281 3.0000
v 57.4816 -6.0031 0.0000
v 57.4816 -5.8531 0.0000
v 57.3316 -5.8531 0.0000
v 57.3316 -6.0031 0.0000
v 57.4816 -6.0031 3.0000
v 57.4816 -5.8531 3.0000
v 57.3316 -5.8531 3.0000
v 57.3316 -6.0031 3.0000
v 57.2566 -5.9281 0.0000
v 57.4066 -5.9281 0.0000
v 57.4066 -1.3481 0.0000
v 57.2566 -1.3481 0.0000
v 57.2566 -5.9281 3.0000
v 57.4066 -5.9281 3.0000
v 57.4066 -1.3481 3.0000
v 57.2566 -1.3481 3.0000
v 57.3316 -1.2731 0.0000
v 57.3316 -1.4231 0.0000
v 57.4816 -1.4231 0.0000
v 57.4816 -1.2731 0.0000
v 57.3316 -1.2731 3.0000
v 57.3316 -1.4231 3.0000
v 57.4816 -1.4231 3.0000
v 57.4816 -1.2731 3.0000
v 57.5566 -1.3481 0.0000
v 57.4066 -1.3481 0.0000
v 57.4066 -4.3781 0.0000
v 57.5566 -4.3781 0.0000
v 57.5566 -1.3481 3.0000
v 57.4066 -1.3481 3.0000
v 57.4066 -4.3781 3.0000
v 57.5566 -4.3781 3.0000
v 57.4816 -0.9231 0.0000
v 57.4816 -0.7731 0.0000
v 57.3316 -0.7731 0.0000
v 57.3316 -0.9231 0.0000
v 57.4816 -0.9231 3.0000
v 57.4816 -0.7731 3.0000
v 57.3316 -0.7731 3.0000
v 57.3316 -0.9231 3.0000
v 57.2566 -0.8481 0.0000
v 57.4066 -0.8481 0.0000
v 57.4066 3.7319 0.0000
v 57.2566 3.7319 0.0000
v 57.2566 -0.8481 3.0000
v 57.4066 -0.8481 3.0000
v 57.4066 3.7319 3.0000
v 57.2566 3.7319 3.0000
v 57.3316 3.8069 0.0000
v 57.3316 3.6569 0.0000
v 57.4816 3.6569 0.0000
v 57.4816 3.8069 0.0000
v 57.3316 3.8069 3.0000
v 57.3316 3.6569 3.0000
v 57.4816 3.6569 3.0000
v 57.4816 3.8069 3.0000
v 57.5566 3.7319 0.0000
v 57.4066 3.7319 0.0000
v 57.4066 -0.8481 0.0000
v 57.5566 -0.8481 0.0000
v 57.5566 3.7319 3.0000
v 57.4066 3.7319 3.0000
v 57.4066 -0.8481 3.0000
v 57.5566 -0.8481 3.0000
v 57.5566 5.7869 0.0000
v 57.4066 5.7869 0.0000
v 57.4066 4.2319 0.0000
v 57.5566 4.2319 0.0000
v 57.5566 5.7869 3.0000
v 57.4066 5.7869 3.0000
v 57.4066 4.2319 3.0000
v 57.5566 4.2319 3.0000
v 57.4816 4.1569 0.0000
v 57.4816 4.3069 0.0000
v 57.3316 4.3069 0.0000
v 57.3316 4.1569 0.0000
v 57.4816 4.1569 3.0000
v 57.4816 4.3069 3.0000
v 57.3316 4.3069 3.0000
v 57.3316 4.1569 3.0000
v 57.2566 4.2319 0.0000
v 57.4066 4.2319 0.0000
v 57.4066 8.8119 0.0000
v 57.2566 8.8119 0.0000
v 57.2566 4.2319 3.0000
v 57.4066 4.2319 3.0000
v 57.4066 8.8119 3.0000
v 57.2566 8.8119 3.0000
v 57.3316 8.8869 0.0000
v 57.3316 8.7369 0.0000
v 57.4816 8.7369 0.0000
v 57.4816 8.8869 0.0000
v 57.3316 8.8869 3.0000
v 57.3316 8.7369 3.0000
v 57.4816 8.7369 3.0000
v 57.4816 8.8869 3.0000
v 57.5566 8.8119 0.0000
v 57.4066 8.8119 0.0000
v 57.4066 5.7869 0.0000
v 57.5566 5.7869 0.0000
v 57.5566 8.8119 3.0000
v 57.4066 8.8119 3.0000
v 57.4066 5.7869 3.0000
v 57.5566 5.7869 3.0000
v 57.4816 14.4669 0.0000
v 57.4816 14.3169 0.0000
v 58.0316 14.3169 0.0000
v 58.0316 14.4669 0.0000
v 57.4816 14.4669 3.0000
v 57.4816 14.3169 3.0000
v 58.0316 14.3169 3.0000
v 58.0316 14.4669 3.0000
v 58.1066 14.3919 0.0000
v 57.9566 14.3919 0.0000
v 57.9566 12.3886 0.0000
v 58.1066 12.3886 0.0000
v 58.1066 14.3919 3.0000
v 57.9566 14.3919 3.0000
v 57.9566 12.3886 3.0000
v 58.1066 12.3886 3.0000
v 58.1066 12.3886 0.0000
v 57.9566 12.3886 0.0000
v 57.9566 12.2386 0.0000
v 58.1066 12.2386 0.0000
v 58.1066 12.3886 3.0000
v 57.9566 12.3886 3.0000
v 57.9566 12.2386 3.0000
v 58.1066 12.2386 3.0000
v 58.0316 12.1636 0.0000
v 58.0316 12.3136 0.0000
v 57.4816 12.3136 0.0000
v 57.4816 12.1636 0.0000
v 58.0316 12.1636 3.0000
v 58.0316 12.3136 3.0000
v 57.4816 12.3136 3.0000
v 57.4816 12.1636 3.0000
v 57.4816 12.1636 0.0000
v 57.4816 12.3136 0.0000
v 57.3316 12.3136 0.0000
v 57.3316 12.1636 0.0000
v 57.4816 12.1636 3.0000
v 57.4816 12.3136 3.0000
v 57.3316 12.3136 3.0000
v 57.3316 12.1636 3.0000
v 57.2566 12.2386 0.0000
v 57.4066 12.2386 0.0000
v 57.4066 13.8919 0.0000
v 57.2566 13.8919 0.0000
v 57.2566 12.2386 3.0000
v 57.4066 12.2386 3.0000
v 57.4066 13.8919 3.0000
v 57.2566 13.8919 3.0000
v 57.3316 13.9669 0.0000
v 57.3316 13.8169 0.0000
v 57.4816 13.8169 0.0000
v 57.4816 13.9669 0.0000
v 57.3316 13.9669 3.0000
v 57.3316 13.8169 3.0000
v 57.4816 13.8169 3.0000
v 57.4816 13.9669 3.0000
v 57.5566 13.8919 0.0000
v 57.4066 13.8919 0.0000
v 57.4066 12.3886 0.0000
v 57.5566 12.3886 0.0000
v 57.5566 13.8919 3.0000
v 57.4066 13.8919 3.0000
v 57.4066 12.3886 3.0000
v 57.5566 12.3886 3.0000
v 57.4816 12.4636 0.0000
v 57.4816 12.3136 0.0000
v 57.5816 12.3136 0.0000
v 57.5816 12.4636 0.0000
v 57.4816 12.4636 3.0000
v 57.4816 12.3136 3.0000
v 57.5816 12.3136 3.0000
v 57.5816 12.4636 3.0000
v 57.5816 12.4636 0.0000
v 57.5816 12.3136 0.0000
v 57.8816 12.3136 0.0000
v 57.8816 12.4636 0.0000
v 57.5816 12.4636 3.0000
v 57.5816 12.3136 3.0000
v 57.8816 12.3136 3.0000
v 57.8816 12.4636 3.0000
v 57.8066 12.3886 0.0000
v 57.9566 12.3886 0.0000
v 57.9566 14.2419 0.0000
v 57.8066 14.2419 0.0000
v 57.8066 12.3886 3.0000
v 57.9566 12.3886 3.0000
v 57.9566 14.2419 3.0000
v 57.8066 14.2419 3.0000
v 57.8816 14.1669 0.0000
v 57.8816 14.3169 0.0000
v 57.4816 14.3169 0.0000
v 57.4816 14.1669 0.0000
v 57.8816 14.1669 3.0000
v 57.8816 14.3169 3.0000
v 57.4816 14.3169 3.0000
v 57.4816 14.1669 3.0000
v 57.4816 9.2369 0.0000
v 57.4816 9.3869 0.0000
v 57.3316 9.3869 0.0000
v 57.3316 9.2369 0.0000
v 57.4816 9.2369 3.0000
v 57.4816 9.3869 3.0000
v 57.3316 9.3869 3.0000
v 57.3316 9.2369 3.0000
v 57.2566 9.3119 0.0000
v 57.4066 9.3119 0.0000
v 57.4066 12.2386 0.0000
v 57.2566 12.2386 0.0000
v 57.2566 9.3119 3.0000
v 57.4066 9.3119 3.0000
v 57.4066 12.2386 3.0000
v 57.2566 12.2386 3.0000
v 57.3316 12.3136 0.0000
v 57.3316 12.1636 0.0000
v 57.4816 12.1636 0.0000
v 57.4816 12.3136 0.0000
v 57.3316 12.3136 3.0000
v 57.3316 12.1636 3.0000
v 57.4816 12.1636 3.0000
v 57.4816 12.3136 3.0000
v 57.5566 12.2386 0.0000
v 57.4066 12.2386 0.0000
v 57.4066 9.3119 0.0000
v 57.5566 9.3119 0.0000
v 57.5566 12.2386 3.0000
v 57.4066 12.2386 3.0000
v 57.4066 9.3119 3.0000
v 57.5566 9.3119 3.0000
v 57.4816 -4.4531 0.0000
v 57.4816 -4.6031 0.0000
v 57.8816 -4.6031 0.0000
v 57.8816 -4.4531 0.0000
v 57.4816 -4.4531 3.0000
v 57.4816 -4.6031 3.0000
v 57.8816 -4.6031 3.0000
v 57.8816 -4.4531 3.0000
v 57.9566 -4.5281 0.0000
v 58.1066 -4.5281 0.0000
v 58.1066 -4.3781 0.0000
v 57.9566 -4.3781 0.0000
v 57.9566 -4.5281 3.0000
v 58.1066 -4.5281 3.0000
v 58.1066 -4.3781 3.0000
v 57.9566 -4.3781 3.0000
v 58.0316 -4.4531 0.0000
v 58.0316 -4.3031 0.0000
v 57.3316 -4.3031 0.0000
v 57.3316 -4.4531 0.0000
v 58.0316 -4.4531 3.0000
v 58.0316 -4.3031 3.0000
v 57.3316 -4.3031 3.0000
v 57.3316 -4.4531 3.0000
v 57.4066 -4.3781 0.0000
v 57.2566 -4.3781 0.0000
v 57.2566 -4.5281 0.0000
v 57.4066 -4.5281 0.0000
v 57.4066 -4.3781 3.0000
v 57.2566 -4.3781 3.0000
v 57.2566 -4.5281 3.0000
v 57.4066 -4.5281 3.0000
v 57.9566 -6.3031 0.0000
v 58.1066 -6.3031 0.0000
v 58.1066 -6.1531 0.0000
v 57.9566 -6.1531 0.0000
v 57.9566 -6.3031 3.0000
v 58.1066 -6.3031 3.0000
v 58.1066 -6.1531 3.0000
v 57.9566 -6.1531 3.0000
v 57.8816 -6.2281 0.0000
v 57.8816 -6.0781 0.0000
v 57.4816 -6.0781 0.0000
v 57.4816 -6.2281 0.0000
v 57.8816 -6.2281 3.0000
v 57.8816 -6.0781 3.0000
v 57.4816 -6.0781 3.0000
v 57.4816 -6.2281 3.0000
v 57.5566 -6.1531 0.0000
v 57.4066 -6.1531 0.0000
v 57.4066 -6.3031 0.0000
v 57.5566 -6.3031 0.0000
v 57.5566 -6.1531 3.0000
v 57.4066 -6.1531 3.0000
v 57.4066 -6.3031 3.0000
v 57.5566 -6.3031 3.0000
v 57.4816 -6.2281 0.0000
v 57.4816 -6.3781 0.0000
v 57.8816 -6.3781 0.0000
v 57.8816 -6.2281 0.0000
v 57.4816 -6.2281 3.0000
v 57.4816 -6.3781 3.0000
v 57.8816 -6.3781 3.0000
v 57.8816 -6.2281 3.0000
v 57.4816 -4.4531 0.0000
v 57.4816 -4.6031 0.0000
v 57.8816 -4.6031 0.0000
v 57.8816 -4.4531 0.0000
v 57.4816 -4.4531 3.0000
v 57.4816 -4.6031 3.0000
v 57.8816 -4.6031 3.0000
v 57.8816 -4.4531 3.0000
v 57.9566 -4.5281 0.0000
v 57.8066 -4.5281 0.0000
v 57.8066 -6.1531 0.0000
v 57.9566 -6.1531 0.0000
v 57.9566 -4.5281 3.0000
v 57.8066 -4.5281 3.0000
v 57.8066 -6.1531 3.0000
v 57.9566 -6.1531 3.0000
v 57.8816 -6.2281 0.0000
v 57.8816 -6.0781 0.0000
v 57.4816 -6.0781 0.0000
v 57.4816 -6.2281 0.0000
v 57.8816 -6.2281 3.0000
v 57.8816 -6.0781 3.0000
v 57.4816 -6.0781 3.0000
v 57.4816 -6.2281 3.0000
v 57.4816 -6.2281 0.0000
v 57.4816 -6.3781 0.0000
v 58.0316 -6.3781 0.0000
v 58.0316 -6.2281 0.0000
v 57.4816 -6.2281 3.0000
v 57.4816 -6.3781 3.0000
v 58.0316 -6.3781 3.0000
v 58.0316 -6.2281 3.0000
v 57.9566 -6.3031 0.0000
v 58.1066 -6.3031 0.0000
v 58.1066 -6.1531 0.0000
v 57.9566 -6.1531 0.0000
v 57.9566 -6.3031 3.0000
v 58.1066 -6.3031 3.0000
v 58.1066 -6.1531 3.0000
v 57.9566 -6.1531 3.0000
v 57.9566 -6.1531 0.0000
v 58.1066 -6.1531 0.0000
v 58.1066 -4.5281 0.0000
v 57.9566 -4.5281 0.0000
v 57.9566 -6.1531 3.0000
v 58.1066 -6.1531 3.0000
v 58.1066 -4.5281 3.0000
v 57.9566 -4.5281 3.0000
v 57.9566 -4.5281 0.0000
v 58.1066 -4.5281 0.0000
v 58.1066 -4.3781 0.0000
v 57.9566 -4.3781 0.0000
v 57.9566 -4.5281 3.0000
v 58.1066 -4.5281 3.0000
v 58.1066 -4.3781 3.0000
v 57.9566 -4.3781 3.0000
v 58.0316 -4.4531 0.0000
v 58.0316 -4.3031 0.0000
v 57.4816 -4.3031 0.0000
v 57.4816 -4.4531 0.0000
v 58.0316 -4.4531 3.0000
v 58.0316 -4.3031 3.0000
v 57.4816 -4.3031 3.0000
v 57.4816 -4.4531 3.0000
v 57.4816 -14.6081 0.0000
v 57.4816 -14.7581 0.0000
v 57.8816 -14.7581 0.0000
v 57.8816 -14.6081 0.0000
v 57.4816 -14.6081 3.0000
v 57.4816 -14.7581 3.0000
v 57.8816 -14.7581 3.0000
v 57.8816 -14.6081 3.0000
v 57.9566 -14.6831 0.0000
v 57.8066 -14.6831 0.0000
v 57.8066 -16.1831 0.0000
v 57.9566 -16.1831 0.0000
v 57.9566 -14.6831 3.0000
v 57.8066 -14.6831 3.0000
v 57.8066 -16.1831 3.0000
v 57.9566 -16.1831 3.0000
v 57.8816 -16.2581 0.0000
v 57.8816 -16.1081 0.0000
v 57.4816 -16.1081 0.0000
v 57.4816 -16.2581 0.0000
v 57.8816 -16.2581 3.0000
v 57.8816 -16.1081 3.0000
v 57.4816 -16.1081 3.0000
v 57.4816 -16.2581 3.0000
v 57.4816 -16.2581 0.0000
v 57.4816 -16.4081 0.0000
v 58.0316 -16.4081 0.0000
v 58.0316 -16.2581 0.0000
v 57.4816 -16.2581 3.0000
v 57.4816 -16.4081 3.0000
v 58.0316 -16.4081 3.0000
v 58.0316 -16.2581 3.0000
v 57.9566 -16.3331 0.0000
v 58.1066 -16.3331 0.0000
v 58.1066 -16.1831 0.0000
v 57.9566 -16.1831 0.0000
v 57.9566 -16.3331 3.0000
v 58.1066 -16.3331 3.0000
v 58.1066 -16.1831 3.0000
v 57.9566 -16.1831 3.0000
v 57.9566 -16.1831 0.0000
v 58.1066 -16.1831 0.0000
v 58.1066 -14.6831 0.0000
v 57.9566 -14.6831 0.0000
v 57.9566 -16.1831 3.0000
v 58.1066 -16.1831 3.0000
v 58.1066 -14.6831 3.0000
v 57.9566 -14.6831 3.0000
v 57.9566 -14.6831 0.0000
v 58.1066 -14.6831 0.0000
v 58.1066 -14.5331 0.0000
v 57.9566 -14.5331 0.0000
v 57.9566 -14.6831 3.0000
v 58.1066 -14.6831 3.0000
v 58.1066 -14.5331 3.0000
v 57.9566 -14.5331 3.0000
v 58.0316 -14.6081 0.0000
v 58.0316 -14.4581 0.0000
v 57.3316 -14.4581 0.0000
v 57.3316 -14.6081 0.0000
v 58.0316 -14.6081 3.0000
v 58.0316 -14.4581 3.0000
v 57.3316 -14.4581 3.0000
v 57.3316 -14.6081 3.0000
v 38.0548 -28.9206 0.0000
v 38.0548 -29.0706 0.0000
v 40.2561 -29.0706 0.0000
v 40.2561 -28.9206 0.0000
v 38.0548 -28.9206 3.0000
v 38.0548 -29.0706 3.0000
v 40.2561 -29.0706 3.0000
v 40.2561 -28.9206 3.0000
v 38.0548 -28.7706 0.0000
v 38.0548 -28.9206 0.0000
v 40.2561 -28.9206 0.0000
v 40.2561 -28.7706 0.0000
v 38.0548 -28.7706 3.0000
v 38.0548 -28.9206 3.0000
v 40.2561 -28.9206 3.0000
v 40.2561 -28.7706 3.0000
v 49.5448 -28.6456 0.0000
v 49.3948 -28.6456 0.0000
v 49.3948 -28.8456 0.0000
v 49.5448 -28.8456 0.0000
v 49.5448 -28.6456 3.0000
v 49.3948 -28.6456 3.0000
v 49.3948 -28.8456 3.0000
v 49.5448 -28.8456 3.0000
v 49.5448 -28.8456 0.0000
v 49.3948 -28.8456 0.0000
v 49.3948 -29.3956 0.0000
v 49.5448 -29.3956 0.0000
v 49.5448 -28.8456 3.0000
v 49.3948 -28.8456 3.0000
v 49.3948 -29.3956 3.0000
v 49.5448 -29.3956 3.0000
v 49.4698 -28.5706 0.0000
v 49.4698 -28.4206 0.0000
v 47.9523 -28.4206 0.0000
v 47.9523 -28.5706 0.0000
v 49.4698 -28.5706 3.0000
v 49.4698 -28.4206 3.0000
v 47.9523 -28.4206 3.0000
v 47.9523 -28.5706 3.0000
v 49.4698 -28.7206 0.0000
v 49.4698 -28.5706 0.0000
v 48.1023 -28.5706 0.0000
v 48.1023 -28.7206 0.0000
v 49.4698 -28.7206 3.0000
v 49.4698 -28.5706 3.0000
v 48.1023 -28.5706 3.0000
v 48.1023 -28.7206 3.0000
v 49.4698 -32.9331 0.0000
v 49.4698 -32.7831 0.0000
v 42.9598 -32.7831 0.0000
v 42.9598 -32.9331 0.0000
v 49.4698 -32.9331 3.0000
v 49.4698 -32.7831 3.0000
v 42.9598 -32.7831 3.0000
v 42.9598 -32.9331 3.0000
v 46.6248 -29.1956 0.0000
v 46.4748 -29.1956 0.0000
v 46.4748 -30.8762 0.0000
v 46.6248 -30.8762 0.0000
v 46.6248 -29.1956 3.0000
v 46.4748 -29.1956 3.0000
v 46.4748 -30.8762 3.0000
v 46.6248 -30.8762 3.0000
v 46.7748 -29.1956 0.0000
v 46.6248 -29.1956 0.0000
v 46.6248 -29.3956 0.0000
v 46.7748 -29.3956 0.0000
v 46.7748 -29.1956 3.0000
v 46.6248 -29.1956 3.0000
v 46.6248 -29.3956 3.0000
v 46.7748 -29.3956 3.0000
v 31.6198 -28.6456 0.0000
v 31.4698 -28.6456 0.0000
v 31.4698 -28.8456 0.0000
v 31.6198 -28.8456 0.0000
v 31.6198 -28.6456 3.0000
v 31.4698 -28.6456 3.0000
v 31.4698 -28.8456 3.0000
v 31.6198 -28.8456 3.0000
v 31.6198 -28.9956 0.0000
v 31.4698 -28.9956 0.0000
v 31.4698 -31.9273 0.0000
v 31.6198 -31.9273 0.0000
v 31.6198 -28.9956 3.0000
v 31.4698 -28.9956 3.0000
v 31.4698 -31.9273 3.0000
v 31.6198 -31.9273 3.0000
v 31.3198 -31.8281 0.0000
v 31.4698 -31.8281 0.0000
v 31.4698 -28.6456 0.0000
v 31.3198 -28.6456 0.0000
v 31.3198 -31.8281 3.0000
v 31.4698 -31.8281 3.0000
v 31.4698 -28.6456 3.0000
v 31.3198 -28.6456 3.0000
v 31.3198 -28.6456 0.0000
v 31.4698 -28.6456 0.0000
v 31.4698 -28.4956 0.0000
v 31.3198 -28.4956 0.0000
v 31.3198 -28.6456 3.0000
v 31.4698 -28.6456 3.0000
v 31.4698 -28.4956 3.0000
v 31.3198 -28.4956 3.0000
v 31.3948 -28.4206 0.0000
v 31.3948 -28.5706 0.0000
v 31.5448 -28.5706 0.0000
v 31.5448 -28.4206 0.0000
v 31.3948 -28.4206 3.0000
v 31.3948 -28.5706 3.0000
v 31.5448 -28.5706 3.0000
v 31.5448 -28.4206 3.0000
v 31.5448 -28.4206 0.0000
v 31.5448 -28.5706 0.0000
v 34.0448 -28.5706 0.0000
v 34.0448 -28.4206 0.0000
v 31.5448 -28.4206 3.0000
v 31.5448 -28.5706 3.0000
v 34.0448 -28.5706 3.0000
v 34.0448 -28.4206 3.0000
v 37.0798 -31.7581 0.0000
v 36.9298 -31.7581 0.0000
v 36.9298 -32.3581 0.0000
v 37.0798 -32.3581 0.0000
v 37.0798 -31.7581 3.0000
v 36.9298 -31.7581 3.0000
v 36.9298 -32.3581 3.0000
v 37.0798 -32.3581 3.0000
v 37.0298 -31.7581 0.0000
v 36.8798 -31.7581 0.0000
v 36.8798 -32.3581 0.0000
v 37.0298 -32.3581 0.0000
v 37.0298 -31.7581 3.0000
v 36.8798 -31.7581 3.0000
v 36.8798 -32.3581 3.0000
v 37.0298 -32.3581 3.0000
v 31.5448 -28.5706 0.0000
v 31.5448 -28.7206 0.0000
v 34.0423 -28.7206 0.0000
v 34.0423 -28.5706 0.0000
v 31.5448 -28.5706 3.0000
v 31.5448 -28.7206 3.0000
v 34.0423 -28.7206 3.0000
v 34.0423 -28.5706 3.0000
v 31.5448 -32.4331 0.0000
v 31.5448 -32.5831 0.0000
v 37.0523 -32.5831 0.0000
v 37.0523 -32.4331 0.0000
v 31.5448 -32.4331 3.0000
v 31.5448 -32.5831 3.0000
v 37.0523 -32.5831 3.0000
v 37.0523 -32.4331 3.0000
v 31.5448 -32.2831 0.0000
v 31.5448 -32.4331 0.0000
v 34.3098 -32.4331 0.0000
v 34.3098 -32.2831 0.0000
v 31.5448 -32.2831 3.0000
v 31.5448 -32.4331 3.0000
v 34.3098 -32.4331 3.0000
v 34.3098 -32.2831 3.0000
v 34.4598 -32.2831 0.0000
v 34.4598 -32.4331 0.0000
v 35.0598 -32.4331 0.0000
v 35.0598 -32.2831 0.0000
v 34.4598 -32.2831 3.0000
v 34.4598 -32.4331 3.0000
v 35.0598 -32.4331 3.0000
v 35.0598 -32.2831 3.0000
v 34.4598 -31.6831 0.0000
v 34.4598 -31.8331 0.0000
v 37.0048 -31.8331 0.0000
v 37.0048 -31.6831 0.0000
v 34.4598 -31.6831 3.0000
v 34.4598 -31.8331 3.0000
v 37.0048 -31.8331 3.0000
v 37.0048 -31.6831 3.0000
v 34.4598 -31.8331 0.0000
v 34.4598 -31.9831 0.0000
v 35.0598 -31.9831 0.0000
v 35.0598 -31.8331 0.0000
v 34.4598 -31.8331 3.0000
v 34.4598 -31.9831 3.0000
v 35.0598 -31.9831 3.0000
v 35.0598 -31.8331 3.0000
v 35.7448 -28.4206 0.0000
v 35.7448 -28.5706 0.0000
v 38.0548 -28.5706 0.0000
v 38.0548 -28.4206 0.0000
v 35.7448 -28.4206 3.0000
v 35.7448 -28.5706 3.0000
v 38.0548 -28.5706 3.0000
v 38.0548 -28.4206 3.0000
v 35.8948 -28.5706 0.0000
v 35.8948 -28.7206 0.0000
v 37.9048 -28.7206 0.0000
v 37.9048 -28.5706 0.0000
v 35.8948 -28.5706 3.0000
v 35.8948 -28.7206 3.0000
v 37.9048 -28.7206 3.0000
v 37.9048 -28.5706 3.0000
v 34.3848 -29.9954 0.0000
v 34.2348 -29.9954 0.0000
v 34.2348 -32.3581 0.0000
v 34.3848 -32.3581 0.0000
v 34.3848 -29.9954 3.0000
v 34.2348 -29.9954 3.0000
v 34.2348 -32.3581 3.0000
v 34.3848 -32.3581 3.0000
v 31.6198 -28.6456 0.0000
v 31.4698 -28.6456 0.0000
v 31.4698 -28.8456 0.0000
v 31.6198 -28.8456 0.0000
v 31.6198 -28.6456 3.0000
v 31.4698 -28.6456 3.0000
v 31.4698 -28.8456 3.0000
v 31.6198 -28.8456 3.0000
v 34.5348 -29.9954 0.0000
v 34.3848 -29.9954 0.0000
v 34.3848 -31.7581 0.0000
v 34.5348 -31.7581 0.0000
v 34.5348 -29.9954 3.0000
v 34.3848 -29.9954 3.0000
v 34.3848 -31.7581 3.0000
v 34.5348 -31.7581 3.0000
v 35.3348 -30.2056 0.0000
v 35.1848 -30.2056 0.0000
v 35.1848 -30.3556 0.0000
v 35.3348 -30.3556 0.0000
v 35.3348 -30.2056 3.0000
v 35.1848 -30.2056 3.0000
v 35.1848 -30.3556 3.0000
v 35.3348 -30.3556 3.0000
v 34.5348 -31.5256 0.0000
v 34.3848 -31.5256 0.0000
v 34.3848 -31.7581 0.0000
v 34.5348 -31.7581 0.0000
v 34.5348 -31.5256 3.0000
v 34.3848 -31.5256 3.0000
v 34.3848 -31.7581 3.0000
v 34.5348 -31.7581 3.0000
v 35.1348 -31.9081 0.0000
v 34.9848 -31.9081 0.0000
v 34.9848 -32.3581 0.0000
v 35.1348 -32.3581 0.0000
v 35.1348 -31.9081 3.0000
v 34.9848 -31.9081 3.0000
v 34.9848 -32.3581 3.0000
v 35.1348 -32.3581 3.0000
v 35.2848 -31.7581 0.0000
v 35.1348 -31.7581 0.0000
v 35.1348 -32.5081 0.0000
v 35.2848 -32.5081 0.0000
v 35.2848 -31.7581 3.0000
v 35.1348 -31.7581 3.0000
v 35.1348 -32.5081 3.0000
v 35.2848 -32.5081 3.0000
v 43.0348 -28.4956 0.0000
v 42.8848 -28.4956 0.0000
v 42.8848 -32.8581 0.0000
v 43.0348 -32.8581 0.0000
v 43.0348 -28.4956 3.0000
v 42.8848 -28.4956 3.0000
v 42.8848 -32.8581 3.0000
v 43.0348 -32.8581 3.0000
v 43.1848 -28.6456 0.0000
v 43.0348 -28.6456 0.0000
v 43.0348 -32.3581 0.0000
v 43.1848 -32.3581 0.0000
v 43.1848 -28.6456 3.0000
v 43.0348 -28.6456 3.0000
v 43.0348 -32.3581 3.0000
v 43.1848 -32.3581 3.0000
v 47.8773 -29.5456 0.0000
v 48.0273 -29.5456 0.0000
v 48.0273 -28.4956 0.0000
v 47.8773 -28.4956 0.0000
v 47.8773 -29.5456 3.0000
v 48.0273 -29.5456 3.0000
v 48.0273 -28.4956 3.0000
v 47.8773 -28.4956 3.0000
v 47.9523 -29.4706 0.0000
v 47.9523 -29.6206 0.0000
v 49.4698 -29.6206 0.0000
v 49.4698 -29.4706 0.0000
v 47.9523 -29.4706 3.0000
v 47.9523 -29.6206 3.0000
v 49.4698 -29.6206 3.0000
v 49.4698 -29.4706 3.0000
v 48.1023 -29.3206 0.0000
v 48.1023 -29.4706 0.0000
v 49.4698 -29.4706 0.0000
v 49.4698 -29.3206 0.0000
v 48.1023 -29.3206 3.0000
v 48.1023 -29.4706 3.0000
v 49.4698 -29.4706 3.0000
v 49.4698 -29.3206 3.0000
v 44.0902 -28.5706 0.0000
v 44.0902 -28.4206 0.0000
v 42.9598 -28.4206 0.0000
v 42.9598 -28.5706 0.0000
v 44.0902 -28.5706 3.0000
v 44.0902 -28.4206 3.0000
v 42.9598 -28.4206 3.0000
v 42.9598 -28.5706 3.0000
v 44.0902 -28.7206 0.0000
v 44.0902 -28.5706 0.0000
v 43.1098 -28.5706 0.0000
v 43.1098 -28.7206 0.0000
v 44.0902 -28.7206 3.0000
v 44.0902 -28.5706 3.0000
v 43.1098 -28.5706 3.0000
v 43.1098 -28.7206 3.0000
v 48.0916 -29.3200 0.0000
v 48.1131 -29.4685 0.0000
v 49.4806 -29.2698 0.0000
v 49.4591 -29.1214 0.0000
v 48.0916 -29.3200 3.0000
v 48.1131 -29.4685 3.0000
v 49.4806 -29.2698 3.0000
v 49.4591 -29.1214 3.0000
v 48.1133 -29.1214 0.0000
v 48.0914 -29.2698 0.0000
v 49.4489 -29.4698 0.0000
v 49.4708 -29.3214 0.0000
v 48.1133 -29.1214 3.0000
v 48.0914 -29.2698 3.0000
v 49.4489 -29.4698 3.0000
v 49.4708 -29.3214 3.0000
v 34.0423 -29.0706 0.0000
v 34.0423 -28.9206 0.0000
v 31.5448 -28.9206 0.0000
v 31.5448 -29.0706 0.0000
v 34.0423 -29.0706 3.0000
v 34.0423 -28.9206 3.0000
v 31.5448 -28.9206 3.0000
v 31.5448 -29.0706 3.0000
v 34.0423 -28.9206 0.0000
v 34.0423 -28.7706 0.0000
v 31.5448 -28.7706 0.0000
v 31.5448 -28.9206 0.0000
v 34.0423 -28.9206 3.0000
v 34.0423 -28.7706 3.0000
v 31.5448 -28.7706 3.0000
v 31.5448 -28.9206 3.0000
v 34.3098 -29.9204 0.0000
v 34.3098 -30.0704 0.0000
v 34.4598 -30.0704 0.0000
v 34.4598 -29.9204 0.0000
v 34.3098 -29.9204 3.0000
v 34.3098 -30.0704 3.0000
v 34.4598 -30.0704 3.0000
v 34.4598 -29.9204 3.0000
v 35.7448 -30.2806 0.0000
v 35.7448 -30.4306 0.0000
v 35.8948 -30.4306 0.0000
v 35.8948 -30.2806 0.0000
v 35.7448 -30.2806 3.0000
v 35.7448 -30.4306 3.0000
v 35.8948 -30.4306 3.0000
v 35.8948 -30.2806 3.0000
v 35.8198 -28.4956 0.0000
v 35.6698 -28.4956 0.0000
v 35.6698 -30.3556 0.0000
v 35.8198 -30.3556 0.0000
v 35.8198 -28.4956 3.0000
v 35.6698 -28.4956 3.0000
v 35.6698 -30.3556 3.0000
v 35.8198 -30.3556 3.0000
v 35.9698 -28.6456 0.0000
v 35.8198 -28.6456 0.0000
v 35.8198 -28.8456 0.0000
v 35.9698 -28.8456 0.0000
v 35.9698 -28.6456 3.0000
v 35.8198 -28.6456 3.0000
v 35.8198 -28.8456 3.0000
v 35.9698 -28.8456 3.0000
v 36.9398 -28.9956 0.0000
v 36.7898 -28.9956 0.0000
v 36.7898 -30.3556 0.0000
v 36.9398 -30.3556 0.0000
v 36.9398 -28.9956 3.0000
v 36.7898 -28.9956 3.0000
v 36.7898 -30.3556 3.0000
v 36.9398 -30.3556 3.0000
v 36.9998 -28.9956 0.0000
v 36.8498 -28.9956 0.0000
v 36.8498 -30.2959 0.0000
v 36.9998 -30.2959 0.0000
v 36.9998 -28.9956 3.0000
v 36.8498 -28.9956 3.0000
v 36.8498 -30.2959 3.0000
v 36.9998 -30.2959 3.0000
v 37.3547 -30.3719 0.0000
v 37.3550 -30.2219 0.0000
v 36.9250 -30.2209 0.0000
v 36.9247 -30.3709 0.0000
v 37.3547 -30.3719 3.0000
v 37.3550 -30.2219 3.0000
v 36.9250 -30.2209 3.0000
v 36.9247 -30.3709 3.0000
v 37.3546 -30.4319 0.0000
v 37.3550 -30.2819 0.0000
v 36.8650 -30.2806 0.0000
v 36.8646 -30.4306 0.0000
v 37.3546 -30.4319 3.0000
v 37.3550 -30.2819 3.0000
v 36.8650 -30.2806 3.0000
v 36.8646 -30.4306 3.0000
v 37.2798 -30.3569 0.0000
v 37.4298 -30.3569 0.0000
v 37.4298 -30.2969 0.0000
v 37.2798 -30.2969 0.0000
v 37.2798 -30.3569 3.0000
v 37.4298 -30.3569 3.0000
v 37.4298 -30.2969 3.0000
v 37.2798 -30.2969 3.0000
v 32.8473 -30.6281 0.0000
v 32.8473 -30.4781 0.0000
v 31.5448 -30.4781 0.0000
v 31.5448 -30.6281 0.0000
v 32.8473 -30.6281 3.0000
v 32.8473 -30.4781 3.0000
v 31.5448 -30.4781 3.0000
v 31.5448 -30.6281 3.0000
v 32.9073 -30.5681 0.0000
v 32.9073 -30.4181 0.0000
v 31.5448 -30.4181 0.0000
v 31.5448 -30.5681 0.0000
v 32.9073 -30.5681 3.0000
v 32.9073 -30.4181 3.0000
v 31.5448 -30.4181 3.0000
v 31.5448 -30.5681 3.0000
v 32.7723 -30.7981 0.0000
v 32.9223 -30.7981 0.0000
v 32.9223 -30.5531 0.0000
v 32.7723 -30.5531 0.0000
v 32.7723 -30.7981 3.0000
v 32.9223 -30.7981 3.0000
v 32.9223 -30.5531 3.0000
v 32.7723 -30.5531 3.0000
v 32.8323 -31.4081 0.0000
v 32.9823 -31.4081 0.0000
v 32.9823 -31.3481 0.0000
v 32.8323 -31.3481 0.0000
v 32.8323 -31.4081 3.0000
v 32.9823 -31.4081 3.0000
v 32.9823 -31.3481 3.0000
v 32.8323 -31.3481 3.0000
v 32.8323 -30.7981 0.0000
v 32.9823 -30.7981 0.0000
v 32.9823 -30.4931 0.0000
v 32.8323 -30.4931 0.0000
v 32.8323 -30.7981 3.0000
v 32.9823 -30.7981 3.0000
v 32.9823 -30.4931 3.0000
v 32.8323 -30.4931 3.0000
v 32.8323 -31.4081 0.0000
v 32.9823 -31.4081 0.0000
v 32.9823 -31.3481 0.0000
v 32.8323 -31.3481 0.0000
v 32.8323 -31.4081 3.0000
v 32.9823 -31.4081 3.0000
v 32.9823 -31.3481 3.0000
v 32.8323 -31.3481 3.0000
v 32.9073 -31.4831 0.0000
v 32.9073 -31.3331 0.0000
v 31.5448 -31.3331 0.0000
v 31.5448 -31.4831 0.0000
v 32.9073 -31.4831 3.0000
v 32.9073 -31.3331 3.0000
v 31.5448 -31.3331 3.0000
v 31.5448 -31.4831 3.0000
v 32.9073 -31.4231 0.0000
v 32.9073 -31.2731 0.0000
v 31.5448 -31.2731 0.0000
v 31.5448 -31.4231 0.0000
v 32.9073 -31.4231 3.0000
v 32.9073 -31.2731 3.0000
v 31.5448 -31.2731 3.0000
v 31.5448 -31.4231 3.0000
v 32.9073 -30.8731 0.0000
v 32.9073 -30.7231 0.0000
v 32.8473 -30.7231 0.0000
v 32.8473 -30.8731 0.0000
v 32.9073 -30.8731 3.0000
v 32.9073 -30.7231 3.0000
v 32.8473 -30.7231 3.0000
v 32.8473 -30.8731 3.0000
v 32.9223 -31.9581 0.0000
v 32.7723 -31.9581 0.0000
v 32.7723 -32.3531 0.0000
v 32.9223 -32.3531 0.0000
v 32.9223 -31.9581 3.0000
v 32.7723 -31.9581 3.0000
v 32.7723 -32.3531 3.0000
v 32.9223 -32.3531 3.0000
v 32.9823 -31.9581 0.0000
v 32.8323 -31.9581 0.0000
v 32.8323 -32.3531 0.0000
v 32.9823 -32.3531 0.0000
v 32.9823 -31.9581 3.0000
v 32.8323 -31.9581 3.0000
v 32.8323 -32.3531 3.0000
v 32.9823 -32.3531 3.0000
v 32.9073 -32.0331 0.0000
v 32.9073 -31.8831 0.0000
v 32.8473 -31.8831 0.0000
v 32.8473 -32.0331 0.0000
v 32.9073 -32.0331 3.0000
v 32.9073 -31.8831 3.0000
v 32.8473 -31.8831 3.0000
v 32.8473 -32.0331 3.0000
v 35.2598 -30.1306 0.0000
v 35.2598 -30.2806 0.0000
v 35.7448 -30.2806 0.0000
v 35.7448 -30.1306 0.0000
v 35.2598 -30.1306 3.0000
v 35.2598 -30.2806 3.0000
v 35.7448 -30.2806 3.0000
v 35.7448 -30.1306 3.0000
v 35.2598 -30.2806 0.0000
v 35.2598 -30.4306 0.0000
v 35.7448 -30.4306 0.0000
v 35.7448 -30.2806 0.0000
v 35.2598 -30.2806 3.0000
v 35.2598 -30.4306 3.0000
v 35.7448 -30.4306 3.0000
v 35.7448 -30.2806 3.0000
v 31.6198 -31.8281 0.0000
v 31.4698 -31.8281 0.0000
v 31.4698 -32.5081 0.0000
v 31.6198 -32.5081 0.0000
v 31.6198 -31.8281 3.0000
v 31.4698 -31.8281 3.0000
v 31.4698 -32.5081 3.0000
v 31.6198 -32.5081 3.0000
v 31.4698 -31.8281 0.0000
v 31.3198 -31.8281 0.0000
v 31.3198 -32.3581 0.0000
v 31.4698 -32.3581 0.0000
v 31.4698 -31.8281 3.0000
v 31.3198 -31.8281 3.0000
v 31.3198 -32.3581 3.0000
v 31.4698 -32.3581 3.0000
v 36.3146 -30.3719 0.0000
v 36.3151 -30.2219 0.0000
v 35.8951 -30.2204 0.0000
v 35.8946 -30.3704 0.0000
v 36.3146 -30.3719 3.0000
v 36.3151 -30.2219 3.0000
v 35.8951 -30.2204 3.0000
v 35.8946 -30.3704 3.0000
v 36.3145 -30.4319 0.0000
v 36.3152 -30.2819 0.0000
v 35.8952 -30.2799 0.0000
v 35.8945 -30.4299 0.0000
v 36.3145 -30.4319 3.0000
v 36.3152 -30.2819 3.0000
v 35.8952 -30.2799 3.0000
v 35.8945 -30.4299 3.0000
v 36.2398 -30.3569 0.0000
v 36.3898 -30.3569 0.0000
v 36.3898 -30.2969 0.0000
v 36.2398 -30.2969 0.0000
v 36.2398 -30.3569 3.0000
v 36.3898 -30.3569 3.0000
v 36.3898 -30.2969 3.0000
v 36.2398 -30.2969 3.0000
v 35.8948 -28.9206 0.0000
v 35.8948 -29.0706 0.0000
v 37.9048 -29.0706 0.0000
v 37.9048 -28.9206 0.0000
v 35.8948 -28.9206 3.0000
v 35.8948 -29.0706 3.0000
v 37.9048 -29.0706 3.0000
v 37.9048 -28.9206 3.0000
v 35.8948 -28.7706 0.0000
v 35.8948 -28.9206 0.0000
v 37.9048 -28.9206 0.0000
v 37.9048 -28.7706 0.0000
v 35.8948 -28.7706 3.0000
v 35.8948 -28.9206 3.0000
v 37.9048 -28.9206 3.0000
v 37.9048 -28.7706 3.0000
v 35.9023 -28.5710 0.0000
v 35.8874 -28.7202 0.0000
v 37.8974 -28.9202 0.0000
v 37.9123 -28.7710 0.0000
v 35.9023 -28.5710 3.0000
v 35.8874 -28.7202 3.0000
v 37.8974 -28.9202 3.0000
v 37.9123 -28.7710 3.0000
v 37.5638 -28.7201 0.0000
v 37.5459 -28.5712 0.0000
v 35.8859 -28.7712 0.0000
v 35.9038 -28.9201 0.0000
v 37.5638 -28.7201 3.0000
v 37.5459 -28.5712 3.0000
v 35.8859 -28.7712 3.0000
v 35.9038 -28.9201 3.0000
v 31.5448 -32.7831 0.0000
v 31.5448 -32.9331 0.0000
v 37.0523 -32.9331 0.0000
v 37.0523 -32.7831 0.0000
v 31.5448 -32.7831 3.0000
v 31.5448 -32.9331 3.0000
v 37.0523 -32.9331 3.0000
v 37.0523 -32.7831 3.0000
v 31.5448 -32.6331 0.0000
v 31.5448 -32.7831 0.0000
v 37.0523 -32.7831 0.0000
v 37.0523 -32.6331 0.0000
v 31.5448 -32.6331 3.0000
v 31.5448 -32.7831 3.0000
v 37.0523 -32.7831 3.0000
v 37.0523 -32.6331 3.0000
v 37.9798 -32.3581 0.0000
v 38.1298 -32.3581 0.0000
v 38.1298 -28.4956 0.0000
v 37.9798 -28.4956 0.0000
v 37.9798 -32.3581 3.0000
v 38.1298 -32.3581 3.0000
v 38.1298 -28.4956 3.0000
v 37.9798 -28.4956 3.0000
v 37.8298 -32.2581 0.0000
v 37.9798 -32.2581 0.0000
v 37.9798 -28.9956 0.0000
v 37.8298 -28.9956 0.0000
v 37.8298 -32.2581 3.0000
v 37.9798 -32.2581 3.0000
v 37.9798 -28.9956 3.0000
v 37.8298 -28.9956 3.0000
v 34.5525 -31.8656 0.0000
v 34.4600 -31.9837 0.0000
v 35.0136 -32.4172 0.0000
v 35.1061 -32.2991 0.0000
v 34.5525 -31.8656 3.0000
v 34.4600 -31.9837 3.0000
v 35.0136 -32.4172 3.0000
v 35.1061 -32.2991 3.0000
v 35.1048 -31.9681 0.0000
v 35.0148 -31.8481 0.0000
v 34.4148 -32.2981 0.0000
v 34.5048 -32.4181 0.0000
v 35.1048 -31.9681 3.0000
v 35.0148 -31.8481 3.0000
v 34.4148 -32.2981 3.0000
v 34.5048 -32.4181 3.0000
v 37.0496 -32.7831 0.0000
v 37.0551 -32.6332 0.0000
v 31.5476 -32.4332 0.0000
v 31.5421 -32.5831 0.0000
v 37.0496 -32.7831 3.0000
v 37.0551 -32.6332 3.0000
v 31.5476 -32.4332 3.0000
v 31.5421 -32.5831 3.0000
v 31.5421 -32.6332 0.0000
v 31.5476 -32.7831 0.0000
v 37.0551 -32.5831 0.0000
v 37.0496 -32.4332 0.0000
v 31.5421 -32.6332 3.0000
v 31.5476 -32.7831 3.0000
v 37.0551 -32.5831 3.0000
v 37.0496 -32.4332 3.0000
v 43.9598 -32.6331 0.0000
v 43.9598 -32.7831 0.0000
v 49.4698 -32.7831 0.0000
v 49.4698 -32.6331 0.0000
v 43.9598 -32.6331 3.0000
v 43.9598 -32.7831 3.0000
v 49.4698 -32.7831 3.0000
v 49.4698 -32.6331 3.0000
v 49.4671 -32.7831 0.0000
v 49.4726 -32.6332 0.0000
v 43.9626 -32.4332 0.0000
v 43.9571 -32.5831 0.0000
v 49.4671 -32.7831 3.0000
v 49.4726 -32.6332 3.0000
v 43.9626 -32.4332 3.0000
v 43.9571 -32.5831 3.0000
v 43.9571 -32.6332 0.0000
v 43.9626 -32.7831 0.0000
v 49.4726 -32.5831 0.0000
v 49.4671 -32.4332 0.0000
v 43.9571 -32.6332 3.0000
v 43.9626 -32.7831 3.0000
v 49.4726 -32.5831 3.0000
v 49.4671 -32.4332 3.0000
v 46.5498 -32.4331 0.0000
v 46.5498 -32.2831 0.0000
v 45.9498 -32.2831 0.0000
v 45.9498 -32.4331 0.0000
v 46.5498 -32.4331 3.0000
v 46.5498 -32.2831 3.0000
v 45.9498 -32.2831 3.0000
v 45.9498 -32.4331 3.0000
v 46.5498 -31.1012 0.0000
v 46.5498 -30.9512 0.0000
v 45.9498 -30.9512 0.0000
v 45.9498 -31.1012 0.0000
v 46.5498 -31.1012 3.0000
v 46.5498 -30.9512 3.0000
v 45.9498 -30.9512 3.0000
v 45.9498 -31.1012 3.0000
v 46.0248 -31.0262 0.0000
v 45.8748 -31.0262 0.0000
v 45.8748 -32.3581 0.0000
v 46.0248 -32.3581 0.0000
v 46.0248 -31.0262 3.0000
v 45.8748 -31.0262 3.0000
v 45.8748 -32.3581 3.0000
v 46.0248 -32.3581 3.0000
v 46.6183 -31.0414 0.0000
v 46.4813 -30.9804 0.0000
v 45.8813 -32.3276 0.0000
v 46.0183 -32.3886 0.0000
v 46.6183 -31.0414 3.0000
v 46.4813 -30.9804 3.0000
v 45.8813 -32.3276 3.0000
v 46.0183 -32.3886 3.0000
v 46.0182 -30.9954 0.0000
v 45.8814 -31.0570 0.0000
v 46.4814 -32.3889 0.0000
v 46.6182 -32.3273 0.0000
v 46.0182 -30.9954 3.0000
v 45.8814 -31.0570 3.0000
v 46.4814 -32.3889 3.0000
v 46.6182 -32.3273 3.0000
v 46.5498 -30.9512 0.0000
v 46.5498 -30.8012 0.0000
v 45.7970 -30.8012 0.0000
v 45.7970 -30.9512 0.0000
v 46.5498 -30.9512 3.0000
v 46.5498 -30.8012 3.0000
v 45.7970 -30.8012 3.0000
v 45.7970 -30.9512 3.0000
v 45.8720 -30.8762 0.0000
v 45.7220 -30.8762 0.0000
v 45.7220 -32.5081 0.0000
v 45.8720 -32.5081 0.0000
v 45.8720 -30.8762 3.0000
v 45.7220 -30.8762 3.0000
v 45.7220 -32.5081 3.0000
v 45.8720 -32.5081 3.0000
v 43.9598 -32.4331 0.0000
v 43.9598 -32.5831 0.0000
v 49.4698 -32.5831 0.0000
v 49.4698 -32.4331 0.0000
v 43.9598 -32.4331 3.0000
v 43.9598 -32.5831 3.0000
v 49.4698 -32.5831 3.0000
v 49.4698 -32.4331 3.0000
v 47.1248 -32.2831 0.0000
v 47.1248 -32.4331 0.0000
v 49.4698 -32.4331 0.0000
v 49.4698 -32.2831 0.0000
v 47.1248 -32.2831 3.0000
v 47.1248 -32.4331 3.0000
v 49.4698 -32.4331 3.0000
v 49.4698 -32.2831 3.0000
v 46.7528 -32.5304 0.0000
v 46.6468 -32.4243 0.0000
v 46.6160 -32.4551 0.0000
v 46.7221 -32.5612 0.0000
v 46.7528 -32.5304 3.0000
v 46.6468 -32.4243 3.0000
v 46.6160 -32.4551 3.0000
v 46.7221 -32.5612 3.0000
v 46.7528 -32.3957 0.0000
v 46.6468 -32.2896 0.0000
v 46.4968 -32.4396 0.0000
v 46.6028 -32.5457 0.0000
v 46.7528 -32.3957 3.0000
v 46.6468 -32.2896 3.0000
v 46.4968 -32.4396 3.0000
v 46.6028 -32.5457 3.0000
v 46.7528 -32.2610 0.0000
v 46.6468 -32.1549 0.0000
v 46.4968 -32.3049 0.0000
v 46.6028 -32.4110 0.0000
v 46.7528 -32.2610 3.0000
v 46.6468 -32.1549 3.0000
v 46.4968 -32.3049 3.0000
v 46.6028 -32.4110 3.0000
v 46.7528 -32.1263 0.0000
v 46.6468 -32.0202 0.0000
v 46.4968 -32.1702 0.0000
v 46.6028 -32.2763 0.0000
v 46.7528 -32.1263 3.0000
v 46.6468 -32.0202 3.0000
v 46.4968 -32.1702 3.0000
v 46.6028 -32.2763 3.0000
v 46.7528 -31.9916 0.0000
v 46.6468 -31.8855 0.0000
v 46.4968 -32.0355 0.0000
v 46.6028 -32.1416 0.0000
v 46.7528 -31.9916 3.0000
v 46.6468 -31.8855 3.0000
v 46.4968 -32.0355 3.0000
v 46.6028 -32.1416 3.0000
v 46.7528 -31.8569 0.0000
v 46.6468 -31.7508 0.0000
v 46.4968 -31.9008 0.0000
v 46.6028 -32.0069 0.0000
v 46.7528 -31.8569 3.0000
v 46.6468 -31.7508 3.0000
v 46.4968 -31.9008 3.0000
v 46.6028 -32.0069 3.0000
v 46.7528 -31.7222 0.0000
v 46.6468 -31.6161 0.0000
v 46.4968 -31.7661 0.0000
v 46.6028 -31.8722 0.0000
v 46.7528 -31.7222 3.0000
v 46.6468 -31.6161 3.0000
v 46.4968 -31.7661 3.0000
v 46.6028 -31.8722 3.0000
v 46.7528 -31.5875 0.0000
v 46.6468 -31.4814 0.0000
v 46.4968 -31.6314 0.0000
v 46.6028 -31.7375 0.0000
v 46.7528 -31.5875 3.0000
v 46.6468 -31.4814 3.0000
v 46.4968 -31.6314 3.0000
v 46.6028 -31.7375 3.0000
v 46.7528 -31.4528 0.0000
v 46.6468 -31.3467 0.0000
v 46.4968 -31.4967 0.0000
v 46.6028 -31.6028 0.0000
v 46.7528 -31.4528 3.0000
v 46.6468 -31.3467 3.0000
v 46.4968 -31.4967 3.0000
v 46.6028 -31.6028 3.0000
v 46.7528 -31.3181 0.0000
v 46.6468 -31.2120 0.0000
v 46.4968 -31.3620 0.0000
v 46.6028 -31.4681 0.0000
v 46.7528 -31.3181 3.0000
v 46.6468 -31.2120 3.0000
v 46.4968 -31.3620 3.0000
v 46.6028 -31.4681 3.0000
v 46.7528 -31.1834 0.0000
v 46.6468 -31.0773 0.0000
v 46.4968 -31.2273 0.0000
v 46.6028 -31.3334 0.0000
v 46.7528 -31.1834 3.0000
v 46.6468 -31.0773 3.0000
v 46.4968 -31.2273 3.0000
v 46.6028 -31.3334 3.0000
v 46.7528 -31.0487 0.0000
v 46.6468 -30.9426 0.0000
v 46.4968 -31.0926 0.0000
v 46.6028 -31.1987 0.0000
v 46.7528 -31.0487 3.0000
v 46.6468 -30.9426 3.0000
v 46.4968 -31.0926 3.0000
v 46.6028 -31.1987 3.0000
v 46.7528 -30.9139 0.0000
v 46.6468 -30.8079 0.0000
v 46.4968 -30.9579 0.0000
v 46.6028 -31.0639 0.0000
v 46.7528 -30.9139 3.0000
v 46.6468 -30.8079 3.0000
v 46.4968 -30.9579 3.0000
v 46.6028 -31.0639 3.0000
v 46.7528 -30.7792 0.0000
v 46.6468 -30.6732 0.0000
v 46.4968 -30.8232 0.0000
v 46.6028 -30.9292 0.0000
v 46.7528 -30.7792 3.0000
v 46.6468 -30.6732 3.0000
v 46.4968 -30.8232 3.0000
v 46.6028 -30.9292 3.0000
v 46.7528 -30.6445 0.0000
v 46.6468 -30.5385 0.0000
v 46.4968 -30.6885 0.0000
v 46.6028 -30.7945 0.0000
v 46.7528 -30.6445 3.0000
v 46.6468 -30.5385 3.0000
v 46.4968 -30.6885 3.0000
v 46.6028 -30.7945 3.0000
v 46.7528 -30.5098 0.0000
v 46.6468 -30.4038 0.0000
v 46.4968 -30.5538 0.0000
v 46.6028 -30.6598 0.0000
v 46.7528 -30.5098 3.0000
v 46.6468 -30.4038 3.0000
v 46.4968 -30.5538 3.0000
v 46.6028 -30.6598 3.0000
v 46.7528 -30.3751 0.0000
v 46.6468 -30.2691 0.0000
v 46.4968 -30.4191 0.0000
v 46.6028 -30.5251 0.0000
v 46.7528 -30.3751 3.0000
v 46.6468 -30.2691 3.0000
v 46.4968 -30.4191 3.0000
v 46.6028 -30.5251 3.0000
v 46.7528 -30.2404 0.0000
v 46.6468 -30.1344 0.0000
v 46.4968 -30.2844 0.0000
v 46.6028 -30.3904 0.0000
v 46.7528 -30.2404 3.0000
v 46.6468 -30.1344 3.0000
v 46.4968 -30.2844 3.0000
v 46.6028 -30.3904 3.0000
v 46.7528 -30.1057 0.0000
v 46.6468 -29.9997 0.0000
v 46.4968 -30.1497 0.0000
v 46.6028 -30.2557 0.0000
v 46.7528 -30.1057 3.0000
v 46.6468 -29.9997 3.0000
v 46.4968 -30.1497 3.0000
v 46.6028 -30.2557 3.0000
v 46.7528 -29.9710 0.0000
v 46.6468 -29.8650 0.0000
v 46.4968 -30.0150 0.0000
v 46.6028 -30.1210 0.0000
v 46.7528 -29.9710 3.0000
v 46.6468 -29.8650 3.0000
v 46.4968 -30.0150 3.0000
v 46.6028 -30.1210 3.0000
v 46.7528 -29.8363 0.0000
v 46.6468 -29.7302 0.0000
v 46.4968 -29.8802 0.0000
v 46.6028 -29.9863 0.0000
v 46.7528 -29.8363 3.0000
v 46.6468 -29.7302 3.0000
v 46.4968 -29.8802 3.0000
v 46.6028 -29.9863 3.0000
v 46.7528 -29.7016 0.0000
v 46.6468 -29.5955 0.0000
v 46.4968 -29.7455 0.0000
v 46.6028 -29.8516 0.0000
v 46.7528 -29.7016 3.0000
v 46.6468 -29.5955 3.0000
v 46.4968 -29.7455 3.0000
v 46.6028 -29.8516 3.0000
v 46.7528 -29.5669 0.0000
v 46.6468 -29.4608 0.0000
v 46.4968 -29.6108 0.0000
v 46.6028 -29.7169 0.0000
v 46.7528 -29.5669 3.0000
v 46.6468 -29.4608 3.0000
v 46.4968 -29.6108 3.0000
v 46.6028 -29.7169 3.0000
v 46.7528 -29.4322 0.0000
v 46.6468 -29.3261 0.0000
v 46.4968 -29.4761 0.0000
v 46.6028 -29.5822 0.0000
v 46.7528 -29.4322 3.0000
v 46.6468 -29.3261 3.0000
v 46.4968 -29.4761 3.0000
v 46.6028 -29.5822 3.0000
v 46.7528 -29.2975 0.0000
v 46.6468 -29.1914 0.0000
v 46.4968 -29.3414 0.0000
v 46.6028 -29.4475 0.0000
v 46.7528 -29.2975 3.0000
v 46.6468 -29.1914 3.0000
v 46.4968 -29.3414 3.0000
v 46.6028 -29.4475 3.0000
v 43.1629 -32.2687 0.0000
v 43.0568 -32.1626 0.0000
v 42.9145 -32.3049 0.0000
v 43.0206 -32.4110 0.0000
v 43.1629 -32.2687 3.0000
v 43.0568 -32.1626 3.0000
v 42.9145 -32.3049 3.0000
v 43.0206 -32.4110 3.0000
v 43.1629 -32.1340 0.0000
v 43.0568 -32.0279 0.0000
v 42.9068 -32.1779 0.0000
v 43.0129 -32.2840 0.0000
v 43.1629 -32.1340 3.0000
v 43.0568 -32.0279 3.0000
v 42.9068 -32.1779 3.0000
v 43.0129 -32.2840 3.0000
v 43.1629 -31.9993 0.0000
v 43.0568 -31.8932 0.0000
v 42.9068 -32.0432 0.0000
v 43.0129 -32.1493 0.0000
v 43.1629 -31.9993 3.0000
v 43.0568 -31.8932 3.0000
v 42.9068 -32.0432 3.0000
v 43.0129 -32.1493 3.0000
v 43.1629 -31.8646 0.0000
v 43.0568 -31.7585 0.0000
v 42.9068 -31.9085 0.0000
v 43.0129 -32.0146 0.0000
v 43.1629 -31.8646 3.0000
v 43.0568 -31.7585 3.0000
v 42.9068 -31.9085 3.0000
v 43.0129 -32.0146 3.0000
v 43.1629 -31.7299 0.0000
v 43.0568 -31.6238 0.0000
v 42.9068 -31.7738 0.0000
v 43.0129 -31.8799 0.0000
v 43.1629 -31.7299 3.0000
v 43.0568 -31.6238 3.0000
v 42.9068 -31.7738 3.0000
v 43.0129 -31.8799 3.0000
v 43.1629 -31.5952 0.0000
v 43.0568 -31.4891 0.0000
v 42.9068 -31.6391 0.0000
v 43.0129 -31.7452 0.0000
v 43.1629 -31.5952 3.0000
v 43.0568 -31.4891 3.0000
v 42.9068 -31.6391 3.0000
v 43.0129 -31.7452 3.0000
v 43.1629 -31.4605 0.0000
v 43.0568 -31.3544 0.0000
v 42.9068 -31.5044 0.0000
v 43.0129 -31.6105 0.0000
v 43.1629 -31.4605 3.0000
v 43.0568 -31.3544 3.0000
v 42.9068 -31.5044 3.0000
v 43.0129 -31.6105 3.0000
v 43.1629 -31.3258 0.0000
v 43.0568 -31.2197 0.0000
v 42.9068 -31.3697 0.0000
v 43.0129 -31.4758 0.0000
v 43.1629 -31.3258 3.0000
v 43.0568 -31.2197 3.0000
v 42.9068 -31.3697 3.0000
v 43.0129 -31.4758 3.0000
v 43.1629 -31.1911 0.0000
v 43.0568 -31.0850 0.0000
v 42.9068 -31.2350 0.0000
v 43.0129 -31.3411 0.0000
v 43.1629 -31.1911 3.0000
v 43.0568 -31.0850 3.0000
v 42.9068 -31.2350 3.0000
v 43.0129 -31.3411 3.0000
v 43.1629 -31.0564 0.0000
v 43.0568 -30.9503 0.0000
v 42.9068 -31.1003 0.0000
v 43.0129 -31.2064 0.0000
v 43.1629 -31.0564 3.0000
v 43.0568 -30.9503 3.0000
v 42.9068 -31.1003 3.0000
v 43.0129 -31.2064 3.0000
v 43.1629 -30.9216 0.0000
v 43.0568 -30.8156 0.0000
v 42.9068 -30.9656 0.0000
v 43.0129 -31.0716 0.0000
v 43.1629 -30.9216 3.0000
v 43.0568 -30.8156 3.0000
v 42.9068 -30.9656 3.0000
v 43.0129 -31.0716 3.0000
v 43.1629 -30.7869 0.0000
v 43.0568 -30.6809 0.0000
v 42.9068 -30.8309 0.0000
v 43.0129 -30.9369 0.0000
v 43.1629 -30.7869 3.0000
v 43.0568 -30.6809 3.0000
v 42.9068 -30.8309 3.0000
v 43.0129 -30.9369 3.0000
v 43.1629 -30.6522 0.0000
v 43.0568 -30.5462 0.0000
v 42.9068 -30.6962 0.0000
v 43.0129 -30.8022 0.0000
v 43.1629 -30.6522 3.0000
v 43.0568 -30.5462 3.0000
v 42.9068 -30.6962 3.0000
v 43.0129 -30.8022 3.0000
v 43.1629 -30.5175 0.0000
v 43.0568 -30.4115 0.0000
v 42.9068 -30.5615 0.0000
v 43.0129 -30.6675 0.0000
v 43.1629 -30.5175 3.0000
v 43.0568 -30.4115 3.0000
v 42.9068 -30.5615 3.0000
v 43.0129 -30.6675 3.0000
v 43.1629 -30.3828 0.0000
v 43.0568 -30.2768 0.0000
v 42.9068 -30.4268 0.0000
v 43.0129 -30.5328 0.0000
v 43.1629 -30.3828 3.0000
v 43.0568 -30.2768 3.0000
v 42.9068 -30.4268 3.0000
v 43.0129 -30.5328 3.0000
v 43.1629 -30.2481 0.0000
v 43.0568 -30.1421 0.0000
v 42.9068 -30.2921 0.0000
v 43.0129 -30.3981 0.0000
v 43.1629 -30.2481 3.0000
v 43.0568 -30.1421 3.0000
v 42.9068 -30.2921 3.0000
v 43.0129 -30.3981 3.0000
v 43.1629 -30.1134 0.0000
v 43.0568 -30.0074 0.0000
v 42.9068 -30.1574 0.0000
v 43.0129 -30.2634 0.0000
v 43.1629 -30.1134 3.0000
v 43.0568 -30.0074 3.0000
v 42.9068 -30.1574 3.0000
v 43.0129 -30.2634 3.0000
v 43.1629 -29.9787 0.0000
v 43.0568 -29.8727 0.0000
v 42.9068 -30.0227 0.0000
v 43.0129 -30.1287 0.0000
v 43.1629 -29.9787 3.0000
v 43.0568 -29.8727 3.0000
v 42.9068 -30.0227 3.0000
v 43.0129 -30.1287 3.0000
v 43.1629 -29.8440 0.0000
v 43.0568 -29.7379 0.0000
v 42.9068 -29.8879 0.0000
v 43.0129 -29.9940 0.0000
v 43.1629 -29.8440 3.0000
v 43.0568 -29.7379 3.0000
v 42.9068 -29.8879 3.0000
v 43.0129 -29.9940 3.0000
v 43.1629 -29.7093 0.0000
v 43.0568 -29.6032 0.0000
v 42.9068 -29.7532 0.0000
v 43.0129 -29.8593 0.0000
v 43.1629 -29.7093 3.0000
v 43.0568 -29.6032 3.0000
v 42.9068 -29.7532 3.0000
v 43.0129 -29.8593 3.0000
v 43.1629 -29.5746 0.0000
v 43.0568 -29.4685 0.0000
v 42.9068 -29.6185 0.0000
v 43.0129 -29.7246 0.0000
v 43.1629 -29.5746 3.0000
v 43.0568 -29.4685 3.0000
v 42.9068 -29.6185 3.0000
v 43.0129 -29.7246 3.0000
v 43.1629 -29.4399 0.0000
v 43.0568 -29.3338 0.0000
v 42.9068 -29.4838 0.0000
v 43.0129 -29.5899 0.0000
v 43.1629 -29.4399 3.0000
v 43.0568 -29.3338 3.0000
v 42.9068 -29.4838 3.0000
v 43.0129 -29.5899 3.0000
v 43.1629 -29.3052 0.0000
v 43.0568 -29.1991 0.0000
v 42.9068 -29.3491 0.0000
v 43.0129 -29.4552 0.0000
v 43.1629 -29.3052 3.0000
v 43.0568 -29.1991 3.0000
v 42.9068 -29.3491 3.0000
v 43.0129 -29.4552 3.0000
v 43.1629 -29.1705 0.0000
v 43.0568 -29.0644 0.0000
v 42.9068 -29.2144 0.0000
v 43.0129 -29.3205 0.0000
v 43.1629 -29.1705 3.0000
v 43.0568 -29.0644 3.0000
v 42.9068 -29.2144 3.0000
v 43.0129 -29.3205 3.0000
v 43.6500 -28.5486 0.0000
v 43.5439 -28.4426 0.0000
v 43.3939 -28.5926 0.0000
v 43.5000 -28.6986 0.0000
v 43.6500 -28.5486 3.0000
v 43.5439 -28.4426 3.0000
v 43.3939 -28.5926 3.0000
v 43.5000 -28.6986 3.0000
v 43.1629 -29.0358 0.0000
v 43.0568 -28.9297 0.0000
v 42.9068 -29.0797 0.0000
v 43.0129 -29.1858 0.0000
v 43.1629 -29.0358 3.0000
v 43.0568 -28.9297 3.0000
v 42.9068 -29.0797 3.0000
v 43.0129 -29.1858 3.0000
v 43.5153 -28.5486 0.0000
v 43.4092 -28.4426 0.0000
v 43.2592 -28.5926 0.0000
v 43.3653 -28.6986 0.0000
v 43.5153 -28.5486 3.0000
v 43.4092 -28.4426 3.0000
v 43.2592 -28.5926 3.0000
v 43.3653 -28.6986 3.0000
v 43.1629 -28.9011 0.0000
v 43.0568 -28.7950 0.0000
v 42.9068 -28.9450 0.0000
v 43.0129 -29.0511 0.0000
v 43.1629 -28.9011 3.0000
v 43.0568 -28.7950 3.0000
v 42.9068 -28.9450 3.0000
v 43.0129 -29.0511 3.0000
v 43.3806 -28.5486 0.0000
v 43.2745 -28.4426 0.0000
v 43.1245 -28.5926 0.0000
v 43.2306 -28.6986 0.0000
v 43.3806 -28.5486 3.0000
v 43.2745 -28.4426 3.0000
v 43.1245 -28.5926 3.0000
v 43.2306 -28.6986 3.0000
v 43.1629 -28.7664 0.0000
v 43.0568 -28.6603 0.0000
v 42.9068 -28.8103 0.0000
v 43.0129 -28.9164 0.0000
v 43.1629 -28.7664 3.0000
v 43.0568 -28.6603 3.0000
v 42.9068 -28.8103 3.0000
v 43.0129 -28.9164 3.0000
v 43.2459 -28.5486 0.0000
v 43.1398 -28.4426 0.0000
v 42.9898 -28.5926 0.0000
v 43.0959 -28.6986 0.0000
v 43.2459 -28.5486 3.0000
v 43.1398 -28.4426 3.0000
v 42.9898 -28.5926 3.0000
v 43.0959 -28.6986 3.0000
v 43.0912 -28.7033 0.0000
v 42.9852 -28.5973 0.0000
v 42.9068 -28.6756 0.0000
v 43.0129 -28.7817 0.0000
v 43.0912 -28.7033 3.0000
v 42.9852 -28.5973 3.0000
v 42.9068 -28.6756 3.0000
v 43.0129 -28.7817 3.0000
v 43.1112 -28.5486 0.0000
v 43.0051 -28.4426 0.0000
v 42.9068 -28.5409 0.0000
v 43.0129 -28.6470 0.0000
v 43.1112 -28.5486 3.0000
v 43.0051 -28.4426 3.0000
v 42.9068 -28.5409 3.0000
v 43.0129 -28.6470 3.0000
v 46.6670 -29.2486 0.0000
v 46.5609 -29.1426 0.0000
v 46.4968 -29.2067 0.0000
v 46.6028 -29.3128 0.0000
v 46.6670 -29.2486 3.0000
v 46.5609 -29.1426 3.0000
v 46.4968 -29.2067 3.0000
v 46.6028 -29.3128 3.0000
v 48.1023 -29.1206 0.0000
v 48.1023 -29.2706 0.0000
v 49.4698 -29.2706 0.0000
v 49.4698 -29.1206 0.0000
v 48.1023 -29.1206 3.0000
v 48.1023 -29.2706 3.0000
v 49.4698 -29.2706 3.0000
v 49.4698 -29.1206 3.0000
v 46.8826 -29.5456 0.0000
v 47.0326 -29.5456 0.0000
v 47.0326 -29.1956 0.0000
v 46.8826 -29.1956 0.0000
v 46.8826 -29.5456 3.0000
v 47.0326 -29.5456 3.0000
v 47.0326 -29.1956 3.0000
v 46.8826 -29.1956 3.0000
v 46.9576 -29.6206 0.0000
v 46.9576 -29.4706 0.0000
v 46.6998 -29.4706 0.0000
v 46.6998 -29.6206 0.0000
v 46.9576 -29.6206 3.0000
v 46.9576 -29.4706 3.0000
v 46.6998 -29.4706 3.0000
v 46.6998 -29.6206 3.0000
v 46.7326 -29.3956 0.0000
v 46.8826 -29.3956 0.0000
v 46.8826 -29.1956 0.0000
v 46.7326 -29.1956 0.0000
v 46.7326 -29.3956 3.0000
v 46.8826 -29.3956 3.0000
v 46.8826 -29.1956 3.0000
v 46.7326 -29.1956 3.0000
v 46.8076 -29.4706 0.0000
v 46.8076 -29.3206 0.0000
v 46.6998 -29.3206 0.0000
v 46.6998 -29.4706 0.0000
v 46.8076 -29.4706 3.0000
v 46.8076 -29.3206 3.0000
v 46.6998 -29.3206 3.0000
v 46.6998 -29.4706 3.0000
v 40.7561 -28.9206 0.0000
v 40.7561 -29.0706 0.0000
v 42.9598 -29.0706 0.0000
v 42.9598 -28.9206 0.0000
v 40.7561 -28.9206 3.0000
v 40.7561 -29.0706 3.0000
v 42.9598 -29.0706 3.0000
v 42.9598 -28.9206 3.0000
v 40.7561 -28.7706 0.0000
v 40.7561 -28.9206 0.0000
v 42.9598 -28.9206 0.0000
v 42.9598 -28.7706 0.0000
v 40.7561 -28.7706 3.0000
v 40.7561 -28.9206 3.0000
v 42.9598 -28.9206 3.0000
v 42.9598 -28.7706 3.0000
v 44.0152 -28.6456 0.0000
v 44.1652 -28.6456 0.0000
v 44.1652 -28.4956 0.0000
v 44.0152 -28.4956 0.0000
v 44.0152 -28.6456 3.0000
v 44.1652 -28.6456 3.0000
v 44.1652 -28.4956 3.0000
v 44.0152 -28.4956 3.0000
v 45.5612 -28.6456 0.0000
v 45.7112 -28.6456 0.0000
v 45.7112 -28.4956 0.0000
v 45.5612 -28.4956 0.0000
v 45.5612 -28.6456 3.0000
v 45.7112 -28.6456 3.0000
v 45.7112 -28.4956 3.0000
v 45.5612 -28.4956 3.0000
v 45.6362 -28.4206 0.0000
v 45.6362 -28.5706 0.0000
v 46.4698 -28.5706 0.0000
v 46.4698 -28.4206 0.0000
v 45.6362 -28.4206 3.0000
v 45.6362 -28.5706 3.0000
v 46.4698 -28.5706 3.0000
v 46.4698 -28.4206 3.0000
v 45.6362 -28.5706 0.0000
v 45.6362 -28.7206 0.0000
v 46.4698 -28.7206 0.0000
v 46.4698 -28.5706 0.0000
v 45.6362 -28.5706 3.0000
v 45.6362 -28.7206 3.0000
v 46.4698 -28.7206 3.0000
v 46.4698 -28.5706 3.0000
v 94.3593 -29.0706 0.0000
v 94.3593 -28.9206 0.0000
v 92.1580 -28.9206 0.0000
v 92.1580 -29.0706 0.0000
v 94.3593 -29.0706 3.0000
v 94.3593 -28.9206 3.0000
v 92.1580 -28.9206 3.0000
v 92.1580 -29.0706 3.0000
v 91.6580 -29.0706 0.0000
v 91.6580 -28.9206 0.0000
v 89.4543 -28.9206 0.0000
v 89.4543 -29.0706 0.0000
v 91.6580 -29.0706 3.0000
v 91.6580 -28.9206 3.0000
v 89.4543 -28.9206 3.0000
v 89.4543 -29.0706 3.0000
v 94.3593 -28.9206 0.0000
v 94.3593 -28.7706 0.0000
v 92.1580 -28.7706 0.0000
v 92.1580 -28.9206 0.0000
v 94.3593 -28.9206 3.0000
v 94.3593 -28.7706 3.0000
v 92.1580 -28.7706 3.0000
v 92.1580 -28.9206 3.0000
v 91.6580 -28.9206 0.0000
v 91.6580 -28.7706 0.0000
v 89.4543 -28.7706 0.0000
v 89.4543 -28.9206 0.0000
v 91.6580 -28.9206 3.0000
v 91.6580 -28.7706 3.0000
v 89.4543 -28.7706 3.0000
v 89.4543 -28.9206 3.0000
v 83.0193 -28.6456 0.0000
v 82.8693 -28.6456 0.0000
v 82.8693 -28.9956 0.0000
v 83.0193 -28.9956 0.0000
v 83.0193 -28.6456 3.0000
v 82.8693 -28.6456 3.0000
v 82.8693 -28.9956 3.0000
v 83.0193 -28.9956 3.0000
v 83.0193 -28.9956 0.0000
v 82.8693 -28.9956 0.0000
v 82.8693 -29.3956 0.0000
v 83.0193 -29.3956 0.0000
v 83.0193 -28.9956 3.0000
v 82.8693 -28.9956 3.0000
v 82.8693 -29.3956 3.0000
v 83.0193 -29.3956 3.0000
v 82.9443 -28.4206 0.0000
v 82.9443 -28.5706 0.0000
v 84.4618 -28.5706 0.0000
v 84.4618 -28.4206 0.0000
v 82.9443 -28.4206 3.0000
v 82.9443 -28.5706 3.0000
v 84.4618 -28.5706 3.0000
v 84.4618 -28.4206 3.0000
v 82.9443 -28.5706 0.0000
v 82.9443 -28.7206 0.0000
v 84.3118 -28.7206 0.0000
v 84.3118 -28.5706 0.0000
v 82.9443 -28.5706 3.0000
v 82.9443 -28.7206 3.0000
v 84.3118 -28.7206 3.0000
v 84.3118 -28.5706 3.0000
v 85.7673 -32.4243 0.0000
v 85.6613 -32.5304 0.0000
v 85.6920 -32.5612 0.0000
v 85.7981 -32.4551 0.0000
v 85.7673 -32.4243 3.0000
v 85.6613 -32.5304 3.0000
v 85.6920 -32.5612 3.0000
v 85.7981 -32.4551 3.0000
v 85.7673 -32.2896 0.0000
v 85.6613 -32.3957 0.0000
v 85.8113 -32.5457 0.0000
v 85.9173 -32.4396 0.0000
v 85.7673 -32.2896 3.0000
v 85.6613 -32.3957 3.0000
v 85.8113 -32.5457 3.0000
v 85.9173 -32.4396 3.0000
v 85.7673 -32.1549 0.0000
v 85.6613 -32.2610 0.0000
v 85.8113 -32.4110 0.0000
v 85.9173 -32.3049 0.0000
v 85.7673 -32.1549 3.0000
v 85.6613 -32.2610 3.0000
v 85.8113 -32.4110 3.0000
v 85.9173 -32.3049 3.0000
v 85.7673 -32.0202 0.0000
v 85.6613 -32.1263 0.0000
v 85.8113 -32.2763 0.0000
v 85.9173 -32.1702 0.0000
v 85.7673 -32.0202 3.0000
v 85.6613 -32.1263 3.0000
v 85.8113 -32.2763 3.0000
v 85.9173 -32.1702 3.0000
v 85.7673 -31.8855 0.0000
v 85.6613 -31.9916 0.0000
v 85.8113 -32.1416 0.0000
v 85.9173 -32.0355 0.0000
v 85.7673 -31.8855 3.0000
v 85.6613 -31.9916 3.0000
v 85.8113 -32.1416 3.0000
v 85.9173 -32.0355 3.0000
v 85.7673 -31.7508 0.0000
v 85.6613 -31.8569 0.0000
v 85.8113 -32.0069 0.0000
v 85.9173 -31.9008 0.0000
v 85.7673 -31.7508 3.0000
v 85.6613 -31.8569 3.0000
v 85.8113 -32.0069 3.0000
v 85.9173 -31.9008 3.0000
v 85.7673 -31.6161 0.0000
v 85.6613 -31.7222 0.0000
v 85.8113 -31.8722 0.0000
v 85.9173 -31.7661 0.0000
v 85.7673 -31.6161 3.0000
v 85.6613 -31.7222 3.0000
v 85.8113 -31.8722 3.0000
v 85.9173 -31.7661 3.0000
v 85.7673 -31.4814 0.0000
v 85.6613 -31.5875 0.0000
v 85.8113 -31.7375 0.0000
v 85.9173 -31.6314 0.0000
v 85.7673 -31.4814 3.0000
v 85.6613 -31.5875 3.0000
v 85.8113 -31.7375 3.0000
v 85.9173 -31.6314 3.0000
v 85.7673 -31.3467 0.0000
v 85.6613 -31.4528 0.0000
v 85.8113 -31.6028 0.0000
v 85.9173 -31.4967 0.0000
v 85.7673 -31.3467 3.0000
v 85.6613 -31.4528 3.0000
v 85.8113 -31.6028 3.0000
v 85.9173 -31.4967 3.0000
v 85.7673 -31.2120 0.0000
v 85.6613 -31.3181 0.0000
v 85.8113 -31.4681 0.0000
v 85.9173 -31.3620 0.0000
v 85.7673 -31.2120 3.0000
v 85.6613 -31.3181 3.0000
v 85.8113 -31.4681 3.0000
v 85.9173 -31.3620 3.0000
v 85.7673 -31.0773 0.0000
v 85.6613 -31.1834 0.0000
v 85.8113 -31.3334 0.0000
v 85.9173 -31.2273 0.0000
v 85.7673 -31.0773 3.0000
v 85.6613 -31.1834 3.0000
v 85.8113 -31.3334 3.0000
v 85.9173 -31.2273 3.0000
v 85.7673 -30.9426 0.0000
v 85.6613 -31.0487 0.0000
v 85.8113 -31.1987 0.0000
v 85.9173 -31.0926 0.0000
v 85.7673 -30.9426 3.0000
v 85.6613 -31.0487 3.0000
v 85.8113 -31.1987 3.0000
v 85.9173 -31.0926 3.0000
v 85.7673 -30.8079 0.0000
v 85.6613 -30.9139 0.0000
v 85.8113 -31.0639 0.0000
v 85.9173 -30.9579 0.0000
v 85.7673 -30.8079 3.0000
v 85.6613 -30.9139 3.0000
v 85.8113 -31.0639 3.0000
v 85.9173 -30.9579 3.0000
v 85.7673 -30.6732 0.0000
v 85.6613 -30.7792 0.0000
v 85.8113 -30.9292 0.0000
v 85.9173 -30.8232 0.0000
v 85.7673 -30.6732 3.0000
v 85.6613 -30.7792 3.0000
v 85.8113 -30.9292 3.0000
v 85.9173 -30.8232 3.0000
v 85.7673 -30.5385 0.0000
v 85.6613 -30.6445 0.0000
v 85.8113 -30.7945 0.0000
v 85.9173 -30.6885 0.0000
v 85.7673 -30.5385 3.0000
v 85.6613 -30.6445 3.0000
v 85.8113 -30.7945 3.0000
v 85.9173 -30.6885 3.0000
v 85.7673 -30.4038 0.0000
v 85.6613 -30.5098 0.0000
v 85.8113 -30.6598 0.0000
v 85.9173 -30.5538 0.0000
v 85.7673 -30.4038 3.0000
v 85.6613 -30.5098 3.0000
v 85.8113 -30.6598 3.0000
v 85.9173 -30.5538 3.0000
v 85.7673 -30.2691 0.0000
v 85.6613 -30.3751 0.0000
v 85.8113 -30.5251 0.0000
v 85.9173 -30.4191 0.0000
v 85.7673 -30.2691 3.0000
v 85.6613 -30.3751 3.0000
v 85.8113 -30.5251 3.0000
v 85.9173 -30.4191 3.0000
v 85.7673 -30.1344 0.0000
v 85.6613 -30.2404 0.0000
v 85.8113 -30.3904 0.0000
v 85.9173 -30.2844 0.0000
v 85.7673 -30.1344 3.0000
v 85.6613 -30.2404 3.0000
v 85.8113 -30.3904 3.0000
v 85.9173 -30.2844 3.0000
v 85.7673 -29.9997 0.0000
v 85.6613 -30.1057 0.0000
v 85.8113 -30.2557 0.0000
v 85.9173 -30.1497 0.0000
v 85.7673 -29.9997 3.0000
v 85.6613 -30.1057 3.0000
v 85.8113 -30.2557 3.0000
v 85.9173 -30.1497 3.0000
v 85.7673 -29.8650 0.0000
v 85.6613 -29.9710 0.0000
v 85.8113 -30.1210 0.0000
v 85.9173 -30.0150 0.0000
v 85.7673 -29.8650 3.0000
v 85.6613 -29.9710 3.0000
v 85.8113 -30.1210 3.0000
v 85.9173 -30.0150 3.0000
v 85.7673 -29.7302 0.0000
v 85.6613 -29.8363 0.0000
v 85.8113 -29.9863 0.0000
v 85.9173 -29.8802 0.0000
v 85.7673 -29.7302 3.0000
v 85.6613 -29.8363 3.0000
v 85.8113 -29.9863 3.0000
v 85.9173 -29.8802 3.0000
v 85.7673 -29.5955 0.0000
v 85.6613 -29.7016 0.0000
v 85.8113 -29.8516 0.0000
v 85.9173 -29.7455 0.0000
v 85.7673 -29.5955 3.0000
v 85.6613 -29.7016 3.0000
v 85.8113 -29.8516 3.0000
v 85.9173 -29.7455 3.0000
v 85.7673 -29.4608 0.0000
v 85.6613 -29.5669 0.0000
v 85.8113 -29.7169 0.0000
v 85.9173 -29.6108 0.0000
v 85.7673 -29.4608 3.0000
v 85.6613 -29.5669 3.0000
v 85.8113 -29.7169 3.0000
v 85.9173 -29.6108 3.0000
v 85.7673 -29.3261 0.0000
v 85.6613 -29.4322 0.0000
v 85.8113 -29.5822 0.0000
v 85.9173 -29.4761 0.0000
v 85.7673 -29.3261 3.0000
v 85.6613 -29.4322 3.0000
v 85.8113 -29.5822 3.0000
v 85.9173 -29.4761 3.0000
v 85.7673 -29.1914 0.0000
v 85.6613 -29.2975 0.0000
v 85.8113 -29.4475 0.0000
v 85.9173 -29.3414 0.0000
v 85.7673 -29.1914 3.0000
v 85.6613 -29.2975 3.0000
v 85.8113 -29.4475 3.0000
v 85.9173 -29.3414 3.0000
v 89.3573 -32.1626 0.0000
v 89.2513 -32.2687 0.0000
v 89.3936 -32.4110 0.0000
v 89.4996 -32.3049 0.0000
v 89.3573 -32.1626 3.0000
v 89.2513 -32.2687 3.0000
v 89.3936 -32.4110 3.0000
v 89.4996 -32.3049 3.0000
v 89.3573 -32.0279 0.0000
v 89.2513 -32.1340 0.0000
v 89.4013 -32.2840 0.0000
v 89.5073 -32.1779 0.0000
v 89.3573 -32.0279 3.0000
v 89.2513 -32.1340 3.0000
v 89.4013 -32.2840 3.0000
v 89.5073 -32.1779 3.0000
v 89.3573 -31.8932 0.0000
v 89.2513 -31.9993 0.0000
v 89.4013 -32.1493 0.0000
v 89.5073 -32.0432 0.0000
v 89.3573 -31.8932 3.0000
v 89.2513 -31.9993 3.0000
v 89.4013 -32.1493 3.0000
v 89.5073 -32.0432 3.0000
v 89.3573 -31.7585 0.0000
v 89.2513 -31.8646 0.0000
v 89.4013 -32.0146 0.0000
v 89.5073 -31.9085 0.0000
v 89.3573 -31.7585 3.0000
v 89.2513 -31.8646 3.0000
v 89.4013 -32.0146 3.0000
v 89.5073 -31.9085 3.0000
v 89.3573 -31.6238 0.0000
v 89.2513 -31.7299 0.0000
v 89.4013 -31.8799 0.0000
v 89.5073 -31.7738 0.0000
v 89.3573 -31.6238 3.0000
v 89.2513 -31.7299 3.0000
v 89.4013 -31.8799 3.0000
v 89.5073 -31.7738 3.0000
v 89.3573 -31.4891 0.0000
v 89.2513 -31.5952 0.0000
v 89.4013 -31.7452 0.0000
v 89.5073 -31.6391 0.0000
v 89.3573 -31.4891 3.0000
v 89.2513 -31.5952 3.0000
v 89.4013 -31.7452 3.0000
v 89.5073 -31.6391 3.0000
v 89.3573 -31.3544 0.0000
v 89.2513 -31.4605 0.0000
v 89.4013 -31.6105 0.0000
v 89.5073 -31.5044 0.0000
v 89.3573 -31.3544 3.0000
v 89.2513 -31.4605 3.0000
v 89.4013 -31.6105 3.0000
v 89.5073 -31.5044 3.0000
v 89.3573 -31.2197 0.0000
v 89.2513 -31.3258 0.0000
v 89.4013 -31.4758 0.0000
v 89.5073 -31.3697 0.0000
v 89.3573 -31.2197 3.0000
v 89.2513 -31.3258 3.0000
v 89.4013 -31.4758 3.0000
v 89.5073 -31.3697 3.0000
v 89.3573 -31.0850 0.0000
v 89.2513 -31.1911 0.0000
v 89.4013 -31.3411 0.0000
v 89.5073 -31.2350 0.0000
v 89.3573 -31.0850 3.0000
v 89.2513 -31.1911 3.0000
v 89.4013 -31.3411 3.0000
v 89.5073 -31.2350 3.0000
v 89.3573 -30.9503 0.0000
v 89.2513 -31.0564 0.0000
v 89.4013 -31.2064 0.0000
v 89.5073 -31.1003 0.0000
v 89.3573 -30.9503 3.0000
v 89.2513 -31.0564 3.0000
v 89.4013 -31.2064 3.0000
v 89.5073 -31.1003 3.0000
v 89.3573 -30.8156 0.0000
v 89.2513 -30.9216 0.0000
v 89.4013 -31.0716 0.0000
v 89.5073 -30.9656 0.0000
v 89.3573 -30.8156 3.0000
v 89.2513 -30.9216 3.0000
v 89.4013 -31.0716 3.0000
v 89.5073 -30.9656 3.0000
v 89.3573 -30.6809 0.0000
v 89.2513 -30.7869 0.0000
v 89.4013 -30.9369 0.0000
v 89.5073 -30.8309 0.0000
v 89.3573 -30.6809 3.0000
v 89.2513 -30.7869 3.0000
v 89.4013 -30.9369 3.0000
v 89.5073 -30.8309 3.0000
v 89.3573 -30.5462 0.0000
v 89.2513 -30.6522 0.0000
v 89.4013 -30.8022 0.0000
v 89.5073 -30.6962 0.0000
v 89.3573 -30.5462 3.0000
v 89.2513 -30.6522 3.0000
v 89.4013 -30.8022 3.0000
v 89.5073 -30.6962 3.0000
v 89.3573 -30.4115 0.0000
v 89.2513 -30.5175 0.0000
v 89.4013 -30.6675 0.0000
v 89.5073 -30.5615 0.0000
v 89.3573 -30.4115 3.0000
v 89.2513 -30.5175 3.0000
v 89.4013 -30.6675 3.0000
v 89.5073 -30.5615 3.0000
v 89.3573 -30.2768 0.0000
v 89.2513 -30.3828 0.0000
v 89.4013 -30.5328 0.0000
v 89.5073 -30.4268 0.0000
v 89.3573 -30.2768 3.0000
v 89.2513 -30.3828 3.0000
v 89.4013 -30.5328 3.0000
v 89.5073 -30.4268 3.0000
v 89.3573 -30.1421 0.0000
v 89.2513 -30.2481 0.0000
v 89.4013 -30.3981 0.0000
v 89.5073 -30.2921 0.0000
v 89.3573 -30.1421 3.0000
v 89.2513 -30.2481 3.0000
v 89.4013 -30.3981 3.0000
v 89.5073 -30.2921 3.0000
v 89.3573 -30.0074 0.0000
v 89.2513 -30.1134 0.0000
v 89.4013 -30.2634 0.0000
v 89.5073 -30.1574 0.0000
v 89.3573 -30.0074 3.0000
v 89.2513 -30.1134 3.0000
v 89.4013 -30.2634 3.0000
v 89.5073 -30.1574 3.0000
v 89.3573 -29.8727 0.0000
v 89.2513 -29.9787 0.0000
v 89.4013 -30.1287 0.0000
v 89.5073 -30.0227 0.0000
v 89.3573 -29.8727 3.0000
v 89.2513 -29.9787 3.0000
v 89.4013 -30.1287 3.0000
v 89.5073 -30.0227 3.0000
v 89.3573 -29.7379 0.0000
v 89.2513 -29.8440 0.0000
v 89.4013 -29.9940 0.0000
v 89.5073 -29.8879 0.0000
v 89.3573 -29.7379 3.0000
v 89.2513 -29.8440 3.0000
v 89.4013 -29.9940 3.0000
v 89.5073 -29.8879 3.0000
v 89.3573 -29.6032 0.0000
v 89.2513 -29.7093 0.0000
v 89.4013 -29.8593 0.0000
v 89.5073 -29.7532 0.0000
v 89.3573 -29.6032 3.0000
v 89.2513 -29.7093 3.0000
v 89.4013 -29.8593 3.0000
v 89.5073 -29.7532 3.0000
v 89.3573 -29.4685 0.0000
v 89.2513 -29.5746 0.0000
v 89.4013 -29.7246 0.0000
v 89.5073 -29.6185 0.0000
v 89.3573 -29.4685 3.0000
v 89.2513 -29.5746 3.0000
v 89.4013 -29.7246 3.0000
v 89.5073 -29.6185 3.0000
v 89.3573 -29.3338 0.0000
v 89.2513 -29.4399 0.0000
v 89.4013 -29.5899 0.0000
v 89.5073 -29.4838 0.0000
v 89.3573 -29.3338 3.0000
v 89.2513 -29.4399 3.0000
v 89.4013 -29.5899 3.0000
v 89.5073 -29.4838 3.0000
v 89.3573 -29.1991 0.0000
v 89.2513 -29.3052 0.0000
v 89.4013 -29.4552 0.0000
v 89.5073 -29.3491 0.0000
v 89.3573 -29.1991 3.0000
v 89.2513 -29.3052 3.0000
v 89.4013 -29.4552 3.0000
v 89.5073 -29.3491 3.0000
v 89.3573 -29.0644 0.0000
v 89.2513 -29.1705 0.0000
v 89.4013 -29.3205 0.0000
v 89.5073 -29.2144 0.0000
v 89.3573 -29.0644 3.0000
v 89.2513 -29.1705 3.0000
v 89.4013 -29.3205 3.0000
v 89.5073 -29.2144 3.0000
v 88.8702 -28.4426 0.0000
v 88.7641 -28.5486 0.0000
v 88.9141 -28.6986 0.0000
v 89.0202 -28.5926 0.0000
v 88.8702 -28.4426 3.0000
v 88.7641 -28.5486 3.0000
v 88.9141 -28.6986 3.0000
v 89.0202 -28.5926 3.0000
v 89.3573 -28.9297 0.0000
v 89.2513 -29.0358 0.0000
v 89.4013 -29.1858 0.0000
v 89.5073 -29.0797 0.0000
v 89.3573 -28.9297 3.0000
v 89.2513 -29.0358 3.0000
v 89.4013 -29.1858 3.0000
v 89.5073 -29.0797 3.0000
v 89.0049 -28.4426 0.0000
v 88.8988 -28.5486 0.0000
v 89.0488 -28.6986 0.0000
v 89.1549 -28.5926 0.0000
v 89.0049 -28.4426 3.0000
v 88.8988 -28.5486 3.0000
v 89.0488 -28.6986 3.0000
v 89.1549 -28.5926 3.0000
v 89.3573 -28.7950 0.0000
v 89.2513 -28.9011 0.0000
v 89.4013 -29.0511 0.0000
v 89.5073 -28.9450 0.0000
v 89.3573 -28.7950 3.0000
v 89.2513 -28.9011 3.0000
v 89.4013 -29.0511 3.0000
v 89.5073 -28.9450 3.0000
v 89.1396 -28.4426 0.0000
v 89.0335 -28.5486 0.0000
v 89.1835 -28.6986 0.0000
v 89.2896 -28.5926 0.0000
v 89.1396 -28.4426 3.0000
v 89.0335 -28.5486 3.0000
v 89.1835 -28.6986 3.0000
v 89.2896 -28.5926 3.0000
v 89.3573 -28.6603 0.0000
v 89.2513 -28.7664 0.0000
v 89.4013 -28.9164 0.0000
v 89.5073 -28.8103 0.0000
v 89.3573 -28.6603 3.0000
v 89.2513 -28.7664 3.0000
v 89.4013 -28.9164 3.0000
v 89.5073 -28.8103 3.0000
v 89.2743 -28.4426 0.0000
v 89.1682 -28.5486 0.0000
v 89.3182 -28.6986 0.0000
v 89.4243 -28.5926 0.0000
v 89.2743 -28.4426 3.0000
v 89.1682 -28.5486 3.0000
v 89.3182 -28.6986 3.0000
v 89.4243 -28.5926 3.0000
v 89.4290 -28.5973 0.0000
v 89.3229 -28.7033 0.0000
v 89.4013 -28.7817 0.0000
v 89.5073 -28.6756 0.0000
v 89.4290 -28.5973 3.0000
v 89.3229 -28.7033 3.0000
v 89.4013 -28.7817 3.0000
v 89.5073 -28.6756 3.0000
v 89.4090 -28.4426 0.0000
v 89.3029 -28.5486 0.0000
v 89.4013 -28.6470 0.0000
v 89.5073 -28.5409 0.0000
v 89.4090 -28.4426 3.0000
v 89.3029 -28.5486 3.0000
v 89.4013 -28.6470 3.0000
v 89.5073 -28.5409 3.0000
v 82.9443 -32.7831 0.0000
v 82.9443 -32.9331 0.0000
v 89.4543 -32.9331 0.0000
v 89.4543 -32.7831 0.0000
v 82.9443 -32.7831 3.0000
v 82.9443 -32.9331 3.0000
v 89.4543 -32.9331 3.0000
v 89.4543 -32.7831 3.0000
v 85.9393 -29.1956 0.0000
v 85.7893 -29.1956 0.0000
v 85.7893 -30.8762 0.0000
v 85.9393 -30.8762 0.0000
v 85.9393 -29.1956 3.0000
v 85.7893 -29.1956 3.0000
v 85.7893 -30.8762 3.0000
v 85.9393 -30.8762 3.0000
v 85.7893 -29.1956 0.0000
v 85.6393 -29.1956 0.0000
v 85.6393 -29.3956 0.0000
v 85.7893 -29.3956 0.0000
v 85.7893 -29.1956 3.0000
v 85.6393 -29.1956 3.0000
v 85.6393 -29.3956 3.0000
v 85.7893 -29.3956 3.0000
v 100.9443 -28.6456 0.0000
v 100.7943 -28.6456 0.0000
v 100.7943 -28.8456 0.0000
v 100.9443 -28.8456 0.0000
v 100.9443 -28.6456 3.0000
v 100.7943 -28.6456 3.0000
v 100.7943 -28.8456 3.0000
v 100.9443 -28.8456 3.0000
v 100.9443 -28.9956 0.0000
v 100.7943 -28.9956 0.0000
v 100.7943 -31.9273 0.0000
v 100.9443 -31.9273 0.0000
v 100.9443 -28.9956 3.0000
v 100.7943 -28.9956 3.0000
v 100.7943 -31.9273 3.0000
v 100.9443 -31.9273 3.0000
v 100.9443 -31.8281 0.0000
v 101.0943 -31.8281 0.0000
v 101.0943 -28.6456 0.0000
v 100.9443 -28.6456 0.0000
v 100.9443 -31.8281 3.0000
v 101.0943 -31.8281 3.0000
v 101.0943 -28.6456 3.0000
v 100.9443 -28.6456 3.0000
v 100.9443 -28.6456 0.0000
v 101.0943 -28.6456 0.0000
v 101.0943 -28.4956 0.0000
v 100.9443 -28.4956 0.0000
v 100.9443 -28.6456 3.0000
v 101.0943 -28.6456 3.0000
v 101.0943 -28.4956 3.0000
v 100.9443 -28.4956 3.0000
v 101.0193 -28.5706 0.0000
v 101.0193 -28.4206 0.0000
v 100.8693 -28.4206 0.0000
v 100.8693 -28.5706 0.0000
v 101.0193 -28.5706 3.0000
v 101.0193 -28.4206 3.0000
v 100.8693 -28.4206 3.0000
v 100.8693 -28.5706 3.0000
v 100.8693 -28.5706 0.0000
v 100.8693 -28.4206 0.0000
v 98.3693 -28.4206 0.0000
v 98.3693 -28.5706 0.0000
v 100.8693 -28.5706 3.0000
v 100.8693 -28.4206 3.0000
v 98.3693 -28.4206 3.0000
v 98.3693 -28.5706 3.0000
v 95.4843 -31.7581 0.0000
v 95.3343 -31.7581 0.0000
v 95.3343 -32.3581 0.0000
v 95.4843 -32.3581 0.0000
v 95.4843 -31.7581 3.0000
v 95.3343 -31.7581 3.0000
v 95.3343 -32.3581 3.0000
v 95.4843 -32.3581 3.0000
v 95.5343 -31.7581 0.0000
v 95.3843 -31.7581 0.0000
v 95.3843 -32.3581 0.0000
v 95.5343 -32.3581 0.0000
v 95.5343 -31.7581 3.0000
v 95.3843 -31.7581 3.0000
v 95.3843 -32.3581 3.0000
v 95.5343 -32.3581 3.0000
v 100.8693 -28.7206 0.0000
v 100.8693 -28.5706 0.0000
v 98.3718 -28.5706 0.0000
v 98.3718 -28.7206 0.0000
v 100.8693 -28.7206 3.0000
v 100.8693 -28.5706 3.0000
v 98.3718 -28.5706 3.0000
v 98.3718 -28.7206 3.0000
v 100.8693 -32.5831 0.0000
v 100.8693 -32.4331 0.0000
v 95.3618 -32.4331 0.0000
v 95.3618 -32.5831 0.0000
v 100.8693 -32.5831 3.0000
v 100.8693 -32.4331 3.0000
v 95.3618 -32.4331 3.0000
v 95.3618 -32.5831 3.0000
v 100.8693 -32.4331 0.0000
v 100.8693 -32.2831 0.0000
v 98.1043 -32.2831 0.0000
v 98.1043 -32.4331 0.0000
v 100.8693 -32.4331 3.0000
v 100.8693 -32.2831 3.0000
v 98.1043 -32.2831 3.0000
v 98.1043 -32.4331 3.0000
v 97.9543 -32.4331 0.0000
v 97.9543 -32.2831 0.0000
v 97.3543 -32.2831 0.0000
v 97.3543 -32.4331 0.0000
v 97.9543 -32.4331 3.0000
v 97.9543 -32.2831 3.0000
v 97.3543 -32.2831 3.0000
v 97.3543 -32.4331 3.0000
v 97.9543 -31.8331 0.0000
v 97.9543 -31.6831 0.0000
v 95.4093 -31.6831 0.0000
v 95.4093 -31.8331 0.0000
v 97.9543 -31.8331 3.0000
v 97.9543 -31.6831 3.0000
v 95.4093 -31.6831 3.0000
v 95.4093 -31.8331 3.0000
v 97.9543 -31.9831 0.0000
v 97.9543 -31.8331 0.0000
v 97.3543 -31.8331 0.0000
v 97.3543 -31.9831 0.0000
v 97.9543 -31.9831 3.0000
v 97.9543 -31.8331 3.0000
v 97.3543 -31.8331 3.0000
v 97.3543 -31.9831 3.0000
v 96.6693 -28.5706 0.0000
v 96.6693 -28.4206 0.0000
v 94.3593 -28.4206 0.0000
v 94.3593 -28.5706 0.0000
v 96.6693 -28.5706 3.0000
v 96.6693 -28.4206 3.0000
v 94.3593 -28.4206 3.0000
v 94.3593 -28.5706 3.0000
v 96.5193 -28.7206 0.0000
v 96.5193 -28.5706 0.0000
v 94.5093 -28.5706 0.0000
v 94.5093 -28.7206 0.0000
v 96.5193 -28.7206 3.0000
v 96.5193 -28.5706 3.0000
v 94.5093 -28.5706 3.0000
v 94.5093 -28.7206 3.0000
v 98.1793 -29.9954 0.0000
v 98.0293 -29.9954 0.0000
v 98.0293 -32.3581 0.0000
v 98.1793 -32.3581 0.0000
v 98.1793 -29.9954 3.0000
v 98.0293 -29.9954 3.0000
v 98.0293 -32.3581 3.0000
v 98.1793 -32.3581 3.0000
v 100.9443 -28.6456 0.0000
v 100.7943 -28.6456 0.0000
v 100.7943 -28.8456 0.0000
v 100.9443 -28.8456 0.0000
v 100.9443 -28.6456 3.0000
v 100.7943 -28.6456 3.0000
v 100.7943 -28.8456 3.0000
v 100.9443 -28.8456 3.0000
v 98.0293 -29.9954 0.0000
v 97.8793 -29.9954 0.0000
v 97.8793 -31.7581 0.0000
v 98.0293 -31.7581 0.0000
v 98.0293 -29.9954 3.0000
v 97.8793 -29.9954 3.0000
v 97.8793 -31.7581 3.0000
v 98.0293 -31.7581 3.0000
v 97.2293 -30.2056 0.0000
v 97.0793 -30.2056 0.0000
v 97.0793 -30.3556 0.0000
v 97.2293 -30.3556 0.0000
v 97.2293 -30.2056 3.0000
v 97.0793 -30.2056 3.0000
v 97.0793 -30.3556 3.0000
v 97.2293 -30.3556 3.0000
v 98.0293 -31.5256 0.0000
v 97.8793 -31.5256 0.0000
v 97.8793 -31.7581 0.0000
v 98.0293 -31.7581 0.0000
v 98.0293 -31.5256 3.0000
v 97.8793 -31.5256 3.0000
v 97.8793 -31.7581 3.0000
v 98.0293 -31.7581 3.0000
v 97.4293 -31.9081 0.0000
v 97.2793 -31.9081 0.0000
v 97.2793 -32.3581 0.0000
v 97.4293 -32.3581 0.0000
v 97.4293 -31.9081 3.0000
v 97.2793 -31.9081 3.0000
v 97.2793 -32.3581 3.0000
v 97.4293 -32.3581 3.0000
v 97.2793 -31.7581 0.0000
v 97.1293 -31.7581 0.0000
v 97.1293 -32.5081 0.0000
v 97.2793 -32.5081 0.0000
v 97.2793 -31.7581 3.0000
v 97.1293 -31.7581 3.0000
v 97.1293 -32.5081 3.0000
v 97.2793 -32.5081 3.0000
v 89.5293 -28.4956 0.0000
v 89.3793 -28.4956 0.0000
v 89.3793 -32.8581 0.0000
v 89.5293 -32.8581 0.0000
v 89.5293 -28.4956 3.0000
v 89.3793 -28.4956 3.0000
v 89.3793 -32.8581 3.0000
v 89.5293 -32.8581 3.0000
v 89.3793 -28.6456 0.0000
v 89.2293 -28.6456 0.0000
v 89.2293 -32.3581 0.0000
v 89.3793 -32.3581 0.0000
v 89.3793 -28.6456 3.0000
v 89.2293 -28.6456 3.0000
v 89.2293 -32.3581 3.0000
v 89.3793 -32.3581 3.0000
v 84.3868 -29.5456 0.0000
v 84.5368 -29.5456 0.0000
v 84.5368 -28.4956 0.0000
v 84.3868 -28.4956 0.0000
v 84.3868 -29.5456 3.0000
v 84.5368 -29.5456 3.0000
v 84.5368 -28.4956 3.0000
v 84.3868 -28.4956 3.0000
v 84.4618 -29.6206 0.0000
v 84.4618 -29.4706 0.0000
v 82.9443 -29.4706 0.0000
v 82.9443 -29.6206 0.0000
v 84.4618 -29.6206 3.0000
v 84.4618 -29.4706 3.0000
v 82.9443 -29.4706 3.0000
v 82.9443 -29.6206 3.0000
v 84.3118 -29.4706 0.0000
v 84.3118 -29.3206 0.0000
v 82.9443 -29.3206 0.0000
v 82.9443 -29.4706 0.0000
v 84.3118 -29.4706 3.0000
v 84.3118 -29.3206 3.0000
v 82.9443 -29.3206 3.0000
v 82.9443 -29.4706 3.0000
v 88.3239 -28.4206 0.0000
v 88.3239 -28.5706 0.0000
v 89.4543 -28.5706 0.0000
v 89.4543 -28.4206 0.0000
v 88.3239 -28.4206 3.0000
v 88.3239 -28.5706 3.0000
v 89.4543 -28.5706 3.0000
v 89.4543 -28.4206 3.0000
v 88.3239 -28.5706 0.0000
v 88.3239 -28.7206 0.0000
v 89.3043 -28.7206 0.0000
v 89.3043 -28.5706 0.0000
v 88.3239 -28.5706 3.0000
v 88.3239 -28.7206 3.0000
v 89.3043 -28.7206 3.0000
v 89.3043 -28.5706 3.0000
v 84.3010 -29.4685 0.0000
v 84.3226 -29.3200 0.0000
v 82.9551 -29.1214 0.0000
v 82.9335 -29.2698 0.0000
v 84.3010 -29.4685 3.0000
v 84.3226 -29.3200 3.0000
v 82.9551 -29.1214 3.0000
v 82.9335 -29.2698 3.0000
v 84.3227 -29.2698 0.0000
v 84.3009 -29.1214 0.0000
v 82.9434 -29.3214 0.0000
v 82.9652 -29.4698 0.0000
v 84.3227 -29.2698 3.0000
v 84.3009 -29.1214 3.0000
v 82.9434 -29.3214 3.0000
v 82.9652 -29.4698 3.0000
v 98.3718 -28.9206 0.0000
v 98.3718 -29.0706 0.0000
v 100.8693 -29.0706 0.0000
v 100.8693 -28.9206 0.0000
v 98.3718 -28.9206 3.0000
v 98.3718 -29.0706 3.0000
v 100.8693 -29.0706 3.0000
v 100.8693 -28.9206 3.0000
v 98.3718 -28.7706 0.0000
v 98.3718 -28.9206 0.0000
v 100.8693 -28.9206 0.0000
v 100.8693 -28.7706 0.0000
v 98.3718 -28.7706 3.0000
v 98.3718 -28.9206 3.0000
v 100.8693 -28.9206 3.0000
v 100.8693 -28.7706 3.0000
v 98.1043 -30.0704 0.0000
v 98.1043 -29.9204 0.0000
v 97.9543 -29.9204 0.0000
v 97.9543 -30.0704 0.0000
v 98.1043 -30.0704 3.0000
v 98.1043 -29.9204 3.0000
v 97.9543 -29.9204 3.0000
v 97.9543 -30.0704 3.0000
v 96.6693 -30.4306 0.0000
v 96.6693 -30.2806 0.0000
v 96.5193 -30.2806 0.0000
v 96.5193 -30.4306 0.0000
v 96.6693 -30.4306 3.0000
v 96.6693 -30.2806 3.0000
v 96.5193 -30.2806 3.0000
v 96.5193 -30.4306 3.0000
v 96.7443 -28.4956 0.0000
v 96.5943 -28.4956 0.0000
v 96.5943 -30.2056 0.0000
v 96.7443 -30.2056 0.0000
v 96.7443 -28.4956 3.0000
v 96.5943 -28.4956 3.0000
v 96.5943 -30.2056 3.0000
v 96.7443 -30.2056 3.0000
v 96.5943 -28.6456 0.0000
v 96.4443 -28.6456 0.0000
v 96.4443 -28.8456 0.0000
v 96.5943 -28.8456 0.0000
v 96.5943 -28.6456 3.0000
v 96.4443 -28.6456 3.0000
v 96.4443 -28.8456 3.0000
v 96.5943 -28.8456 3.0000
v 95.6243 -28.9956 0.0000
v 95.4743 -28.9956 0.0000
v 95.4743 -30.3556 0.0000
v 95.6243 -30.3556 0.0000
v 95.6243 -28.9956 3.0000
v 95.4743 -28.9956 3.0000
v 95.4743 -30.3556 3.0000
v 95.6243 -30.3556 3.0000
v 95.5643 -28.9956 0.0000
v 95.4143 -28.9956 0.0000
v 95.4143 -30.2959 0.0000
v 95.5643 -30.2959 0.0000
v 95.5643 -28.9956 3.0000
v 95.4143 -28.9956 3.0000
v 95.4143 -30.2959 3.0000
v 95.5643 -30.2959 3.0000
v 95.0591 -30.2219 0.0000
v 95.0595 -30.3719 0.0000
v 95.4895 -30.3709 0.0000
v 95.4891 -30.2209 0.0000
v 95.0591 -30.2219 3.0000
v 95.0595 -30.3719 3.0000
v 95.4895 -30.3709 3.0000
v 95.4891 -30.2209 3.0000
v 95.0591 -30.2819 0.0000
v 95.0595 -30.4319 0.0000
v 95.5495 -30.4306 0.0000
v 95.5491 -30.2806 0.0000
v 95.0591 -30.2819 3.0000
v 95.0595 -30.4319 3.0000
v 95.5495 -30.4306 3.0000
v 95.5491 -30.2806 3.0000
v 94.9843 -30.3569 0.0000
v 95.1343 -30.3569 0.0000
v 95.1343 -30.2969 0.0000
v 94.9843 -30.2969 0.0000
v 94.9843 -30.3569 3.0000
v 95.1343 -30.3569 3.0000
v 95.1343 -30.2969 3.0000
v 94.9843 -30.2969 3.0000
v 99.5668 -30.4781 0.0000
v 99.5668 -30.6281 0.0000
v 100.8693 -30.6281 0.0000
v 100.8693 -30.4781 0.0000
v 99.5668 -30.4781 3.0000
v 99.5668 -30.6281 3.0000
v 100.8693 -30.6281 3.0000
v 100.8693 -30.4781 3.0000
v 99.5068 -30.4181 0.0000
v 99.5068 -30.5681 0.0000
v 100.8693 -30.5681 0.0000
v 100.8693 -30.4181 0.0000
v 99.5068 -30.4181 3.0000
v 99.5068 -30.5681 3.0000
v 100.8693 -30.5681 3.0000
v 100.8693 -30.4181 3.0000
v 99.4918 -30.7981 0.0000
v 99.6418 -30.7981 0.0000
v 99.6418 -30.5531 0.0000
v 99.4918 -30.5531 0.0000
v 99.4918 -30.7981 3.0000
v 99.6418 -30.7981 3.0000
v 99.6418 -30.5531 3.0000
v 99.4918 -30.5531 3.0000
v 99.4318 -31.4081 0.0000
v 99.5818 -31.4081 0.0000
v 99.5818 -31.3481 0.0000
v 99.4318 -31.3481 0.0000
v 99.4318 -31.4081 3.0000
v 99.5818 -31.4081 3.0000
v 99.5818 -31.3481 3.0000
v 99.4318 -31.3481 3.0000
v 99.4318 -30.7981 0.0000
v 99.5818 -30.7981 0.0000
v 99.5818 -30.4931 0.0000
v 99.4318 -30.4931 0.0000
v 99.4318 -30.7981 3.0000
v 99.5818 -30.7981 3.0000
v 99.5818 -30.4931 3.0000
v 99.4318 -30.4931 3.0000
v 99.4318 -31.4081 0.0000
v 99.5818 -31.4081 0.0000
v 99.5818 -31.3481 0.0000
v 99.4318 -31.3481 0.0000
v 99.4318 -31.4081 3.0000
v 99.5818 -31.4081 3.0000
v 99.5818 -31.3481 3.0000
v 99.4318 -31.3481 3.0000
v 99.5068 -31.3331 0.0000
v 99.5068 -31.4831 0.0000
v 100.8693 -31.4831 0.0000
v 100.8693 -31.3331 0.0000
v 99.5068 -31.3331 3.0000
v 99.5068 -31.4831 3.0000
v 100.8693 -31.4831 3.0000
v 100.8693 -31.3331 3.0000
v 99.5068 -31.2731 0.0000
v 99.5068 -31.4231 0.0000
v 100.8693 -31.4231 0.0000
v 100.8693 -31.2731 0.0000
v 99.5068 -31.2731 3.0000
v 99.5068 -31.4231 3.0000
v 100.8693 -31.4231 3.0000
v 100.8693 -31.2731 3.0000
v 99.5068 -30.7231 0.0000
v 99.5068 -30.8731 0.0000
v 99.5668 -30.8731 0.0000
v 99.5668 -30.7231 0.0000
v 99.5068 -30.7231 3.0000
v 99.5068 -30.8731 3.0000
v 99.5668 -30.8731 3.0000
v 99.5668 -30.7231 3.0000
v 99.6418 -31.9581 0.0000
v 99.4918 -31.9581 0.0000
v 99.4918 -32.3531 0.0000
v 99.6418 -32.3531 0.0000
v 99.6418 -31.9581 3.0000
v 99.4918 -31.9581 3.0000
v 99.4918 -32.3531 3.0000
v 99.6418 -32.3531 3.0000
v 99.5818 -31.9581 0.0000
v 99.4318 -31.9581 0.0000
v 99.4318 -32.3531 0.0000
v 99.5818 -32.3531 0.0000
v 99.5818 -31.9581 3.0000
v 99.4318 -31.9581 3.0000
v 99.4318 -32.3531 3.0000
v 99.5818 -32.3531 3.0000
v 99.5068 -31.8831 0.0000
v 99.5068 -32.0331 0.0000
v 99.5668 -32.0331 0.0000
v 99.5668 -31.8831 0.0000
v 99.5068 -31.8831 3.0000
v 99.5068 -32.0331 3.0000
v 99.5668 -32.0331 3.0000
v 99.5668 -31.8831 3.0000
v 97.1543 -30.2806 0.0000
v 97.1543 -30.1306 0.0000
v 96.6693 -30.1306 0.0000
v 96.6693 -30.2806 0.0000
v 97.1543 -30.2806 3.0000
v 97.1543 -30.1306 3.0000
v 96.6693 -30.1306 3.0000
v 96.6693 -30.2806 3.0000
v 97.1543 -30.4306 0.0000
v 97.1543 -30.2806 0.0000
v 96.6693 -30.2806 0.0000
v 96.6693 -30.4306 0.0000
v 97.1543 -30.4306 3.0000
v 97.1543 -30.2806 3.0000
v 96.6693 -30.2806 3.0000
v 96.6693 -30.4306 3.0000
v 100.9443 -31.8281 0.0000
v 100.7943 -31.8281 0.0000
v 100.7943 -32.5081 0.0000
v 100.9443 -32.5081 0.0000
v 100.9443 -31.8281 3.0000
v 100.7943 -31.8281 3.0000
v 100.7943 -32.5081 3.0000
v 100.9443 -32.5081 3.0000
v 101.0943 -31.8281 0.0000
v 100.9443 -31.8281 0.0000
v 100.9443 -32.3581 0.0000
v 101.0943 -32.3581 0.0000
v 101.0943 -31.8281 3.0000
v 100.9443 -31.8281 3.0000
v 100.9443 -32.3581 3.0000
v 101.0943 -32.3581 3.0000
v 96.0990 -30.2219 0.0000
v 96.0996 -30.3719 0.0000
v 96.5196 -30.3704 0.0000
v 96.5190 -30.2204 0.0000
v 96.0990 -30.2219 3.0000
v 96.0996 -30.3719 3.0000
v 96.5196 -30.3704 3.0000
v 96.5190 -30.2204 3.0000
v 96.0989 -30.2819 0.0000
v 96.0996 -30.4319 0.0000
v 96.5196 -30.4299 0.0000
v 96.5189 -30.2799 0.0000
v 96.0989 -30.2819 3.0000
v 96.0996 -30.4319 3.0000
v 96.5196 -30.4299 3.0000
v 96.5189 -30.2799 3.0000
v 96.0243 -30.3569 0.0000
v 96.1743 -30.3569 0.0000
v 96.1743 -30.2969 0.0000
v 96.0243 -30.2969 0.0000
v 96.0243 -30.3569 3.0000
v 96.1743 -30.3569 3.0000
v 96.1743 -30.2969 3.0000
v 96.0243 -30.2969 3.0000
v 96.5193 -29.0706 0.0000
v 96.5193 -28.9206 0.0000
v 94.5093 -28.9206 0.0000
v 94.5093 -29.0706 0.0000
v 96.5193 -29.0706 3.0000
v 96.5193 -28.9206 3.0000
v 94.5093 -28.9206 3.0000
v 94.5093 -29.0706 3.0000
v 96.5193 -28.9206 0.0000
v 96.5193 -28.7706 0.0000
v 94.5093 -28.7706 0.0000
v 94.5093 -28.9206 0.0000
v 96.5193 -28.9206 3.0000
v 96.5193 -28.7706 3.0000
v 94.5093 -28.7706 3.0000
v 94.5093 -28.9206 3.0000
v 96.5267 -28.7202 0.0000
v 96.5119 -28.5710 0.0000
v 94.5019 -28.7710 0.0000
v 94.5167 -28.9202 0.0000
v 96.5267 -28.7202 3.0000
v 96.5119 -28.5710 3.0000
v 94.5019 -28.7710 3.0000
v 94.5167 -28.9202 3.0000
v 94.8683 -28.5712 0.0000
v 94.8503 -28.7201 0.0000
v 96.5103 -28.9201 0.0000
v 96.5283 -28.7712 0.0000
v 94.8683 -28.5712 3.0000
v 94.8503 -28.7201 3.0000
v 96.5103 -28.9201 3.0000
v 96.5283 -28.7712 3.0000
v 100.8693 -32.9331 0.0000
v 100.8693 -32.7831 0.0000
v 95.3618 -32.7831 0.0000
v 95.3618 -32.9331 0.0000
v 100.8693 -32.9331 3.0000
v 100.8693 -32.7831 3.0000
v 95.3618 -32.7831 3.0000
v 95.3618 -32.9331 3.0000
v 100.8693 -32.7831 0.0000
v 100.8693 -32.6331 0.0000
v 95.3618 -32.6331 0.0000
v 95.3618 -32.7831 0.0000
v 100.8693 -32.7831 3.0000
v 100.8693 -32.6331 3.0000
v 95.3618 -32.6331 3.0000
v 95.3618 -32.7831 3.0000
v 94.2843 -32.3581 0.0000
v 94.4343 -32.3581 0.0000
v 94.4343 -28.4956 0.0000
v 94.2843 -28.4956 0.0000
v 94.2843 -32.3581 3.0000
v 94.4343 -32.3581 3.0000
v 94.4343 -28.4956 3.0000
v 94.2843 -28.4956 3.0000
v 94.4343 -32.2581 0.0000
v 94.5843 -32.2581 0.0000
v 94.5843 -28.9956 0.0000
v 94.4343 -28.9956 0.0000
v 94.4343 -32.2581 3.0000
v 94.5843 -32.2581 3.0000
v 94.5843 -28.9956 3.0000
v 94.4343 -28.9956 3.0000
v 97.9541 -31.9837 0.0000
v 97.8616 -31.8656 0.0000
v 97.3081 -32.2991 0.0000
v 97.4005 -32.4172 0.0000
v 97.9541 -31.9837 3.0000
v 97.8616 -31.8656 3.0000
v 97.3081 -32.2991 3.0000
v 97.4005 -32.4172 3.0000
v 97.3993 -31.8481 0.0000
v 97.3093 -31.9681 0.0000
v 97.9093 -32.4181 0.0000
v 97.9993 -32.2981 0.0000
v 97.3993 -31.8481 3.0000
v 97.3093 -31.9681 3.0000
v 97.9093 -32.4181 3.0000
v 97.9993 -32.2981 3.0000
v 95.3591 -32.6332 0.0000
v 95.3645 -32.7831 0.0000
v 100.8720 -32.5831 0.0000
v 100.8666 -32.4332 0.0000
v 95.3591 -32.6332 3.0000
v 95.3645 -32.7831 3.0000
v 100.8720 -32.5831 3.0000
v 100.8666 -32.4332 3.0000
v 100.8666 -32.7831 0.0000
v 100.8720 -32.6332 0.0000
v 95.3645 -32.4332 0.0000
v 95.3591 -32.5831 0.0000
v 100.8666 -32.7831 3.0000
v 100.8720 -32.6332 3.0000
v 95.3645 -32.4332 3.0000
v 95.3591 -32.5831 3.0000
v 85.7143 -32.4331 0.0000
v 85.7143 -32.2831 0.0000
v 82.4443 -32.2831 0.0000
v 82.4443 -32.4331 0.0000
v 85.7143 -32.4331 3.0000
v 85.7143 -32.2831 3.0000
v 82.4443 -32.2831 3.0000
v 82.4443 -32.4331 3.0000
v 88.4543 -32.5831 0.0000
v 88.4543 -32.4331 0.0000
v 82.9443 -32.4331 0.0000
v 82.9443 -32.5831 0.0000
v 88.4543 -32.5831 3.0000
v 88.4543 -32.4331 3.0000
v 82.9443 -32.4331 3.0000
v 82.9443 -32.5831 3.0000
v 85.2893 -32.4331 0.0000
v 85.2893 -32.2831 0.0000
v 82.9443 -32.2831 0.0000
v 82.9443 -32.4331 0.0000
v 85.2893 -32.4331 3.0000
v 85.2893 -32.2831 3.0000
v 82.9443 -32.2831 3.0000
v 82.9443 -32.4331 3.0000
v 88.4543 -32.7831 0.0000
v 88.4543 -32.6331 0.0000
v 82.9443 -32.6331 0.0000
v 82.9443 -32.7831 0.0000
v 88.4543 -32.7831 3.0000
v 88.4543 -32.6331 3.0000
v 82.9443 -32.6331 3.0000
v 82.9443 -32.7831 3.0000
v 82.9416 -32.6332 0.0000
v 82.9470 -32.7831 0.0000
v 88.4570 -32.5831 0.0000
v 88.4516 -32.4332 0.0000
v 82.9416 -32.6332 3.0000
v 82.9470 -32.7831 3.0000
v 88.4570 -32.5831 3.0000
v 88.4516 -32.4332 3.0000
v 88.4516 -32.7831 0.0000
v 88.4570 -32.6332 0.0000
v 82.9470 -32.4332 0.0000
v 82.9416 -32.5831 0.0000
v 88.4516 -32.7831 3.0000
v 88.4570 -32.6332 3.0000
v 82.9470 -32.4332 3.0000
v 82.9416 -32.5831 3.0000
v 85.8643 -32.2831 0.0000
v 85.8643 -32.4331 0.0000
v 86.4643 -32.4331 0.0000
v 86.4643 -32.2831 0.0000
v 85.8643 -32.2831 3.0000
v 85.8643 -32.4331 3.0000
v 86.4643 -32.4331 3.0000
v 86.4643 -32.2831 3.0000
v 88.2489 -28.6456 0.0000
v 88.3989 -28.6456 0.0000
v 88.3989 -28.4956 0.0000
v 88.2489 -28.4956 0.0000
v 88.2489 -28.6456 3.0000
v 88.3989 -28.6456 3.0000
v 88.3989 -28.4956 3.0000
v 88.2489 -28.4956 3.0000
v 86.7030 -28.6456 0.0000
v 86.8530 -28.6456 0.0000
v 86.8530 -28.4956 0.0000
v 86.7030 -28.4956 0.0000
v 86.7030 -28.6456 3.0000
v 86.8530 -28.6456 3.0000
v 86.8530 -28.4956 3.0000
v 86.7030 -28.4956 3.0000
v 86.7780 -28.5706 0.0000
v 86.7780 -28.4206 0.0000
v 85.9443 -28.4206 0.0000
v 85.9443 -28.5706 0.0000
v 86.7780 -28.5706 3.0000
v 86.7780 -28.4206 3.0000
v 85.9443 -28.4206 3.0000
v 85.9443 -28.5706 3.0000
v 86.7780 -28.7206 0.0000
v 86.7780 -28.5706 0.0000
v 85.9443 -28.5706 0.0000
v 85.9443 -28.7206 0.0000
v 86.7780 -28.7206 3.0000
v 86.7780 -28.5706 3.0000
v 85.9443 -28.5706 3.0000
v 85.9443 -28.7206 3.0000
v 86.5393 -31.0262 0.0000
v 86.3893 -31.0262 0.0000
v 86.3893 -32.3581 0.0000
v 86.5393 -32.3581 0.0000
v 86.5393 -31.0262 3.0000
v 86.3893 -31.0262 3.0000
v 86.3893 -32.3581 3.0000
v 86.5393 -32.3581 3.0000
v 85.9328 -30.9804 0.0000
v 85.7958 -31.0414 0.0000
v 86.3958 -32.3886 0.0000
v 86.5328 -32.3276 0.0000
v 85.9328 -30.9804 3.0000
v 85.7958 -31.0414 3.0000
v 86.3958 -32.3886 3.0000
v 86.5328 -32.3276 3.0000
v 86.5327 -31.0570 0.0000
v 86.3959 -30.9954 0.0000
v 85.7959 -32.3273 0.0000
v 85.9327 -32.3889 0.0000
v 86.5327 -31.0570 3.0000
v 86.3959 -30.9954 3.0000
v 85.7959 -32.3273 3.0000
v 85.9327 -32.3889 3.0000
v 85.8643 -30.8012 0.0000
v 85.8643 -30.9512 0.0000
v 86.6171 -30.9512 0.0000
v 86.6171 -30.8012 0.0000
v 85.8643 -30.8012 3.0000
v 85.8643 -30.9512 3.0000
v 86.6171 -30.9512 3.0000
v 86.6171 -30.8012 3.0000
v 86.6921 -30.8762 0.0000
v 86.5421 -30.8762 0.0000
v 86.5421 -32.5081 0.0000
v 86.6921 -32.5081 0.0000
v 86.6921 -30.8762 3.0000
v 86.5421 -30.8762 3.0000
v 86.5421 -32.5081 3.0000
v 86.6921 -32.5081 3.0000
v 82.9443 -32.2831 0.0000
v 82.9443 -32.4331 0.0000
v 85.7043 -32.4331 0.0000
v 85.7043 -32.2831 0.0000
v 82.9443 -32.2831 3.0000
v 82.9443 -32.4331 3.0000
v 85.7043 -32.4331 3.0000
v 85.7043 -32.2831 3.0000
v 85.8532 -29.1426 0.0000
v 85.7471 -29.2486 0.0000
v 85.8113 -29.3128 0.0000
v 85.9173 -29.2067 0.0000
v 85.8532 -29.1426 3.0000
v 85.7471 -29.2486 3.0000
v 85.8113 -29.3128 3.0000
v 85.9173 -29.2067 3.0000
v 84.3118 -29.2706 0.0000
v 84.3118 -29.1206 0.0000
v 82.9443 -29.1206 0.0000
v 82.9443 -29.2706 0.0000
v 84.3118 -29.2706 3.0000
v 84.3118 -29.1206 3.0000
v 82.9443 -29.1206 3.0000
v 82.9443 -29.2706 3.0000
v 85.3815 -29.5456 0.0000
v 85.5315 -29.5456 0.0000
v 85.5315 -29.1956 0.0000
v 85.3815 -29.1956 0.0000
v 85.3815 -29.5456 3.0000
v 85.5315 -29.5456 3.0000
v 85.5315 -29.1956 3.0000
v 85.3815 -29.1956 3.0000
v 85.5315 -29.3956 0.0000
v 85.6815 -29.3956 0.0000
v 85.6815 -29.1956 0.0000
v 85.5315 -29.1956 0.0000
v 85.5315 -29.3956 3.0000
v 85.6815 -29.3956 3.0000
v 85.6815 -29.1956 3.0000
v 85.5315 -29.1956 3.0000
v 85.4565 -29.4706 0.0000
v 85.4565 -29.6206 0.0000
v 85.7143 -29.6206 0.0000
v 85.7143 -29.4706 0.0000
v 85.4565 -29.4706 3.0000
v 85.4565 -29.6206 3.0000
v 85.7143 -29.6206 3.0000
v 85.7143 -29.4706 3.0000
v 85.6065 -29.3206 0.0000
v 85.6065 -29.4706 0.0000
v 85.7143 -29.4706 0.0000
v 85.7143 -29.3206 0.0000
v 85.6065 -29.3206 3.0000
v 85.6065 -29.4706 3.0000
v 85.7143 -29.4706 3.0000
v 85.7143 -29.3206 3.0000
v 46.6248 -32.4927 0.0000
v 46.4748 -32.4927 0.0000
v 46.4748 -32.5081 0.0000
v 46.6248 -32.5081 0.0000
v 46.6248 -32.4927 3.0000
v 46.4748 -32.4927 3.0000
v 46.4748 -32.5081 3.0000
v 46.6248 -32.5081 3.0000
v 46.6248 -31.0262 0.0000
v 46.4748 -31.0262 0.0000
v 46.4748 -32.3581 0.0000
v 46.6248 -32.3581 0.0000
v 46.6248 -31.0262 3.0000
v 46.4748 -31.0262 3.0000
v 46.4748 -32.3581 3.0000
v 46.6248 -32.3581 3.0000
v 49.5448 -29.5456 0.0000
v 49.3948 -29.5456 0.0000
v 49.3948 -32.3581 0.0000
v 49.5448 -32.3581 0.0000
v 49.5448 -29.5456 3.0000
v 49.3948 -29.5456 3.0000
v 49.3948 -32.3581 3.0000
v 49.5448 -32.3581 3.0000
v 49.4698 -32.2831 0.0000
v 49.4698 -32.4331 0.0000
v 49.6198 -32.4331 0.0000
v 49.6198 -32.2831 0.0000
v 49.4698 -32.2831 3.0000
v 49.4698 -32.4331 3.0000
v 49.6198 -32.4331 3.0000
v 49.6198 -32.2831 3.0000
v 49.5448 -32.3581 0.0000
v 49.6948 -32.3581 0.0000
v 49.6948 -28.6456 0.0000
v 49.5448 -28.6456 0.0000
v 49.5448 -32.3581 3.0000
v 49.6948 -32.3581 3.0000
v 49.6948 -28.6456 3.0000
v 49.5448 -28.6456 3.0000
v 49.5448 -28.6456 0.0000
v 49.6948 -28.6456 0.0000
v 49.6948 -28.4956 0.0000
v 49.5448 -28.4956 0.0000
v 49.5448 -28.6456 3.0000
v 49.6948 -28.6456 3.0000
v 49.6948 -28.4956 3.0000
v 49.5448 -28.4956 3.0000
v 49.6198 -28.5706 0.0000
v 49.6198 -28.4206 0.0000
v 49.4698 -28.4206 0.0000
v 49.4698 -28.5706 0.0000
v 49.6198 -28.5706 3.0000
v 49.6198 -28.4206 3.0000
v 49.4698 -28.4206 3.0000
v 49.4698 -28.5706 3.0000
v 46.7748 -29.5456 0.0000
v 46.6248 -29.5456 0.0000
v 46.6248 -32.5081 0.0000
v 46.7748 -32.5081 0.0000
v 46.7748 -29.5456 3.0000
v 46.6248 -29.5456 3.0000
v 46.6248 -32.5081 3.0000
v 46.7748 -32.5081 3.0000
v 34.5348 -31.9081 0.0000
v 34.3848 -31.9081 0.0000
v 34.3848 -32.3581 0.0000
v 34.5348 -32.3581 0.0000
v 34.5348 -31.9081 3.0000
v 34.3848 -31.9081 3.0000
v 34.3848 -32.3581 3.0000
v 34.5348 -32.3581 3.0000
v 34.5348 -31.9081 0.0000
v 34.3848 -31.9081 0.0000
v 34.3848 -32.3581 0.0000
v 34.5348 -32.3581 0.0000
v 34.5348 -31.9081 3.0000
v 34.3848 -31.9081 3.0000
v 34.3848 -32.3581 3.0000
v 34.5348 -32.3581 3.0000
v 35.9698 -28.9956 0.0000
v 35.8198 -28.9956 0.0000
v 35.8198 -30.3556 0.0000
v 35.9698 -30.3556 0.0000
v 35.9698 -28.9956 3.0000
v 35.8198 -28.9956 3.0000
v 35.8198 -30.3556 3.0000
v 35.9698 -30.3556 3.0000
v 37.8298 -28.8456 0.0000
v 37.9798 -28.8456 0.0000
v 37.9798 -28.6456 0.0000
v 37.8298 -28.6456 0.0000
v 37.8298 -28.8456 3.0000
v 37.9798 -28.8456 3.0000
v 37.9798 -28.6456 3.0000
v 37.8298 -28.6456 3.0000
v 37.9048 -32.4331 0.0000
v 37.9048 -32.2831 0.0000
v 37.0048 -32.2831 0.0000
v 37.0048 -32.4331 0.0000
v 37.9048 -32.4331 3.0000
v 37.9048 -32.2831 3.0000
v 37.0048 -32.2831 3.0000
v 37.0048 -32.4331 3.0000
v 37.0048 -32.1831 0.0000
v 37.0048 -32.3331 0.0000
v 37.9048 -32.3331 0.0000
v 37.9048 -32.1831 0.0000
v 37.0048 -32.1831 3.0000
v 37.0048 -32.3331 3.0000
v 37.9048 -32.3331 3.0000
v 37.9048 -32.1831 3.0000
v 85.9393 -31.0073 0.0000
v 85.7893 -31.0073 0.0000
v 85.7893 -32.3581 0.0000
v 85.9393 -32.3581 0.0000
v 85.9393 -31.0073 3.0000
v 85.7893 -31.0073 3.0000
v 85.7893 -32.3581 3.0000
v 85.9393 -32.3581 3.0000
v 83.0193 -29.5456 0.0000
v 82.8693 -29.5456 0.0000
v 82.8693 -32.3581 0.0000
v 83.0193 -32.3581 0.0000
v 83.0193 -29.5456 3.0000
v 82.8693 -29.5456 3.0000
v 82.8693 -32.3581 3.0000
v 83.0193 -32.3581 3.0000
v 82.9443 -32.4331 0.0000
v 82.9443 -32.2831 0.0000
v 82.7943 -32.2831 0.0000
v 82.7943 -32.4331 0.0000
v 82.9443 -32.4331 3.0000
v 82.9443 -32.2831 3.0000
v 82.7943 -32.2831 3.0000
v 82.7943 -32.4331 3.0000
v 82.7193 -32.3581 0.0000
v 82.8693 -32.3581 0.0000
v 82.8693 -28.6456 0.0000
v 82.7193 -28.6456 0.0000
v 82.7193 -32.3581 3.0000
v 82.8693 -32.3581 3.0000
v 82.8693 -28.6456 3.0000
v 82.7193 -28.6456 3.0000
v 82.7193 -28.6456 0.0000
v 82.8693 -28.6456 0.0000
v 82.8693 -28.4956 0.0000
v 82.7193 -28.4956 0.0000
v 82.7193 -28.6456 3.0000
v 82.8693 -28.6456 3.0000
v 82.8693 -28.4956 3.0000
v 82.7193 -28.4956 3.0000
v 82.7943 -28.4206 0.0000
v 82.7943 -28.5706 0.0000
v 82.9443 -28.5706 0.0000
v 82.9443 -28.4206 0.0000
v 82.7943 -28.4206 3.0000
v 82.7943 -28.5706 3.0000
v 82.9443 -28.5706 3.0000
v 82.9443 -28.4206 3.0000
v 95.4093 -32.3331 0.0000
v 95.4093 -32.1831 0.0000
v 94.5093 -32.1831 0.0000
v 94.5093 -32.3331 0.0000
v 95.4093 -32.3331 3.0000
v 95.4093 -32.1831 3.0000
v 94.5093 -32.1831 3.0000
v 94.5093 -32.3331 3.0000
v 98.0293 -31.9081 0.0000
v 97.8793 -31.9081 0.0000
v 97.8793 -32.3581 0.0000
v 98.0293 -32.3581 0.0000
v 98.0293 -31.9081 3.0000
v 97.8793 -31.9081 3.0000
v 97.8793 -32.3581 3.0000
v 98.0293 -32.3581 3.0000
v 98.0293 -31.9081 0.0000
v 97.8793 -31.9081 0.0000
v 97.8793 -32.3581 0.0000
v 98.0293 -32.3581 0.0000
v 98.0293 -31.9081 3.0000
v 97.8793 -31.9081 3.0000
v 97.8793 -32.3581 3.0000
v 98.0293 -32.3581 3.0000
v 94.4343 -28.8456 0.0000
v 94.5843 -28.8456 0.0000
v 94.5843 -28.6456 0.0000
v 94.4343 -28.6456 0.0000
v 94.4343 -28.8456 3.0000
v 94.5843 -28.8456 3.0000
v 94.5843 -28.6456 3.0000
v 94.4343 -28.6456 3.0000
v 96.5943 -28.9956 0.0000
v 96.4443 -28.9956 0.0000
v 96.4443 -30.3556 0.0000
v 96.5943 -30.3556 0.0000
v 96.5943 -28.9956 3.0000
v 96.4443 -28.9956 3.0000
v 96.4443 -30.3556 3.0000
v 96.5943 -30.3556 3.0000
v 85.7893 -29.5456 0.0000
v 85.6393 -29.5456 0.0000
v 85.6393 -32.5081 0.0000
v 85.7893 -32.5081 0.0000
v 85.7893 -29.5456 3.0000
v 85.6393 -29.5456 3.0000
v 85.6393 -32.5081 3.0000
v 85.7893 -32.5081 3.0000
v 48.0273 -29.3956 0.0000
v 48.1773 -29.3956 0.0000
v 48.1773 -28.6456 0.0000
v 48.0273 -28.6456 0.0000
v 48.0273 -29.3956 3.0000
v 48.1773 -29.3956 3.0000
v 48.1773 -28.6456 3.0000
v 48.0273 -28.6456 3.0000
v 84.2368 -29.3956 0.0000
v 84.3868 -29.3956 0.0000
v 84.3868 -28.6456 0.0000
v 84.2368 -28.6456 0.0000
v 84.2368 -29.3956 3.0000
v 84.3868 -29.3956 3.0000
v 84.3868 -28.6456 3.0000
v 84.2368 -28.6456 3.0000
v 23.0562 28.1352 0.0000
v 22.9062 28.1352 0.0000
v 22.9062 25.9852 0.0000
v 23.0562 25.9852 0.0000
v 23.0562 28.1352 3.0000
v 22.9062 28.1352 3.0000
v 22.9062 25.9852 3.0000
v 23.0562 25.9852 3.0000
v 45.1937 16.8219 0.0000
v 45.3437 16.8219 0.0000
v 45.3437 16.9719 0.0000
v 45.1937 16.9719 0.0000
v 45.1937 16.8219 3.0000
v 45.3437 16.8219 3.0000
v 45.3437 16.9719 3.0000
v 45.1937 16.9719 3.0000
v 45.2687 16.8969 0.0000
v 45.2687 17.0469 0.0000
v 44.8748 17.0469 0.0000
v 44.8748 16.8969 0.0000
v 45.2687 16.8969 3.0000
v 45.2687 17.0469 3.0000
v 44.8748 17.0469 3.0000
v 44.8748 16.8969 3.0000
v 44.7998 16.9719 0.0000
v 44.9498 16.9719 0.0000
v 44.9498 19.4312 0.0000
v 44.7998 19.4312 0.0000
v 44.7998 16.9719 3.0000
v 44.9498 16.9719 3.0000
v 44.9498 19.4312 3.0000
v 44.7998 19.4312 3.0000
v 44.8748 19.5062 0.0000
v 44.8748 19.3562 0.0000
v 46.4698 19.3562 0.0000
v 46.4698 19.5062 0.0000
v 44.8748 19.5062 3.0000
v 44.8748 19.3562 3.0000
v 46.4698 19.3562 3.0000
v 46.4698 19.5062 3.0000
v 46.5448 19.4312 0.0000
v 46.3948 19.4312 0.0000
v 46.3948 17.3219 0.0000
v 46.5448 17.3219 0.0000
v 46.5448 19.4312 3.0000
v 46.3948 19.4312 3.0000
v 46.3948 17.3219 3.0000
v 46.5448 17.3219 3.0000
v 46.4698 17.2469 0.0000
v 46.4698 17.3969 0.0000
v 46.2698 17.3969 0.0000
v 46.2698 17.2469 0.0000
v 46.4698 17.2469 3.0000
v 46.4698 17.3969 3.0000
v 46.2698 17.3969 3.0000
v 46.2698 17.2469 3.0000
v 46.3448 17.3219 0.0000
v 46.1948 17.3219 0.0000
v 46.1948 16.8219 0.0000
v 46.3448 16.8219 0.0000
v 46.3448 17.3219 3.0000
v 46.1948 17.3219 3.0000
v 46.1948 16.8219 3.0000
v 46.3448 16.8219 3.0000
v 46.2698 16.7469 0.0000
v 46.2698 16.8969 0.0000
v 45.2687 16.8969 0.0000
v 45.2687 16.7469 0.0000
v 46.2698 16.7469 3.0000
v 46.2698 16.8969 3.0000
v 45.2687 16.8969 3.0000
v 45.2687 16.7469 3.0000
v 33.9698 16.8219 0.0000
v 34.1198 16.8219 0.0000
v 34.1198 16.9719 0.0000
v 33.9698 16.9719 0.0000
v 33.9698 16.8219 3.0000
v 34.1198 16.8219 3.0000
v 34.1198 16.9719 3.0000
v 33.9698 16.9719 3.0000
v 34.3948 19.3562 0.0000
v 34.3948 19.5062 0.0000
v 33.7948 19.5062 0.0000
v 33.7948 19.3562 0.0000
v 34.3948 19.3562 3.0000
v 34.3948 19.5062 3.0000
v 33.7948 19.5062 3.0000
v 33.7948 19.3562 3.0000
v 34.3948 19.9920 0.0000
v 34.3948 19.8420 0.0000
v 34.5448 19.8420 0.0000
v 34.5448 19.9920 0.0000
v 34.3948 19.9920 3.0000
v 34.3948 19.8420 3.0000
v 34.5448 19.8420 3.0000
v 34.5448 19.9920 3.0000
v 34.6198 19.9170 0.0000
v 34.4698 19.9170 0.0000
v 34.4698 19.5812 0.0000
v 34.6198 19.5812 0.0000
v 34.6198 19.9170 3.0000
v 34.4698 19.9170 3.0000
v 34.4698 19.5812 3.0000
v 34.6198 19.5812 3.0000
v 35.2198 19.4312 0.0000
v 35.0698 19.4312 0.0000
v 35.0698 18.8312 0.0000
v 35.2198 18.8312 0.0000
v 35.2198 19.4312 3.0000
v 35.0698 19.4312 3.0000
v 35.0698 18.8312 3.0000
v 35.2198 18.8312 3.0000
v 35.3698 19.4312 0.0000
v 35.2198 19.4312 0.0000
v 35.2198 18.6812 0.0000
v 35.3698 18.6812 0.0000
v 35.3698 19.4312 3.0000
v 35.2198 19.4312 3.0000
v 35.2198 18.6812 3.0000
v 35.3698 18.6812 3.0000
v 34.5448 17.2469 0.0000
v 34.5448 17.3969 0.0000
v 34.3948 17.3969 0.0000
v 34.3948 17.2469 0.0000
v 34.5448 17.2469 3.0000
v 34.5448 17.3969 3.0000
v 34.3948 17.3969 3.0000
v 34.3948 17.2469 3.0000
v 34.3198 17.3219 0.0000
v 34.4698 17.3219 0.0000
v 34.4698 18.6812 0.0000
v 34.3198 18.6812 0.0000
v 34.3198 17.3219 3.0000
v 34.4698 17.3219 3.0000
v 34.4698 18.6812 3.0000
v 34.3198 18.6812 3.0000
v 26.8914 19.3562 0.0000
v 26.8914 19.5062 0.0000
v 26.5532 19.5062 0.0000
v 26.5532 19.3562 0.0000
v 26.8914 19.3562 3.0000
v 26.8914 19.5062 3.0000
v 26.5532 19.5062 3.0000
v 26.5532 19.3562 3.0000
v 26.4032 19.3562 0.0000
v 26.4032 19.5062 0.0000
v 23.6812 19.5062 0.0000
v 23.6812 19.3562 0.0000
v 26.4032 19.3562 3.0000
v 26.4032 19.5062 3.0000
v 23.6812 19.5062 3.0000
v 23.6812 19.3562 3.0000
v 27.3032 18.4064 0.0000
v 27.3032 18.5564 0.0000
v 26.5532 18.5564 0.0000
v 26.5532 18.4064 0.0000
v 27.3032 18.4064 3.0000
v 27.3032 18.5564 3.0000
v 26.5532 18.5564 3.0000
v 26.5532 18.4064 3.0000
v 27.4532 18.2564 0.0000
v 27.4532 18.4064 0.0000
v 26.4032 18.4064 0.0000
v 26.4032 18.2564 0.0000
v 27.4532 18.2564 3.0000
v 27.4532 18.4064 3.0000
v 26.4032 18.4064 3.0000
v 26.4032 18.2564 3.0000
v 23.7562 19.4312 0.0000
v 23.6062 19.4312 0.0000
v 23.6062 17.3219 0.0000
v 23.7562 17.3219 0.0000
v 23.7562 19.4312 3.0000
v 23.6062 19.4312 3.0000
v 23.6062 17.3219 3.0000
v 23.7562 17.3219 3.0000
v 23.6812 17.2469 0.0000
v 23.6812 17.3969 0.0000
v 23.5312 17.3969 0.0000
v 23.5312 17.2469 0.0000
v 23.6812 17.2469 3.0000
v 23.6812 17.3969 3.0000
v 23.5312 17.3969 3.0000
v 23.5312 17.2469 3.0000
v 23.4562 17.3219 0.0000
v 23.6062 17.3219 0.0000
v 23.6062 19.4312 0.0000
v 23.4562 19.4312 0.0000
v 23.4562 17.3219 3.0000
v 23.6062 17.3219 3.0000
v 23.6062 19.4312 3.0000
v 23.4562 19.4312 3.0000
v 23.4562 19.4312 0.0000
v 23.6062 19.4312 0.0000
v 23.6062 19.9324 0.0000
v 23.4562 19.9324 0.0000
v 23.4562 19.4312 3.0000
v 23.6062 19.4312 3.0000
v 23.6062 19.9324 3.0000
v 23.4562 19.9324 3.0000
v 23.5312 20.0074 0.0000
v 23.5312 19.8574 0.0000
v 23.6812 19.8574 0.0000
v 23.6812 20.0074 0.0000
v 23.5312 20.0074 3.0000
v 23.5312 19.8574 3.0000
v 23.6812 19.8574 3.0000
v 23.6812 20.0074 3.0000
v 23.7562 19.9324 0.0000
v 23.6062 19.9324 0.0000
v 23.6062 19.9170 0.0000
v 23.7562 19.9170 0.0000
v 23.7562 19.9324 3.0000
v 23.6062 19.9324 3.0000
v 23.6062 19.9170 3.0000
v 23.7562 19.9170 3.0000
v 23.7562 19.9170 0.0000
v 23.6062 19.9170 0.0000
v 23.6062 19.5812 0.0000
v 23.7562 19.5812 0.0000
v 23.7562 19.9170 3.0000
v 23.6062 19.9170 3.0000
v 23.6062 19.5812 3.0000
v 23.7562 19.5812 3.0000
v 23.6812 19.6562 0.0000
v 23.6812 19.5062 0.0000
v 25.6561 19.5062 0.0000
v 25.6561 19.6562 0.0000
v 23.6812 19.6562 3.0000
v 23.6812 19.5062 3.0000
v 25.6561 19.5062 3.0000
v 25.6561 19.6562 3.0000
v 27.3032 19.3562 0.0000
v 27.3032 19.5062 0.0000
v 26.8914 19.5062 0.0000
v 26.8914 19.3562 0.0000
v 27.3032 19.3562 3.0000
v 27.3032 19.5062 3.0000
v 26.8914 19.5062 3.0000
v 26.8914 19.3562 3.0000
v 32.4698 25.8352 0.0000
v 32.6198 25.8352 0.0000
v 32.6198 25.9852 0.0000
v 32.4698 25.9852 0.0000
v 32.4698 25.8352 3.0000
v 32.6198 25.8352 3.0000
v 32.6198 25.9852 3.0000
v 32.4698 25.9852 3.0000
v 32.5448 26.0602 0.0000
v 32.5448 25.9102 0.0000
v 33.5448 25.9102 0.0000
v 33.5448 26.0602 0.0000
v 32.5448 26.0602 3.0000
v 32.5448 25.9102 3.0000
v 33.5448 25.9102 3.0000
v 33.5448 26.0602 3.0000
v 33.6198 25.9852 0.0000
v 33.4698 25.9852 0.0000
v 33.4698 25.8352 0.0000
v 33.6198 25.8352 0.0000
v 33.6198 25.9852 3.0000
v 33.4698 25.9852 3.0000
v 33.4698 25.8352 3.0000
v 33.6198 25.8352 3.0000
v 33.5448 25.7602 0.0000
v 33.5448 25.9102 0.0000
v 32.5448 25.9102 0.0000
v 32.5448 25.7602 0.0000
v 33.5448 25.7602 3.0000
v 33.5448 25.9102 3.0000
v 32.5448 25.9102 3.0000
v 32.5448 25.7602 3.0000
v 32.5448 25.9102 0.0000
v 32.5448 26.0602 0.0000
v 30.9848 26.0602 0.0000
v 30.9848 25.9102 0.0000
v 32.5448 25.9102 3.0000
v 32.5448 26.0602 3.0000
v 30.9848 26.0602 3.0000
v 30.9848 25.9102 3.0000
v 30.9848 25.9102 0.0000
v 30.9848 26.0602 0.0000
v 23.5312 26.0602 0.0000
v 23.5312 25.9102 0.0000
v 30.9848 25.9102 3.0000
v 30.9848 26.0602 3.0000
v 23.5312 26.0602 3.0000
v 23.5312 25.9102 3.0000
v 23.5312 25.9102 0.0000
v 23.5312 26.0602 0.0000
v 22.6812 26.0602 0.0000
v 22.6812 25.9102 0.0000
v 23.5312 25.9102 3.0000
v 23.5312 26.0602 3.0000
v 22.6812 26.0602 3.0000
v 22.6812 25.9102 3.0000
v 22.7562 25.9852 0.0000
v 22.6062 25.9852 0.0000
v 22.6062 24.5324 0.0000
v 22.7562 24.5324 0.0000
v 22.7562 25.9852 3.0000
v 22.6062 25.9852 3.0000
v 22.6062 24.5324 3.0000
v 22.7562 24.5324 3.0000
v 23.6062 25.1494 0.0000
v 23.7562 25.1494 0.0000
v 23.7562 25.4852 0.0000
v 23.6062 25.4852 0.0000
v 23.6062 25.1494 3.0000
v 23.7562 25.1494 3.0000
v 23.7562 25.4852 3.0000
v 23.6062 25.4852 3.0000
v 23.6812 25.4102 0.0000
v 23.6812 25.5602 0.0000
v 23.5312 25.5602 0.0000
v 23.5312 25.4102 0.0000
v 23.6812 25.4102 3.0000
v 23.6812 25.5602 3.0000
v 23.5312 25.5602 3.0000
v 23.5312 25.4102 3.0000
v 23.6062 25.4852 0.0000
v 23.4562 25.4852 0.0000
v 23.4562 25.2994 0.0000
v 23.6062 25.2994 0.0000
v 23.6062 25.4852 3.0000
v 23.4562 25.4852 3.0000
v 23.4562 25.2994 3.0000
v 23.6062 25.2994 3.0000
v 23.1312 25.9102 0.0000
v 23.1312 25.7602 0.0000
v 23.5312 25.7602 0.0000
v 23.5312 25.9102 0.0000
v 23.1312 25.9102 3.0000
v 23.1312 25.7602 3.0000
v 23.5312 25.7602 3.0000
v 23.5312 25.9102 3.0000
v 34.3948 24.5920 0.0000
v 34.3948 24.4420 0.0000
v 34.5448 24.4420 0.0000
v 34.5448 24.5920 0.0000
v 34.3948 24.5920 3.0000
v 34.3948 24.4420 3.0000
v 34.5448 24.4420 3.0000
v 34.5448 24.5920 3.0000
v 34.4698 24.5170 0.0000
v 34.6198 24.5170 0.0000
v 34.6198 25.4852 0.0000
v 34.4698 25.4852 0.0000
v 34.4698 24.5170 3.0000
v 34.6198 24.5170 3.0000
v 34.6198 25.4852 3.0000
v 34.4698 25.4852 3.0000
v 34.5448 25.4102 0.0000
v 34.5448 25.5602 0.0000
v 34.3948 25.5602 0.0000
v 34.3948 25.4102 0.0000
v 34.5448 25.4102 3.0000
v 34.5448 25.5602 3.0000
v 34.3948 25.5602 3.0000
v 34.3948 25.4102 3.0000
v 34.4698 25.4852 0.0000
v 34.3198 25.4852 0.0000
v 34.3198 24.5170 0.0000
v 34.4698 24.5170 0.0000
v 34.4698 25.4852 3.0000
v 34.3198 25.4852 3.0000
v 34.3198 24.5170 3.0000
v 34.4698 24.5170 3.0000
v 23.6062 24.5324 0.0000
v 23.4562 24.5324 0.0000
v 23.4562 19.9324 0.0000
v 23.6062 19.9324 0.0000
v 23.6062 24.5324 3.0000
v 23.4562 24.5324 3.0000
v 23.4562 19.9324 3.0000
v 23.6062 19.9324 3.0000
v 23.5312 20.0074 0.0000
v 23.5312 19.8574 0.0000
v 23.6812 19.8574 0.0000
v 23.6812 20.0074 0.0000
v 23.5312 20.0074 3.0000
v 23.5312 19.8574 3.0000
v 23.6812 19.8574 3.0000
v 23.6812 20.0074 3.0000
v 23.6062 19.9324 0.0000
v 23.7562 19.9324 0.0000
v 23.7562 24.5324 0.0000
v 23.6062 24.5324 0.0000
v 23.6062 19.9324 3.0000
v 23.7562 19.9324 3.0000
v 23.7562 24.5324 3.0000
v 23.6062 24.5324 3.0000
v 34.5448 24.4420 0.0000
v 34.5448 24.5920 0.0000
v 34.3948 24.5920 0.0000
v 34.3948 24.4420 0.0000
v 34.5448 24.4420 3.0000
v 34.5448 24.5920 3.0000
v 34.3948 24.5920 3.0000
v 34.3948 24.4420 3.0000
v 34.4698 24.5170 0.0000
v 34.3198 24.5170 0.0000
v 34.3198 19.9170 0.0000
v 34.4698 19.9170 0.0000
v 34.4698 24.5170 3.0000
v 34.3198 24.5170 3.0000
v 34.3198 19.9170 3.0000
v 34.4698 19.9170 3.0000
v 34.3948 19.9920 0.0000
v 34.3948 19.8420 0.0000
v 34.5448 19.8420 0.0000
v 34.5448 19.9920 0.0000
v 34.3948 19.9920 3.0000
v 34.3948 19.8420 3.0000
v 34.5448 19.8420 3.0000
v 34.5448 19.9920 3.0000
v 34.4698 19.9170 0.0000
v 34.6198 19.9170 0.0000
v 34.6198 24.5170 0.0000
v 34.4698 24.5170 0.0000
v 34.4698 19.9170 3.0000
v 34.6198 19.9170 3.0000
v 34.6198 24.5170 3.0000
v 34.4698 24.5170 3.0000
v 27.2282 22.2036 0.0000
v 27.3782 22.2036 0.0000
v 27.3782 25.7452 0.0000
v 27.2282 25.7452 0.0000
v 27.2282 22.2036 3.0000
v 27.3782 22.2036 3.0000
v 27.3782 25.7452 3.0000
v 27.2282 25.7452 3.0000
v 27.5282 25.8352 0.0000
v 27.3782 25.8352 0.0000
v 27.3782 22.4436 0.0000
v 27.5282 22.4436 0.0000
v 27.5282 25.8352 3.0000
v 27.3782 25.8352 3.0000
v 27.3782 22.4436 3.0000
v 27.5282 22.4436 3.0000
v 26.5532 16.7469 0.0000
v 26.5532 16.8969 0.0000
v 24.0312 16.8969 0.0000
v 24.0312 16.7469 0.0000
v 26.5532 16.7469 3.0000
v 26.5532 16.8969 3.0000
v 24.0312 16.8969 3.0000
v 24.0312 16.7469 3.0000
v 23.9562 16.8219 0.0000
v 24.1062 16.8219 0.0000
v 24.1062 16.9719 0.0000
v 23.9562 16.9719 0.0000
v 23.9562 16.8219 3.0000
v 24.1062 16.8219 3.0000
v 24.1062 16.9719 3.0000
v 23.9562 16.9719 3.0000
v 24.0312 17.0469 0.0000
v 24.0313 16.8969 0.0000
v 26.4032 16.8975 0.0000
v 26.4032 17.0475 0.0000
v 24.0312 17.0469 3.0000
v 24.0313 16.8969 3.0000
v 26.4032 16.8975 3.0000
v 26.4032 17.0475 3.0000
v 29.6741 25.8352 0.0000
v 29.5241 25.8352 0.0000
v 29.5241 22.2936 0.0000
v 29.6741 22.2936 0.0000
v 29.6741 25.8352 3.0000
v 29.5241 25.8352 3.0000
v 29.5241 22.2936 3.0000
v 29.6741 22.2936 3.0000
v 29.5241 25.8352 0.0000
v 29.3741 25.8352 0.0000
v 29.3741 22.4436 0.0000
v 29.5241 22.4436 0.0000
v 29.5241 25.8352 3.0000
v 29.3741 25.8352 3.0000
v 29.3741 22.4436 3.0000
v 29.5241 22.4436 3.0000
v 27.2282 18.4814 0.0000
v 27.3782 18.4814 0.0000
v 27.3782 19.4312 0.0000
v 27.2282 19.4312 0.0000
v 27.2282 18.4814 3.0000
v 27.3782 18.4814 3.0000
v 27.3782 19.4312 3.0000
v 27.2282 19.4312 3.0000
v 26.3282 18.3314 0.0000
v 26.4782 18.3314 0.0000
v 26.4782 19.4312 0.0000
v 26.3282 19.4312 0.0000
v 26.3282 18.3314 3.0000
v 26.4782 18.3314 3.0000
v 26.4782 19.4312 3.0000
v 26.3282 19.4312 3.0000
v 27.3782 18.3314 0.0000
v 27.5282 18.3314 0.0000
v 27.5282 19.5812 0.0000
v 27.3782 19.5812 0.0000
v 27.3782 18.3314 3.0000
v 27.5282 18.3314 3.0000
v 27.5282 19.5812 3.0000
v 27.3782 19.5812 3.0000
v 24.3812 26.5602 0.0000
v 24.3812 26.4102 0.0000
v 24.9812 26.4102 0.0000
v 24.9812 26.5602 0.0000
v 24.3812 26.5602 3.0000
v 24.3812 26.4102 3.0000
v 24.9812 26.4102 3.0000
v 24.9812 26.5602 3.0000
v 35.8209 16.9719 0.0000
v 35.6709 16.9719 0.0000
v 35.6709 16.8219 0.0000
v 35.8209 16.8219 0.0000
v 35.8209 16.9719 3.0000
v 35.6709 16.9719 3.0000
v 35.6709 16.8219 3.0000
v 35.8209 16.8219 3.0000
v 36.2198 19.4312 0.0000
v 36.0698 19.4312 0.0000
v 36.0698 16.9719 0.0000
v 36.2198 16.9719 0.0000
v 36.2198 19.4312 3.0000
v 36.0698 19.4312 3.0000
v 36.0698 16.9719 3.0000
v 36.2198 16.9719 3.0000
v 36.3698 19.5812 0.0000
v 36.2198 19.5812 0.0000
v 36.2198 16.8219 0.0000
v 36.3698 16.8219 0.0000
v 36.3698 19.5812 3.0000
v 36.2198 19.5812 3.0000
v 36.2198 16.8219 3.0000
v 36.3698 16.8219 3.0000
v 44.7998 19.5812 0.0000
v 44.6498 19.5812 0.0000
v 44.6498 16.8219 0.0000
v 44.7998 16.8219 0.0000
v 44.7998 19.5812 3.0000
v 44.6498 19.5812 3.0000
v 44.6498 16.8219 3.0000
v 44.7998 16.8219 3.0000
v 44.9498 19.4312 0.0000
v 44.7998 19.4312 0.0000
v 44.7998 16.9719 0.0000
v 44.9498 16.9719 0.0000
v 44.9498 19.4312 3.0000
v 44.7998 19.4312 3.0000
v 44.7998 16.9719 3.0000
v 44.9498 16.9719 3.0000
v 46.5448 19.5812 0.0000
v 46.3948 19.5812 0.0000
v 46.3948 19.4312 0.0000
v 46.5448 19.4312 0.0000
v 46.5448 19.5812 3.0000
v 46.3948 19.5812 3.0000
v 46.3948 19.4312 3.0000
v 46.5448 19.4312 3.0000
v 45.3437 16.9719 0.0000
v 45.1937 16.9719 0.0000
v 45.1937 16.8219 0.0000
v 45.3437 16.8219 0.0000
v 45.3437 16.9719 3.0000
v 45.1937 16.9719 3.0000
v 45.1937 16.8219 3.0000
v 45.3437 16.8219 3.0000
v 35.7459 16.8969 0.0000
v 35.7459 16.7469 0.0000
v 36.2948 16.7469 0.0000
v 36.2948 16.8969 0.0000
v 35.7459 16.8969 3.0000
v 35.7459 16.7469 3.0000
v 36.2948 16.7469 3.0000
v 36.2948 16.8969 3.0000
v 35.7459 17.0469 0.0000
v 35.7459 16.8969 0.0000
v 36.1448 16.8969 0.0000
v 36.1448 17.0469 0.0000
v 35.7459 17.0469 3.0000
v 35.7459 16.8969 3.0000
v 36.1448 16.8969 3.0000
v 36.1448 17.0469 3.0000
v 34.5448 19.6562 0.0000
v 34.5448 19.5062 0.0000
v 36.2948 19.5062 0.0000
v 36.2948 19.6562 0.0000
v 34.5448 19.6562 3.0000
v 34.5448 19.5062 3.0000
v 36.2948 19.5062 3.0000
v 36.2948 19.6562 3.0000
v 34.5448 19.5062 0.0000
v 34.5448 19.3562 0.0000
v 35.1448 19.3562 0.0000
v 35.1448 19.5062 0.0000
v 34.5448 19.5062 3.0000
v 34.5448 19.3562 3.0000
v 35.1448 19.3562 3.0000
v 35.1448 19.5062 3.0000
v 35.2948 19.5062 0.0000
v 35.2948 19.3562 0.0000
v 36.1448 19.3562 0.0000
v 36.1448 19.5062 0.0000
v 35.2948 19.5062 3.0000
v 35.2948 19.3562 3.0000
v 36.1448 19.3562 3.0000
v 36.1448 19.5062 3.0000
v 34.5448 18.9062 0.0000
v 34.5448 18.7562 0.0000
v 35.1448 18.7562 0.0000
v 35.1448 18.9062 0.0000
v 34.5448 18.9062 3.0000
v 34.5448 18.7562 3.0000
v 35.1448 18.7562 3.0000
v 35.1448 18.9062 3.0000
v 34.5448 18.7562 0.0000
v 34.5448 18.6062 0.0000
v 35.2948 18.6062 0.0000
v 35.2948 18.7562 0.0000
v 34.5448 18.7562 3.0000
v 34.5448 18.6062 3.0000
v 35.2948 18.6062 3.0000
v 35.2948 18.7562 3.0000
v 26.4782 17.3366 0.0000
v 26.3282 17.3366 0.0000
v 26.3282 16.9725 0.0000
v 26.4782 16.9725 0.0000
v 26.4782 17.3366 3.0000
v 26.3282 17.3366 3.0000
v 26.3282 16.9725 3.0000
v 26.4782 16.9725 3.0000
v 26.6280 17.3367 0.0000
v 26.4780 17.3366 0.0000
v 26.4782 16.8219 0.0000
v 26.6282 16.8219 0.0000
v 26.6280 17.3367 3.0000
v 26.4780 17.3366 3.0000
v 26.4782 16.8219 3.0000
v 26.6282 16.8219 3.0000
v 44.7248 19.6562 0.0000
v 44.7248 19.5062 0.0000
v 46.4698 19.5062 0.0000
v 46.4698 19.6562 0.0000
v 44.7248 19.6562 3.0000
v 44.7248 19.5062 3.0000
v 46.4698 19.5062 3.0000
v 46.4698 19.6562 3.0000
v 44.8748 19.5062 0.0000
v 44.8748 19.3562 0.0000
v 46.4698 19.3562 0.0000
v 46.4698 19.5062 0.0000
v 44.8748 19.5062 3.0000
v 44.8748 19.3562 3.0000
v 46.4698 19.3562 3.0000
v 46.4698 19.5062 3.0000
v 44.7248 16.8969 0.0000
v 44.7248 16.7469 0.0000
v 45.2687 16.7469 0.0000
v 45.2687 16.8969 0.0000
v 44.7248 16.8969 3.0000
v 44.7248 16.7469 3.0000
v 45.2687 16.7469 3.0000
v 45.2687 16.8969 3.0000
v 44.8748 17.0469 0.0000
v 44.8748 16.8969 0.0000
v 45.2687 16.8969 0.0000
v 45.2687 17.0469 0.0000
v 44.8748 17.0469 3.0000
v 44.8748 16.8969 3.0000
v 45.2687 16.8969 3.0000
v 45.2687 17.0469 3.0000
v 87.7643 19.5812 0.0000
v 87.6143 19.5812 0.0000
v 87.6143 16.8219 0.0000
v 87.7643 16.8219 0.0000
v 87.7643 19.5812 3.0000
v 87.6143 19.5812 3.0000
v 87.6143 16.8219 3.0000
v 87.7643 16.8219 3.0000
v 87.6143 19.4312 0.0000
v 87.4643 19.4312 0.0000
v 87.4643 16.9719 0.0000
v 87.6143 16.9719 0.0000
v 87.6143 19.4312 3.0000
v 87.4643 19.4312 3.0000
v 87.4643 16.9719 3.0000
v 87.6143 16.9719 3.0000
v 86.0193 19.5812 0.0000
v 85.8693 19.5812 0.0000
v 85.8693 19.4312 0.0000
v 86.0193 19.4312 0.0000
v 86.0193 19.5812 3.0000
v 85.8693 19.5812 3.0000
v 85.8693 19.4312 3.0000
v 86.0193 19.4312 3.0000
v 87.2204 16.9719 0.0000
v 87.0704 16.9719 0.0000
v 87.0704 16.8219 0.0000
v 87.2204 16.8219 0.0000
v 87.2204 16.9719 3.0000
v 87.0704 16.9719 3.0000
v 87.0704 16.8219 3.0000
v 87.2204 16.8219 3.0000
v 87.6893 19.5062 0.0000
v 87.6893 19.6562 0.0000
v 85.9443 19.6562 0.0000
v 85.9443 19.5062 0.0000
v 87.6893 19.5062 3.0000
v 87.6893 19.6562 3.0000
v 85.9443 19.6562 3.0000
v 85.9443 19.5062 3.0000
v 87.5393 19.3562 0.0000
v 87.5393 19.5062 0.0000
v 85.9443 19.5062 0.0000
v 85.9443 19.3562 0.0000
v 87.5393 19.3562 3.0000
v 87.5393 19.5062 3.0000
v 85.9443 19.5062 3.0000
v 85.9443 19.3562 3.0000
v 87.6893 16.7469 0.0000
v 87.6893 16.8969 0.0000
v 87.1454 16.8969 0.0000
v 87.1454 16.7469 0.0000
v 87.6893 16.7469 3.0000
v 87.6893 16.8969 3.0000
v 87.1454 16.8969 3.0000
v 87.1454 16.7469 3.0000
v 87.5393 16.8969 0.0000
v 87.5393 17.0469 0.0000
v 87.1454 17.0469 0.0000
v 87.1454 16.8969 0.0000
v 87.5393 16.8969 3.0000
v 87.5393 17.0469 3.0000
v 87.1454 17.0469 3.0000
v 87.1454 16.8969 3.0000
v 34.3948 21.9920 0.0000
v 34.3948 21.8420 0.0000
v 34.5448 21.8420 0.0000
v 34.5448 21.9920 0.0000
v 34.3948 21.9920 3.0000
v 34.3948 21.8420 3.0000
v 34.5448 21.8420 3.0000
v 34.5448 21.9920 3.0000
v 34.3948 22.5920 0.0000
v 34.3948 22.4420 0.0000
v 34.5448 22.4420 0.0000
v 34.5448 22.5920 0.0000
v 34.3948 22.5920 3.0000
v 34.3948 22.4420 3.0000
v 34.5448 22.4420 3.0000
v 34.5448 22.5920 3.0000
v 24.3062 25.9852 0.0000
v 24.4562 25.9852 0.0000
v 24.4562 26.4852 0.0000
v 24.3062 26.4852 0.0000
v 24.3062 25.9852 3.0000
v 24.4562 25.9852 3.0000
v 24.4562 26.4852 3.0000
v 24.3062 26.4852 3.0000
v 24.9062 25.9852 0.0000
v 25.0562 25.9852 0.0000
v 25.0562 26.4852 0.0000
v 24.9062 26.4852 0.0000
v 24.9062 25.9852 3.0000
v 25.0562 25.9852 3.0000
v 25.0562 26.4852 3.0000
v 24.9062 26.4852 3.0000
v 33.1448 26.4102 0.0000
v 33.1448 26.5602 0.0000
v 32.5448 26.5602 0.0000
v 32.5448 26.4102 0.0000
v 33.1448 26.4102 3.0000
v 33.1448 26.5602 3.0000
v 32.5448 26.5602 3.0000
v 32.5448 26.4102 3.0000
v 33.0698 25.9852 0.0000
v 33.2198 25.9852 0.0000
v 33.2198 26.4852 0.0000
v 33.0698 26.4852 0.0000
v 33.0698 25.9852 3.0000
v 33.2198 25.9852 3.0000
v 33.2198 26.4852 3.0000
v 33.0698 26.4852 3.0000
v 32.4698 25.9852 0.0000
v 32.6198 25.9852 0.0000
v 32.6198 26.4852 0.0000
v 32.4698 26.4852 0.0000
v 32.4698 25.9852 3.0000
v 32.6198 25.9852 3.0000
v 32.6198 26.4852 3.0000
v 32.4698 26.4852 3.0000
v 24.9812 26.5602 0.0000
v 24.9812 26.4102 0.0000
v 32.5448 26.4102 0.0000
v 32.5448 26.5602 0.0000
v 24.9812 26.5602 3.0000
v 24.9812 26.4102 3.0000
v 32.5448 26.4102 3.0000
v 32.5448 26.5602 3.0000
v 23.5312 25.7602 0.0000
v 23.5312 25.9102 0.0000
v 22.8312 25.9102 0.0000
v 22.8312 25.7602 0.0000
v 23.5312 25.7602 3.0000
v 23.5312 25.9102 3.0000
v 22.8312 25.9102 3.0000
v 22.8312 25.7602 3.0000
v 23.4562 25.8352 0.0000
v 23.6062 25.8352 0.0000
v 23.6062 25.9852 0.0000
v 23.4562 25.9852 0.0000
v 23.4562 25.8352 3.0000
v 23.6062 25.8352 3.0000
v 23.6062 25.9852 3.0000
v 23.4562 25.9852 3.0000
v 98.9493 16.7469 0.0000
v 98.9493 16.8969 0.0000
v 98.3693 16.8969 0.0000
v 98.3693 16.7469 0.0000
v 98.9493 16.7469 3.0000
v 98.9493 16.8969 3.0000
v 98.3693 16.8969 3.0000
v 98.3693 16.7469 3.0000
v 98.2943 16.8219 0.0000
v 98.4443 16.8219 0.0000
v 98.4443 16.9719 0.0000
v 98.2943 16.9719 0.0000
v 98.2943 16.8219 3.0000
v 98.4443 16.8219 3.0000
v 98.4443 16.9719 3.0000
v 98.2943 16.9719 3.0000
v 98.3693 17.0469 0.0000
v 98.3693 16.8969 0.0000
v 101.4293 16.8969 0.0000
v 101.4293 17.0469 0.0000
v 98.3693 17.0469 3.0000
v 98.3693 16.8969 3.0000
v 101.4293 16.8969 3.0000
v 101.4293 17.0469 3.0000
v 98.0193 19.5062 0.0000
v 98.0193 19.3562 0.0000
v 101.4251 19.3562 0.0000
v 101.4251 19.5062 0.0000
v 98.0193 19.5062 3.0000
v 98.0193 19.3562 3.0000
v 101.4251 19.3562 3.0000
v 101.4251 19.5062 3.0000
v 101.0193 19.5062 0.0000
v 101.0193 19.6562 0.0000
v 100.8749 19.6562 0.0000
v 100.8749 19.5062 0.0000
v 101.0193 19.5062 3.0000
v 101.0193 19.6562 3.0000
v 100.8749 19.6562 3.0000
v 100.8749 19.5062 3.0000
v 100.8749 19.5062 0.0000
v 100.8749 19.6562 0.0000
v 98.0193 19.6562 0.0000
v 98.0193 19.5062 0.0000
v 100.8749 19.5062 3.0000
v 100.8749 19.6562 3.0000
v 98.0193 19.6562 3.0000
v 98.0193 19.5062 3.0000
v 97.9443 19.5812 0.0000
v 98.0943 19.5812 0.0000
v 98.0943 19.9170 0.0000
v 97.9443 19.9170 0.0000
v 97.9443 19.5812 3.0000
v 98.0943 19.5812 3.0000
v 98.0943 19.9170 3.0000
v 97.9443 19.9170 3.0000
v 98.0193 19.8420 0.0000
v 98.0193 19.9920 0.0000
v 97.8693 19.9920 0.0000
v 97.8693 19.8420 0.0000
v 98.0193 19.8420 3.0000
v 98.0193 19.9920 3.0000
v 97.8693 19.9920 3.0000
v 97.8693 19.8420 3.0000
v 97.9443 19.9170 0.0000
v 97.7943 19.9170 0.0000
v 97.7943 19.5812 0.0000
v 97.9443 19.5812 0.0000
v 97.9443 19.9170 3.0000
v 97.7943 19.9170 3.0000
v 97.7943 19.5812 3.0000
v 97.9443 19.5812 3.0000
v 97.3443 19.4312 0.0000
v 97.1943 19.4312 0.0000
v 97.1943 18.8312 0.0000
v 97.3443 18.8312 0.0000
v 97.3443 19.4312 3.0000
v 97.1943 19.4312 3.0000
v 97.1943 18.8312 3.0000
v 97.3443 18.8312 3.0000
v 97.1943 19.4312 0.0000
v 97.0443 19.4312 0.0000
v 97.0443 18.6812 0.0000
v 97.1943 18.6812 0.0000
v 97.1943 19.4312 3.0000
v 97.0443 19.4312 3.0000
v 97.0443 18.6812 3.0000
v 97.1943 18.6812 3.0000
v 97.8693 17.3969 0.0000
v 97.8693 17.2469 0.0000
v 98.0193 17.2469 0.0000
v 98.0193 17.3969 0.0000
v 97.8693 17.3969 3.0000
v 97.8693 17.2469 3.0000
v 98.0193 17.2469 3.0000
v 98.0193 17.3969 3.0000
v 97.9443 17.3219 0.0000
v 98.0943 17.3219 0.0000
v 98.0943 18.6812 0.0000
v 97.9443 18.6812 0.0000
v 97.9443 17.3219 3.0000
v 98.0943 17.3219 3.0000
v 98.0943 18.6812 3.0000
v 97.9443 18.6812 3.0000
v 105.5227 19.5062 0.0000
v 105.5227 19.3562 0.0000
v 105.8609 19.3562 0.0000
v 105.8609 19.5062 0.0000
v 105.5227 19.5062 3.0000
v 105.5227 19.3562 3.0000
v 105.8609 19.3562 3.0000
v 105.8609 19.5062 3.0000
v 106.0129 19.5062 0.0000
v 106.0129 19.3562 0.0000
v 108.7329 19.3562 0.0000
v 108.7329 19.5062 0.0000
v 106.0129 19.5062 3.0000
v 106.0129 19.3562 3.0000
v 108.7329 19.3562 3.0000
v 108.7329 19.5062 3.0000
v 105.1110 18.5564 0.0000
v 105.1110 18.4064 0.0000
v 105.8610 18.4064 0.0000
v 105.8610 18.5564 0.0000
v 105.1110 18.5564 3.0000
v 105.1110 18.4064 3.0000
v 105.8610 18.4064 3.0000
v 105.8610 18.5564 3.0000
v 104.9609 18.4064 0.0000
v 104.9609 18.2564 0.0000
v 106.0129 18.2564 0.0000
v 106.0129 18.4064 0.0000
v 104.9609 18.4064 3.0000
v 104.9609 18.2564 3.0000
v 106.0129 18.2564 3.0000
v 106.0129 18.4064 3.0000
v 108.8079 19.4312 0.0000
v 108.6579 19.4312 0.0000
v 108.6579 17.3219 0.0000
v 108.8079 17.3219 0.0000
v 108.8079 19.4312 3.0000
v 108.6579 19.4312 3.0000
v 108.6579 17.3219 3.0000
v 108.8079 17.3219 3.0000
v 108.7329 17.3969 0.0000
v 108.7329 17.2469 0.0000
v 108.8829 17.2469 0.0000
v 108.8829 17.3969 0.0000
v 108.7329 17.3969 3.0000
v 108.7329 17.2469 3.0000
v 108.8829 17.2469 3.0000
v 108.8829 17.3969 3.0000
v 108.8079 17.3219 0.0000
v 108.9579 17.3219 0.0000
v 108.9579 19.4312 0.0000
v 108.8079 19.4312 0.0000
v 108.8079 17.3219 3.0000
v 108.9579 17.3219 3.0000
v 108.9579 19.4312 3.0000
v 108.8079 19.4312 3.0000
v 108.8079 19.4312 0.0000
v 108.9579 19.4312 0.0000
v 108.9579 19.9324 0.0000
v 108.8079 19.9324 0.0000
v 108.8079 19.4312 3.0000
v 108.9579 19.4312 3.0000
v 108.9579 19.9324 3.0000
v 108.8079 19.9324 3.0000
v 108.8829 19.8574 0.0000
v 108.8829 20.0074 0.0000
v 108.7329 20.0074 0.0000
v 108.7329 19.8574 0.0000
v 108.8829 19.8574 3.0000
v 108.8829 20.0074 3.0000
v 108.7329 20.0074 3.0000
v 108.7329 19.8574 3.0000
v 108.8079 19.9324 0.0000
v 108.6579 19.9324 0.0000
v 108.6579 19.9170 0.0000
v 108.8079 19.9170 0.0000
v 108.8079 19.9324 3.0000
v 108.6579 19.9324 3.0000
v 108.6579 19.9170 3.0000
v 108.8079 19.9170 3.0000
v 108.8079 19.9170 0.0000
v 108.6579 19.9170 0.0000
v 108.6579 19.5812 0.0000
v 108.8079 19.5812 0.0000
v 108.8079 19.9170 3.0000
v 108.6579 19.9170 3.0000
v 108.6579 19.5812 3.0000
v 108.8079 19.5812 3.0000
v 108.7329 19.5062 0.0000
v 108.7329 19.6562 0.0000
v 106.7580 19.6562 0.0000
v 106.7580 19.5062 0.0000
v 108.7329 19.5062 3.0000
v 108.7329 19.6562 3.0000
v 106.7580 19.6562 3.0000
v 106.7580 19.5062 3.0000
v 106.7580 19.5062 0.0000
v 106.7580 19.6562 0.0000
v 106.6089 19.6562 0.0000
v 106.6089 19.5062 0.0000
v 106.7580 19.5062 3.0000
v 106.7580 19.6562 3.0000
v 106.6089 19.6562 3.0000
v 106.6089 19.5062 3.0000
v 106.6089 19.5062 0.0000
v 106.6089 19.6562 0.0000
v 105.1109 19.6562 0.0000
v 105.1109 19.5062 0.0000
v 106.6089 19.5062 3.0000
v 106.6089 19.6562 3.0000
v 105.1109 19.6562 3.0000
v 105.1109 19.5062 3.0000
v 105.1109 19.5062 0.0000
v 105.1109 19.3562 0.0000
v 105.5227 19.3562 0.0000
v 105.5227 19.5062 0.0000
v 105.1109 19.5062 3.0000
v 105.1109 19.3562 3.0000
v 105.5227 19.3562 3.0000
v 105.5227 19.5062 3.0000
v 99.7943 25.8352 0.0000
v 99.9443 25.8352 0.0000
v 99.9443 25.9852 0.0000
v 99.7943 25.9852 0.0000
v 99.7943 25.8352 3.0000
v 99.9443 25.8352 3.0000
v 99.9443 25.9852 3.0000
v 99.7943 25.9852 3.0000
v 99.8693 25.9102 0.0000
v 99.8693 26.0602 0.0000
v 98.8693 26.0602 0.0000
v 98.8693 25.9102 0.0000
v 99.8693 25.9102 3.0000
v 99.8693 26.0602 3.0000
v 98.8693 26.0602 3.0000
v 98.8693 25.9102 3.0000
v 98.9443 25.9852 0.0000
v 98.7943 25.9852 0.0000
v 98.7943 25.8352 0.0000
v 98.9443 25.8352 0.0000
v 98.9443 25.9852 3.0000
v 98.7943 25.9852 3.0000
v 98.7943 25.8352 3.0000
v 98.9443 25.8352 3.0000
v 98.8693 25.9102 0.0000
v 98.8693 25.7602 0.0000
v 99.8693 25.7602 0.0000
v 99.8693 25.9102 0.0000
v 98.8693 25.9102 3.0000
v 98.8693 25.7602 3.0000
v 99.8693 25.7602 3.0000
v 99.8693 25.9102 3.0000
v 99.8693 26.0602 0.0000
v 99.8693 25.9102 0.0000
v 101.4293 25.9102 0.0000
v 101.4293 26.0602 0.0000
v 99.8693 26.0602 3.0000
v 99.8693 25.9102 3.0000
v 101.4293 25.9102 3.0000
v 101.4293 26.0602 3.0000
v 102.1293 26.0602 0.0000
v 102.1293 25.9102 0.0000
v 108.3829 25.9102 0.0000
v 108.3829 26.0602 0.0000
v 102.1293 26.0602 3.0000
v 102.1293 25.9102 3.0000
v 108.3829 25.9102 3.0000
v 108.3829 26.0602 3.0000
v 109.8079 25.9852 0.0000
v 109.6579 25.9852 0.0000
v 109.6579 25.1352 0.0000
v 109.8079 25.1352 0.0000
v 109.8079 25.9852 3.0000
v 109.6579 25.9852 3.0000
v 109.6579 25.1352 3.0000
v 109.8079 25.1352 3.0000
v 108.6579 25.1494 0.0000
v 108.8079 25.1494 0.0000
v 108.8079 25.4852 0.0000
v 108.6579 25.4852 0.0000
v 108.6579 25.1494 3.0000
v 108.8079 25.1494 3.0000
v 108.8079 25.4852 3.0000
v 108.6579 25.4852 3.0000
v 108.7329 25.5602 0.0000
v 108.7329 25.4102 0.0000
v 108.8829 25.4102 0.0000
v 108.8829 25.5602 0.0000
v 108.7329 25.5602 3.0000
v 108.7329 25.4102 3.0000
v 108.8829 25.4102 3.0000
v 108.8829 25.5602 3.0000
v 107.8829 25.7602 0.0000
v 107.8829 25.9102 0.0000
v 107.4125 25.9102 0.0000
v 107.4125 25.7602 0.0000
v 107.8829 25.7602 3.0000
v 107.8829 25.9102 3.0000
v 107.4125 25.9102 3.0000
v 107.4125 25.7602 3.0000
v 98.0193 24.4420 0.0000
v 98.0193 24.5920 0.0000
v 97.8693 24.5920 0.0000
v 97.8693 24.4420 0.0000
v 98.0193 24.4420 3.0000
v 98.0193 24.5920 3.0000
v 97.8693 24.5920 3.0000
v 97.8693 24.4420 3.0000
v 97.7943 24.5170 0.0000
v 97.9443 24.5170 0.0000
v 97.9443 25.4852 0.0000
v 97.7943 25.4852 0.0000
v 97.7943 24.5170 3.0000
v 97.9443 24.5170 3.0000
v 97.9443 25.4852 3.0000
v 97.7943 25.4852 3.0000
v 97.8693 25.5602 0.0000
v 97.8693 25.4102 0.0000
v 98.0193 25.4102 0.0000
v 98.0193 25.5602 0.0000
v 97.8693 25.5602 3.0000
v 97.8693 25.4102 3.0000
v 98.0193 25.4102 3.0000
v 98.0193 25.5602 3.0000
v 98.0943 25.4852 0.0000
v 97.9443 25.4852 0.0000
v 97.9443 24.5170 0.0000
v 98.0943 24.5170 0.0000
v 98.0943 25.4852 3.0000
v 97.9443 25.4852 3.0000
v 97.9443 24.5170 3.0000
v 98.0943 24.5170 3.0000
v 97.8693 24.5920 0.0000
v 97.8693 24.4420 0.0000
v 98.0193 24.4420 0.0000
v 98.0193 24.5920 0.0000
v 97.8693 24.5920 3.0000
v 97.8693 24.4420 3.0000
v 98.0193 24.4420 3.0000
v 98.0193 24.5920 3.0000
v 98.0943 24.5170 0.0000
v 97.9443 24.5170 0.0000
v 97.9443 19.9170 0.0000
v 98.0943 19.9170 0.0000
v 98.0943 24.5170 3.0000
v 97.9443 24.5170 3.0000
v 97.9443 19.9170 3.0000
v 98.0943 19.9170 3.0000
v 98.0193 19.8420 0.0000
v 98.0193 19.9920 0.0000
v 97.8693 19.9920 0.0000
v 97.8693 19.8420 0.0000
v 98.0193 19.8420 3.0000
v 98.0193 19.9920 3.0000
v 97.8693 19.9920 3.0000
v 97.8693 19.8420 3.0000
v 97.7943 19.9170 0.0000
v 97.9443 19.9170 0.0000
v 97.9443 24.5170 0.0000
v 97.7943 24.5170 0.0000
v 97.7943 19.9170 3.0000
v 97.9443 19.9170 3.0000
v 97.9443 24.5170 3.0000
v 97.7943 24.5170 3.0000
v 105.8609 16.8969 0.0000
v 105.8609 16.7469 0.0000
v 108.3829 16.7469 0.0000
v 108.3829 16.8969 0.0000
v 105.8609 16.8969 3.0000
v 105.8609 16.7469 3.0000
v 108.3829 16.7469 3.0000
v 108.3829 16.8969 3.0000
v 108.3079 16.8219 0.0000
v 108.4579 16.8219 0.0000
v 108.4579 16.9719 0.0000
v 108.3079 16.9719 0.0000
v 108.3079 16.8219 3.0000
v 108.4579 16.8219 3.0000
v 108.4579 16.9719 3.0000
v 108.3079 16.9719 3.0000
v 108.3829 16.8969 0.0000
v 108.3829 17.0469 0.0000
v 106.0110 17.0475 0.0000
v 106.0109 16.8975 0.0000
v 108.3829 16.8969 3.0000
v 108.3829 17.0469 3.0000
v 106.0110 17.0475 3.0000
v 106.0109 16.8975 3.0000
v 105.0360 18.4814 0.0000
v 105.1860 18.4814 0.0000
v 105.1859 19.4312 0.0000
v 105.0359 19.4312 0.0000
v 105.0360 18.4814 3.0000
v 105.1860 18.4814 3.0000
v 105.1859 19.4312 3.0000
v 105.0359 19.4312 3.0000
v 105.7860 18.4814 0.0000
v 105.9360 18.4814 0.0000
v 105.9359 19.4312 0.0000
v 105.7859 19.4312 0.0000
v 105.7860 18.4814 3.0000
v 105.9360 18.4814 3.0000
v 105.9359 19.4312 3.0000
v 105.7859 19.4312 3.0000
v 105.9380 18.3314 0.0000
v 106.0880 18.3314 0.0000
v 106.0879 19.4287 0.0000
v 105.9379 19.4287 0.0000
v 105.9380 18.3314 3.0000
v 106.0880 18.3314 3.0000
v 106.0879 19.4287 3.0000
v 105.9379 19.4287 3.0000
v 104.8859 18.3314 0.0000
v 105.0359 18.3314 0.0000
v 105.0359 19.5812 0.0000
v 104.8859 19.5812 0.0000
v 104.8859 18.3314 3.0000
v 105.0359 18.3314 3.0000
v 105.0359 19.5812 3.0000
v 104.8859 19.5812 3.0000
v 106.3959 25.3936 0.0000
v 106.5459 25.3936 0.0000
v 106.5459 25.7452 0.0000
v 106.3959 25.7452 0.0000
v 106.3959 25.3936 3.0000
v 106.5459 25.3936 3.0000
v 106.5459 25.7452 3.0000
v 106.3959 25.7452 3.0000
v 106.3359 25.3936 0.0000
v 106.4859 25.3936 0.0000
v 106.4859 25.7452 0.0000
v 106.3359 25.7452 0.0000
v 106.3359 25.3936 3.0000
v 106.4859 25.3936 3.0000
v 106.4859 25.7452 3.0000
v 106.3359 25.7452 3.0000
v 101.0193 19.6562 0.0000
v 101.0193 19.5062 0.0000
v 101.4251 19.5062 0.0000
v 101.4251 19.6562 0.0000
v 101.0193 19.6562 3.0000
v 101.0193 19.5062 3.0000
v 101.4251 19.5062 3.0000
v 101.4251 19.6562 3.0000
v 99.9901 25.3936 0.0000
v 100.1401 25.3936 0.0000
v 100.1401 25.7452 0.0000
v 99.9901 25.7452 0.0000
v 99.9901 25.3936 3.0000
v 100.1401 25.3936 3.0000
v 100.1401 25.7452 3.0000
v 99.9901 25.7452 3.0000
v 100.0501 25.3936 0.0000
v 100.2001 25.3936 0.0000
v 100.2001 25.7452 0.0000
v 100.0501 25.7452 0.0000
v 100.0501 25.3936 3.0000
v 100.2001 25.3936 3.0000
v 100.2001 25.7452 3.0000
v 100.0501 25.7452 3.0000
v 108.0329 26.4102 0.0000
v 108.0329 26.5602 0.0000
v 107.4329 26.5602 0.0000
v 107.4329 26.4102 0.0000
v 108.0329 26.4102 3.0000
v 108.0329 26.5602 3.0000
v 107.4329 26.5602 3.0000
v 107.4329 26.4102 3.0000
v 96.7432 16.9719 0.0000
v 96.5932 16.9719 0.0000
v 96.5932 16.8219 0.0000
v 96.7432 16.8219 0.0000
v 96.7432 16.9719 3.0000
v 96.5932 16.9719 3.0000
v 96.5932 16.8219 3.0000
v 96.7432 16.8219 3.0000
v 96.3443 19.4312 0.0000
v 96.1943 19.4312 0.0000
v 96.1943 16.9719 0.0000
v 96.3443 16.9719 0.0000
v 96.3443 19.4312 3.0000
v 96.1943 19.4312 3.0000
v 96.1943 16.9719 3.0000
v 96.3443 16.9719 3.0000
v 96.1943 19.5812 0.0000
v 96.0443 19.5812 0.0000
v 96.0443 16.8219 0.0000
v 96.1943 16.8219 0.0000
v 96.1943 19.5812 3.0000
v 96.0443 19.5812 3.0000
v 96.0443 16.8219 3.0000
v 96.1943 16.8219 3.0000
v 96.6682 16.7469 0.0000
v 96.6682 16.8969 0.0000
v 96.1193 16.8969 0.0000
v 96.1193 16.7469 0.0000
v 96.6682 16.7469 3.0000
v 96.6682 16.8969 3.0000
v 96.1193 16.8969 3.0000
v 96.1193 16.7469 3.0000
v 96.6682 16.8969 0.0000
v 96.6682 17.0469 0.0000
v 96.2693 17.0469 0.0000
v 96.2693 16.8969 0.0000
v 96.6682 16.8969 3.0000
v 96.6682 17.0469 3.0000
v 96.2693 17.0469 3.0000
v 96.2693 16.8969 3.0000
v 97.8693 19.5062 0.0000
v 97.8693 19.6562 0.0000
v 96.1193 19.6562 0.0000
v 96.1193 19.5062 0.0000
v 97.8693 19.5062 3.0000
v 97.8693 19.6562 3.0000
v 96.1193 19.6562 3.0000
v 96.1193 19.5062 3.0000
v 97.8693 19.3562 0.0000
v 97.8693 19.5062 0.0000
v 97.2693 19.5062 0.0000
v 97.2693 19.3562 0.0000
v 97.8693 19.3562 3.0000
v 97.8693 19.5062 3.0000
v 97.2693 19.5062 3.0000
v 97.2693 19.3562 3.0000
v 97.1193 19.3562 0.0000
v 97.1193 19.5062 0.0000
v 96.2693 19.5062 0.0000
v 96.2693 19.3562 0.0000
v 97.1193 19.3562 3.0000
v 97.1193 19.5062 3.0000
v 96.2693 19.5062 3.0000
v 96.2693 19.3562 3.0000
v 97.8693 18.7562 0.0000
v 97.8693 18.9062 0.0000
v 97.2693 18.9062 0.0000
v 97.2693 18.7562 0.0000
v 97.8693 18.7562 3.0000
v 97.8693 18.9062 3.0000
v 97.2693 18.9062 3.0000
v 97.2693 18.7562 3.0000
v 97.8693 18.6062 0.0000
v 97.8693 18.7562 0.0000
v 97.1193 18.7562 0.0000
v 97.1193 18.6062 0.0000
v 97.8693 18.6062 3.0000
v 97.8693 18.7562 3.0000
v 97.1193 18.7562 3.0000
v 97.1193 18.6062 3.0000
v 106.0859 17.3366 0.0000
v 105.9359 17.3366 0.0000
v 105.9359 16.9725 0.0000
v 106.0859 16.9725 0.0000
v 106.0859 17.3366 3.0000
v 105.9359 17.3366 3.0000
v 105.9359 16.9725 3.0000
v 106.0859 16.9725 3.0000
v 105.9359 17.3366 0.0000
v 105.7859 17.3366 0.0000
v 105.7859 16.8219 0.0000
v 105.9359 16.8219 0.0000
v 105.9359 17.3366 3.0000
v 105.7859 17.3366 3.0000
v 105.7859 16.8219 3.0000
v 105.9359 16.8219 3.0000
v 98.0193 21.8420 0.0000
v 98.0193 21.9920 0.0000
v 97.8693 21.9920 0.0000
v 97.8693 21.8420 0.0000
v 98.0193 21.8420 3.0000
v 98.0193 21.9920 3.0000
v 97.8693 21.9920 3.0000
v 97.8693 21.8420 3.0000
v 98.0193 22.4420 0.0000
v 98.0193 22.5920 0.0000
v 97.8693 22.5920 0.0000
v 97.8693 22.4420 0.0000
v 98.0193 22.4420 3.0000
v 98.0193 22.5920 3.0000
v 97.8693 22.5920 3.0000
v 97.8693 22.4420 3.0000
v 107.9579 25.9852 0.0000
v 108.1079 25.9852 0.0000
v 108.1079 26.4852 0.0000
v 107.9579 26.4852 0.0000
v 107.9579 25.9852 3.0000
v 108.1079 25.9852 3.0000
v 108.1079 26.4852 3.0000
v 107.9579 26.4852 3.0000
v 107.3579 25.9852 0.0000
v 107.5079 25.9852 0.0000
v 107.5079 26.4852 0.0000
v 107.3579 26.4852 0.0000
v 107.3579 25.9852 3.0000
v 107.5079 25.9852 3.0000
v 107.5079 26.4852 3.0000
v 107.3579 26.4852 3.0000
v 99.2693 26.5602 0.0000
v 99.2693 26.4102 0.0000
v 99.8693 26.4102 0.0000
v 99.8693 26.5602 0.0000
v 99.2693 26.5602 3.0000
v 99.2693 26.4102 3.0000
v 99.8693 26.4102 3.0000
v 99.8693 26.5602 3.0000
v 99.1943 25.9852 0.0000
v 99.3443 25.9852 0.0000
v 99.3443 26.4852 0.0000
v 99.1943 26.4852 0.0000
v 99.1943 25.9852 3.0000
v 99.3443 25.9852 3.0000
v 99.3443 26.4852 3.0000
v 99.1943 26.4852 3.0000
v 99.7943 25.9852 0.0000
v 99.9443 25.9852 0.0000
v 99.9443 26.4852 0.0000
v 99.7943 26.4852 0.0000
v 99.7943 25.9852 3.0000
v 99.9443 25.9852 3.0000
v 99.9443 26.4852 3.0000
v 99.7943 26.4852 3.0000
v 107.4329 26.4102 0.0000
v 107.4329 26.5602 0.0000
v 99.8693 26.5602 0.0000
v 99.8693 26.4102 0.0000
v 107.4329 26.4102 3.0000
v 107.4329 26.5602 3.0000
v 99.8693 26.5602 3.0000
v 99.8693 26.4102 3.0000
v 107.8829 25.9102 0.0000
v 107.8829 26.0602 0.0000
v 107.4083 26.0602 0.0000
v 107.4083 25.9102 0.0000
v 107.8829 25.9102 3.0000
v 107.8829 26.0602 3.0000
v 107.4083 26.0602 3.0000
v 107.4083 25.9102 3.0000
v 107.4833 25.9852 0.0000
v 107.3333 25.9852 0.0000
v 107.3333 25.8352 0.0000
v 107.4833 25.8352 0.0000
v 107.4833 25.9852 3.0000
v 107.3333 25.9852 3.0000
v 107.3333 25.8352 3.0000
v 107.4833 25.8352 3.0000
v 107.4083 25.9102 0.0000
v 107.4083 25.7602 0.0000
v 107.8829 25.7602 0.0000
v 107.8829 25.9102 0.0000
v 107.4083 25.9102 3.0000
v 107.4083 25.7602 3.0000
v 107.8829 25.7602 3.0000
v 107.8829 25.9102 3.0000
v 26.6282 19.4312 0.0000
v 26.4782 19.4312 0.0000
v 26.4782 18.4814 0.0000
v 26.6282 18.4814 0.0000
v 26.6282 19.4312 3.0000
v 26.4782 19.4312 3.0000
v 26.4782 18.4814 3.0000
v 26.6282 18.4814 3.0000
v 26.4032 17.4116 0.0000
v 26.4032 17.2616 0.0000
v 26.5530 17.2616 0.0000
v 26.5530 17.4116 0.0000
v 26.4032 17.4116 3.0000
v 26.4032 17.2616 3.0000
v 26.5530 17.2616 3.0000
v 26.5530 17.4116 3.0000
v 44.7998 19.5812 0.0000
v 44.6498 19.5812 0.0000
v 44.6498 16.8219 0.0000
v 44.7998 16.8219 0.0000
v 44.7998 19.5812 3.0000
v 44.6498 19.5812 3.0000
v 44.6498 16.8219 3.0000
v 44.7998 16.8219 3.0000
v 44.9498 19.4312 0.0000
v 44.7998 19.4312 0.0000
v 44.7998 16.9719 0.0000
v 44.9498 16.9719 0.0000
v 44.9498 19.4312 3.0000
v 44.7998 19.4312 3.0000
v 44.7998 16.9719 3.0000
v 44.9498 16.9719 3.0000
v 46.5498 19.5812 0.0000
v 46.3998 19.5812 0.0000
v 46.3998 19.4312 0.0000
v 46.5498 19.4312 0.0000
v 46.5498 19.5812 3.0000
v 46.3998 19.5812 3.0000
v 46.3998 19.4312 3.0000
v 46.5498 19.4312 3.0000
v 44.7248 19.6562 0.0000
v 44.7248 19.5062 0.0000
v 46.4748 19.5062 0.0000
v 46.4748 19.6562 0.0000
v 44.7248 19.6562 3.0000
v 44.7248 19.5062 3.0000
v 46.4748 19.5062 3.0000
v 46.4748 19.6562 3.0000
v 44.8748 19.5062 0.0000
v 44.8748 19.3562 0.0000
v 46.4748 19.3562 0.0000
v 46.4748 19.5062 0.0000
v 44.8748 19.5062 3.0000
v 44.8748 19.3562 3.0000
v 46.4748 19.3562 3.0000
v 46.4748 19.5062 3.0000
v 87.7643 19.5812 0.0000
v 87.6143 19.5812 0.0000
v 87.6143 16.8219 0.0000
v 87.7643 16.8219 0.0000
v 87.7643 19.5812 3.0000
v 87.6143 19.5812 3.0000
v 87.6143 16.8219 3.0000
v 87.7643 16.8219 3.0000
v 87.6143 19.4312 0.0000
v 87.4643 19.4312 0.0000
v 87.4643 16.9719 0.0000
v 87.6143 16.9719 0.0000
v 87.6143 19.4312 3.0000
v 87.4643 19.4312 3.0000
v 87.4643 16.9719 3.0000
v 87.6143 16.9719 3.0000
v 33.9698 16.8219 0.0000
v 34.1198 16.8219 0.0000
v 34.1198 16.9719 0.0000
v 33.9698 16.9719 0.0000
v 33.9698 16.8219 3.0000
v 34.1198 16.8219 3.0000
v 34.1198 16.9719 3.0000
v 33.9698 16.9719 3.0000
v 34.3948 19.3562 0.0000
v 34.3948 19.5062 0.0000
v 33.7948 19.5062 0.0000
v 33.7948 19.3562 0.0000
v 34.3948 19.3562 3.0000
v 34.3948 19.5062 3.0000
v 33.7948 19.5062 3.0000
v 33.7948 19.3562 3.0000
v 31.5393 19.6562 0.0000
v 31.5393 19.5062 0.0000
v 34.3948 19.5062 0.0000
v 34.3948 19.6562 0.0000
v 31.5393 19.6562 3.0000
v 31.5393 19.5062 3.0000
v 34.3948 19.5062 3.0000
v 34.3948 19.6562 3.0000
v 34.3198 19.5812 0.0000
v 34.4698 19.5812 0.0000
v 34.4698 19.9170 0.0000
v 34.3198 19.9170 0.0000
v 34.3198 19.5812 3.0000
v 34.4698 19.5812 3.0000
v 34.4698 19.9170 3.0000
v 34.3198 19.9170 3.0000
v 34.6198 19.9170 0.0000
v 34.4698 19.9170 0.0000
v 34.4698 19.5812 0.0000
v 34.6198 19.5812 0.0000
v 34.6198 19.9170 3.0000
v 34.4698 19.9170 3.0000
v 34.4698 19.5812 3.0000
v 34.6198 19.5812 3.0000
v 35.2198 19.4312 0.0000
v 35.0698 19.4312 0.0000
v 35.0698 18.8312 0.0000
v 35.2198 18.8312 0.0000
v 35.2198 19.4312 3.0000
v 35.0698 19.4312 3.0000
v 35.0698 18.8312 3.0000
v 35.2198 18.8312 3.0000
v 35.3698 19.4312 0.0000
v 35.2198 19.4312 0.0000
v 35.2198 18.6812 0.0000
v 35.3698 18.6812 0.0000
v 35.3698 19.4312 3.0000
v 35.2198 19.4312 3.0000
v 35.2198 18.6812 3.0000
v 35.3698 18.6812 3.0000
v 34.5448 17.2469 0.0000
v 34.5448 17.3969 0.0000
v 34.3948 17.3969 0.0000
v 34.3948 17.2469 0.0000
v 34.5448 17.2469 3.0000
v 34.5448 17.3969 3.0000
v 34.3948 17.3969 3.0000
v 34.3948 17.2469 3.0000
v 34.3198 17.3219 0.0000
v 34.4698 17.3219 0.0000
v 34.4698 18.6812 0.0000
v 34.3198 18.6812 0.0000
v 34.3198 17.3219 3.0000
v 34.4698 17.3219 3.0000
v 34.4698 18.6812 3.0000
v 34.3198 18.6812 3.0000
v 26.8914 19.3562 0.0000
v 26.8914 19.5062 0.0000
v 26.5532 19.5062 0.0000
v 26.5532 19.3562 0.0000
v 26.8914 19.3562 3.0000
v 26.8914 19.5062 3.0000
v 26.5532 19.5062 3.0000
v 26.5532 19.3562 3.0000
v 26.4032 19.3562 0.0000
v 26.4032 19.5062 0.0000
v 23.6812 19.5062 0.0000
v 23.6812 19.3562 0.0000
v 26.4032 19.3562 3.0000
v 26.4032 19.5062 3.0000
v 23.6812 19.5062 3.0000
v 23.6812 19.3562 3.0000
v 27.3155 18.4064 0.0000
v 27.3155 18.5564 0.0000
v 26.5655 18.5564 0.0000
v 26.5655 18.4064 0.0000
v 27.3155 18.4064 3.0000
v 27.3155 18.5564 3.0000
v 26.5655 18.5564 3.0000
v 26.5655 18.4064 3.0000
v 27.4655 18.2564 0.0000
v 27.4655 18.4064 0.0000
v 26.4155 18.4064 0.0000
v 26.4155 18.2564 0.0000
v 27.4655 18.2564 3.0000
v 27.4655 18.4064 3.0000
v 26.4155 18.4064 3.0000
v 26.4155 18.2564 3.0000
v 23.6812 19.6562 0.0000
v 23.6812 19.5062 0.0000
v 25.6561 19.5062 0.0000
v 25.6561 19.6562 0.0000
v 23.6812 19.6562 3.0000
v 23.6812 19.5062 3.0000
v 25.6561 19.5062 3.0000
v 25.6561 19.6562 3.0000
v 25.6561 19.6562 0.0000
v 25.6561 19.5062 0.0000
v 25.8052 19.5062 0.0000
v 25.8052 19.6562 0.0000
v 25.6561 19.6562 3.0000
v 25.6561 19.5062 3.0000
v 25.8052 19.5062 3.0000
v 25.8052 19.6562 3.0000
v 25.8052 19.6562 0.0000
v 25.8052 19.5062 0.0000
v 27.3032 19.5062 0.0000
v 27.3032 19.6562 0.0000
v 25.8052 19.6562 3.0000
v 25.8052 19.5062 3.0000
v 27.3032 19.5062 3.0000
v 27.3032 19.6562 3.0000
v 27.3032 20.7562 0.0000
v 27.3032 20.6062 0.0000
v 27.4532 20.6062 0.0000
v 27.4532 20.7562 0.0000
v 27.3032 20.7562 3.0000
v 27.3032 20.6062 3.0000
v 27.4532 20.6062 3.0000
v 27.4532 20.7562 3.0000
v 27.3032 19.3562 0.0000
v 27.3032 19.5062 0.0000
v 26.8914 19.5062 0.0000
v 26.8914 19.3562 0.0000
v 27.3032 19.3562 3.0000
v 27.3032 19.5062 3.0000
v 26.8914 19.5062 3.0000
v 26.8914 19.3562 3.0000
v 22.7562 25.9852 0.0000
v 22.6062 25.9852 0.0000
v 22.6062 24.5324 0.0000
v 22.7562 24.5324 0.0000
v 22.7562 25.9852 3.0000
v 22.6062 25.9852 3.0000
v 22.6062 24.5324 3.0000
v 22.7562 24.5324 3.0000
v 23.6062 25.1494 0.0000
v 23.7562 25.1494 0.0000
v 23.7562 25.4852 0.0000
v 23.6062 25.4852 0.0000
v 23.6062 25.1494 3.0000
v 23.7562 25.1494 3.0000
v 23.7562 25.4852 3.0000
v 23.6062 25.4852 3.0000
v 23.6812 25.4102 0.0000
v 23.6812 25.5602 0.0000
v 23.5312 25.5602 0.0000
v 23.5312 25.4102 0.0000
v 23.6812 25.4102 3.0000
v 23.6812 25.5602 3.0000
v 23.5312 25.5602 3.0000
v 23.5312 25.4102 3.0000
v 23.6062 25.4852 0.0000
v 23.4562 25.4852 0.0000
v 23.4562 25.2994 0.0000
v 23.6062 25.2994 0.0000
v 23.6062 25.4852 3.0000
v 23.4562 25.4852 3.0000
v 23.4562 25.2994 3.0000
v 23.6062 25.2994 3.0000
v 23.6062 24.5324 0.0000
v 23.4562 24.5324 0.0000
v 23.4562 19.9324 0.0000
v 23.6062 19.9324 0.0000
v 23.6062 24.5324 3.0000
v 23.4562 24.5324 3.0000
v 23.4562 19.9324 3.0000
v 23.6062 19.9324 3.0000
v 23.5312 20.0074 0.0000
v 23.5312 19.8574 0.0000
v 23.6812 19.8574 0.0000
v 23.6812 20.0074 0.0000
v 23.5312 20.0074 3.0000
v 23.5312 19.8574 3.0000
v 23.6812 19.8574 3.0000
v 23.6812 20.0074 3.0000
v 23.6062 19.9324 0.0000
v 23.7562 19.9324 0.0000
v 23.7562 24.5324 0.0000
v 23.6062 24.5324 0.0000
v 23.6062 19.9324 3.0000
v 23.7562 19.9324 3.0000
v 23.7562 24.5324 3.0000
v 23.6062 24.5324 3.0000
v 27.2282 22.0936 0.0000
v 27.3782 22.0936 0.0000
v 27.3782 25.7452 0.0000
v 27.2282 25.7452 0.0000
v 27.2282 22.0936 3.0000
v 27.3782 22.0936 3.0000
v 27.3782 25.7452 3.0000
v 27.2282 25.7452 3.0000
v 27.5282 25.8352 0.0000
v 27.3782 25.8352 0.0000
v 27.3782 22.3336 0.0000
v 27.5282 22.3336 0.0000
v 27.5282 25.8352 3.0000
v 27.3782 25.8352 3.0000
v 27.3782 22.3336 3.0000
v 27.5282 22.3336 3.0000
v 30.8391 25.5602 0.0000
v 30.8391 25.4102 0.0000
v 30.9891 25.4102 0.0000
v 30.9891 25.5602 0.0000
v 30.8391 25.5602 3.0000
v 30.8391 25.4102 3.0000
v 30.9891 25.4102 3.0000
v 30.9891 25.5602 3.0000
v 31.0641 25.4852 0.0000
v 30.9141 25.4852 0.0000
v 30.9141 22.0936 0.0000
v 31.0641 22.0936 0.0000
v 31.0641 25.4852 3.0000
v 30.9141 25.4852 3.0000
v 30.9141 22.0936 3.0000
v 31.0641 22.0936 3.0000
v 30.9891 22.0186 0.0000
v 30.9891 22.1686 0.0000
v 30.8391 22.1686 0.0000
v 30.8391 22.0186 0.0000
v 30.9891 22.0186 3.0000
v 30.9891 22.1686 3.0000
v 30.8391 22.1686 3.0000
v 30.8391 22.0186 3.0000
v 30.8391 22.1686 0.0000
v 30.8391 22.0186 0.0000
v 30.9141 22.0186 0.0000
v 30.9141 22.1686 0.0000
v 30.8391 22.1686 3.0000
v 30.8391 22.0186 3.0000
v 30.9141 22.0186 3.0000
v 30.9141 22.1686 3.0000
v 30.9141 22.0186 0.0000
v 30.9141 22.1686 0.0000
v 30.8391 22.1686 0.0000
v 30.8391 22.0186 0.0000
v 30.9141 22.0186 3.0000
v 30.9141 22.1686 3.0000
v 30.8391 22.1686 3.0000
v 30.8391 22.0186 3.0000
v 30.7628 22.0936 0.0000
v 30.9128 22.0936 0.0000
v 30.9128 22.2436 0.0000
v 30.7628 22.2436 0.0000
v 30.7628 22.0936 3.0000
v 30.9128 22.0936 3.0000
v 30.9128 22.2436 3.0000
v 30.7628 22.2436 3.0000
v 30.7628 22.2437 0.0000
v 30.9128 22.2436 0.0000
v 30.9141 25.4852 0.0000
v 30.7641 25.4852 0.0000
v 30.7628 22.2437 3.0000
v 30.9128 22.2436 3.0000
v 30.9141 25.4852 3.0000
v 30.7641 25.4852 3.0000
v 26.5532 16.7469 0.0000
v 26.5532 16.8969 0.0000
v 24.0312 16.8969 0.0000
v 24.0312 16.7469 0.0000
v 26.5532 16.7469 3.0000
v 26.5532 16.8969 3.0000
v 24.0312 16.8969 3.0000
v 24.0312 16.7469 3.0000
v 23.9562 16.8219 0.0000
v 24.1062 16.8219 0.0000
v 24.1062 16.9719 0.0000
v 23.9562 16.9719 0.0000
v 23.9562 16.8219 3.0000
v 24.1062 16.8219 3.0000
v 24.1062 16.9719 3.0000
v 23.9562 16.9719 3.0000
v 24.0312 17.0469 0.0000
v 24.0313 16.8969 0.0000
v 26.4032 16.8975 0.0000
v 26.4032 17.0475 0.0000
v 24.0312 17.0469 3.0000
v 24.0313 16.8969 3.0000
v 26.4032 16.8975 3.0000
v 26.4032 17.0475 3.0000
v 29.6741 25.8352 0.0000
v 29.5241 25.8352 0.0000
v 29.5241 22.2436 0.0000
v 29.6741 22.2436 0.0000
v 29.6741 25.8352 3.0000
v 29.5241 25.8352 3.0000
v 29.5241 22.2436 3.0000
v 29.6741 22.2436 3.0000
v 29.6741 24.0352 0.0000
v 29.5241 24.0352 0.0000
v 29.5241 23.8852 0.0000
v 29.6741 23.8852 0.0000
v 29.6741 24.0352 3.0000
v 29.5241 24.0352 3.0000
v 29.5241 23.8852 3.0000
v 29.6741 23.8852 3.0000
v 29.5241 25.8352 0.0000
v 29.3741 25.8352 0.0000
v 29.3741 22.3336 0.0000
v 29.5241 22.3336 0.0000
v 29.5241 25.8352 3.0000
v 29.3741 25.8352 3.0000
v 29.3741 22.3336 3.0000
v 29.5241 22.3336 3.0000
v 30.2391 23.9602 0.0000
v 30.2391 24.1102 0.0000
v 29.5991 24.1102 0.0000
v 29.5991 23.9602 0.0000
v 30.2391 23.9602 3.0000
v 30.2391 24.1102 3.0000
v 29.5991 24.1102 3.0000
v 29.5991 23.9602 3.0000
v 30.2391 23.8102 0.0000
v 30.2391 23.9602 0.0000
v 29.5991 23.9602 0.0000
v 29.5991 23.8102 0.0000
v 30.2391 23.8102 3.0000
v 30.2391 23.9602 3.0000
v 29.5991 23.9602 3.0000
v 29.5991 23.8102 3.0000
v 29.5991 23.3602 0.0000
v 29.5991 23.2102 0.0000
v 30.0991 23.2102 0.0000
v 30.0991 23.3602 0.0000
v 29.5991 23.3602 3.0000
v 29.5991 23.2102 3.0000
v 30.0991 23.2102 3.0000
v 30.0991 23.3602 3.0000
v 29.5991 23.4102 0.0000
v 29.5991 23.2602 0.0000
v 30.0491 23.2602 0.0000
v 30.0491 23.4102 0.0000
v 29.5991 23.4102 3.0000
v 29.5991 23.2602 3.0000
v 30.0491 23.2602 3.0000
v 30.0491 23.4102 3.0000
v 30.1741 23.8852 0.0000
v 30.0241 23.8852 0.0000
v 30.0241 23.2852 0.0000
v 30.1741 23.2852 0.0000
v 30.1741 23.8852 3.0000
v 30.0241 23.8852 3.0000
v 30.0241 23.2852 3.0000
v 30.1741 23.2852 3.0000
v 30.1241 23.8852 0.0000
v 29.9741 23.8852 0.0000
v 29.9741 23.3352 0.0000
v 30.1241 23.3352 0.0000
v 30.1241 23.8852 3.0000
v 29.9741 23.8852 3.0000
v 29.9741 23.3352 3.0000
v 30.1241 23.3352 3.0000
v 30.3141 24.0352 0.0000
v 30.1641 24.0352 0.0000
v 30.1641 23.8852 0.0000
v 30.3141 23.8852 0.0000
v 30.3141 24.0352 3.0000
v 30.1641 24.0352 3.0000
v 30.1641 23.8852 3.0000
v 30.3141 23.8852 3.0000
v 27.5282 20.6812 0.0000
v 27.3782 20.6812 0.0000
v 27.3782 19.5812 0.0000
v 27.5282 19.5812 0.0000
v 27.5282 20.6812 3.0000
v 27.3782 20.6812 3.0000
v 27.3782 19.5812 3.0000
v 27.5282 19.5812 3.0000
v 27.3782 20.6812 0.0000
v 27.2282 20.6812 0.0000
v 27.2282 19.5812 0.0000
v 27.3782 19.5812 0.0000
v 27.3782 20.6812 3.0000
v 27.2282 20.6812 3.0000
v 27.2282 19.5812 3.0000
v 27.3782 19.5812 3.0000
v 27.3032 23.7986 0.0000
v 27.3032 23.9486 0.0000
v 25.9432 23.9486 0.0000
v 25.9432 23.7986 0.0000
v 27.3032 23.7986 3.0000
v 27.3032 23.9486 3.0000
v 25.9432 23.9486 3.0000
v 25.9432 23.7986 3.0000
v 26.0182 23.8736 0.0000
v 25.8682 23.8736 0.0000
v 25.8682 23.8136 0.0000
v 26.0182 23.8136 0.0000
v 26.0182 23.8736 3.0000
v 25.8682 23.8736 3.0000
v 25.8682 23.8136 3.0000
v 26.0182 23.8136 3.0000
v 26.0182 23.8136 0.0000
v 25.8682 23.8136 0.0000
v 25.8682 23.5636 0.0000
v 26.0182 23.5636 0.0000
v 26.0182 23.8136 3.0000
v 25.8682 23.8136 3.0000
v 25.8682 23.5636 3.0000
v 26.0182 23.5636 3.0000
v 25.9432 23.6386 0.0000
v 25.9432 23.4886 0.0000
v 26.0032 23.4886 0.0000
v 26.0032 23.6386 0.0000
v 25.9432 23.6386 3.0000
v 25.9432 23.4886 3.0000
v 26.0032 23.4886 3.0000
v 26.0032 23.6386 3.0000
v 25.9282 23.5636 0.0000
v 26.0782 23.5636 0.0000
v 26.0782 23.8136 0.0000
v 25.9282 23.8136 0.0000
v 25.9282 23.5636 3.0000
v 26.0782 23.5636 3.0000
v 26.0782 23.8136 3.0000
v 25.9282 23.8136 3.0000
v 26.0032 23.8886 0.0000
v 26.0032 23.7386 0.0000
v 27.3032 23.7386 0.0000
v 27.3032 23.8886 0.0000
v 26.0032 23.8886 3.0000
v 26.0032 23.7386 3.0000
v 27.3032 23.7386 3.0000
v 27.3032 23.8886 3.0000
v 27.3032 22.9386 0.0000
v 27.3032 23.0886 0.0000
v 25.9432 23.0886 0.0000
v 25.9432 22.9386 0.0000
v 27.3032 22.9386 3.0000
v 27.3032 23.0886 3.0000
v 25.9432 23.0886 3.0000
v 25.9432 22.9386 3.0000
v 26.0182 23.0136 0.0000
v 25.8682 23.0136 0.0000
v 25.8682 22.9536 0.0000
v 26.0182 22.9536 0.0000
v 26.0182 23.0136 3.0000
v 25.8682 23.0136 3.0000
v 25.8682 22.9536 3.0000
v 26.0182 22.9536 3.0000
v 26.0182 22.9536 0.0000
v 25.8682 22.9536 0.0000
v 25.8682 22.7036 0.0000
v 26.0182 22.7036 0.0000
v 26.0182 22.9536 3.0000
v 25.8682 22.9536 3.0000
v 25.8682 22.7036 3.0000
v 26.0182 22.7036 3.0000
v 25.9432 22.7786 0.0000
v 25.9432 22.6286 0.0000
v 26.0032 22.6286 0.0000
v 26.0032 22.7786 0.0000
v 25.9432 22.7786 3.0000
v 25.9432 22.6286 3.0000
v 26.0032 22.6286 3.0000
v 26.0032 22.7786 3.0000
v 25.9282 22.7036 0.0000
v 26.0782 22.7036 0.0000
v 26.0782 22.9536 0.0000
v 25.9282 22.9536 0.0000
v 25.9282 22.7036 3.0000
v 26.0782 22.7036 3.0000
v 26.0782 22.9536 3.0000
v 25.9282 22.9536 3.0000
v 26.0032 23.0286 0.0000
v 26.0032 22.8786 0.0000
v 27.3032 22.8786 0.0000
v 27.3032 23.0286 0.0000
v 26.0032 23.0286 3.0000
v 26.0032 22.8786 3.0000
v 27.3032 22.8786 3.0000
v 27.3032 23.0286 3.0000
v 27.3032 22.0786 0.0000
v 27.3032 22.2286 0.0000
v 25.9432 22.2286 0.0000
v 25.9432 22.0786 0.0000
v 27.3032 22.0786 3.0000
v 27.3032 22.2286 3.0000
v 25.9432 22.2286 3.0000
v 25.9432 22.0786 3.0000
v 26.0182 22.1536 0.0000
v 25.8682 22.1536 0.0000
v 25.8682 22.0936 0.0000
v 26.0182 22.0936 0.0000
v 26.0182 22.1536 3.0000
v 25.8682 22.1536 3.0000
v 25.8682 22.0936 3.0000
v 26.0182 22.0936 3.0000
v 25.9432 22.1686 0.0000
v 25.9432 22.0186 0.0000
v 26.0032 22.0186 0.0000
v 26.0032 22.1686 0.0000
v 25.9432 22.1686 3.0000
v 25.9432 22.0186 3.0000
v 26.0032 22.0186 3.0000
v 26.0032 22.1686 3.0000
v 26.0032 22.1686 0.0000
v 26.0032 22.0186 0.0000
v 27.3032 22.0186 0.0000
v 27.3032 22.1686 0.0000
v 26.0032 22.1686 3.0000
v 26.0032 22.0186 3.0000
v 27.3032 22.0186 3.0000
v 27.3032 22.1686 3.0000
v 27.3032 24.6586 0.0000
v 27.3032 24.8086 0.0000
v 25.9432 24.8086 0.0000
v 25.9432 24.6586 0.0000
v 27.3032 24.6586 3.0000
v 27.3032 24.8086 3.0000
v 25.9432 24.8086 3.0000
v 25.9432 24.6586 3.0000
v 26.0182 24.7336 0.0000
v 25.8682 24.7336 0.0000
v 25.8682 24.6736 0.0000
v 26.0182 24.6736 0.0000
v 26.0182 24.7336 3.0000
v 25.8682 24.7336 3.0000
v 25.8682 24.6736 3.0000
v 26.0182 24.6736 3.0000
v 26.0182 24.6736 0.0000
v 25.8682 24.6736 0.0000
v 25.8682 24.4236 0.0000
v 26.0182 24.4236 0.0000
v 26.0182 24.6736 3.0000
v 25.8682 24.6736 3.0000
v 25.8682 24.4236 3.0000
v 26.0182 24.4236 3.0000
v 25.9432 24.4986 0.0000
v 25.9432 24.3486 0.0000
v 26.0032 24.3486 0.0000
v 26.0032 24.4986 0.0000
v 25.9432 24.4986 3.0000
v 25.9432 24.3486 3.0000
v 26.0032 24.3486 3.0000
v 26.0032 24.4986 3.0000
v 25.9282 24.4236 0.0000
v 26.0782 24.4236 0.0000
v 26.0782 24.6736 0.0000
v 25.9282 24.6736 0.0000
v 25.9282 24.4236 3.0000
v 26.0782 24.4236 3.0000
v 26.0782 24.6736 3.0000
v 25.9282 24.6736 3.0000
v 26.0032 24.7486 0.0000
v 26.0032 24.5986 0.0000
v 27.3032 24.5986 0.0000
v 27.3032 24.7486 0.0000
v 26.0032 24.7486 3.0000
v 26.0032 24.5986 3.0000
v 27.3032 24.5986 3.0000
v 27.3032 24.7486 3.0000
v 26.0032 25.2086 0.0000
v 26.0032 25.3586 0.0000
v 25.9432 25.3586 0.0000
v 25.9432 25.2086 0.0000
v 26.0032 25.2086 3.0000
v 26.0032 25.3586 3.0000
v 25.9432 25.3586 3.0000
v 25.9432 25.2086 3.0000
v 25.8682 25.2836 0.0000
v 26.0182 25.2836 0.0000
v 26.0182 25.8352 0.0000
v 25.8682 25.8352 0.0000
v 25.8682 25.2836 3.0000
v 26.0182 25.2836 3.0000
v 26.0182 25.8352 3.0000
v 25.8682 25.8352 3.0000
v 25.9282 25.2836 0.0000
v 26.0782 25.2836 0.0000
v 26.0782 25.8352 0.0000
v 25.9282 25.8352 0.0000
v 25.9282 25.2836 3.0000
v 26.0782 25.2836 3.0000
v 26.0782 25.8352 3.0000
v 25.9282 25.8352 3.0000
v 30.6348 20.6062 0.0000
v 30.6348 20.7562 0.0000
v 30.4848 20.7562 0.0000
v 30.4848 20.6062 0.0000
v 30.6348 20.6062 3.0000
v 30.6348 20.7562 3.0000
v 30.4848 20.7562 3.0000
v 30.4848 20.6062 3.0000
v 30.5598 19.5812 0.0000
v 30.7098 19.5812 0.0000
v 30.7098 20.6812 0.0000
v 30.5598 20.6812 0.0000
v 30.5598 19.5812 3.0000
v 30.7098 19.5812 3.0000
v 30.7098 20.6812 3.0000
v 30.5598 20.6812 3.0000
v 30.9891 23.9486 0.0000
v 30.9891 23.7986 0.0000
v 32.3491 23.7986 0.0000
v 32.3491 23.9486 0.0000
v 30.9891 23.9486 3.0000
v 30.9891 23.7986 3.0000
v 32.3491 23.7986 3.0000
v 32.3491 23.9486 3.0000
v 32.4241 23.8736 0.0000
v 32.2741 23.8736 0.0000
v 32.2741 23.8136 0.0000
v 32.4241 23.8136 0.0000
v 32.4241 23.8736 3.0000
v 32.2741 23.8736 3.0000
v 32.2741 23.8136 3.0000
v 32.4241 23.8136 3.0000
v 32.4241 23.8136 0.0000
v 32.2741 23.8136 0.0000
v 32.2741 23.5636 0.0000
v 32.4241 23.5636 0.0000
v 32.4241 23.8136 3.0000
v 32.2741 23.8136 3.0000
v 32.2741 23.5636 3.0000
v 32.4241 23.5636 3.0000
v 32.3491 23.4886 0.0000
v 32.3491 23.6386 0.0000
v 32.2891 23.6386 0.0000
v 32.2891 23.4886 0.0000
v 32.3491 23.4886 3.0000
v 32.3491 23.6386 3.0000
v 32.2891 23.6386 3.0000
v 32.2891 23.4886 3.0000
v 32.2141 23.5636 0.0000
v 32.3641 23.5636 0.0000
v 32.3641 23.8136 0.0000
v 32.2141 23.8136 0.0000
v 32.2141 23.5636 3.0000
v 32.3641 23.5636 3.0000
v 32.3641 23.8136 3.0000
v 32.2141 23.8136 3.0000
v 32.2891 23.7386 0.0000
v 32.2891 23.8886 0.0000
v 30.9891 23.8886 0.0000
v 30.9891 23.7386 0.0000
v 32.2891 23.7386 3.0000
v 32.2891 23.8886 3.0000
v 30.9891 23.8886 3.0000
v 30.9891 23.7386 3.0000
v 30.9891 24.8086 0.0000
v 30.9891 24.6586 0.0000
v 32.3491 24.6586 0.0000
v 32.3491 24.8086 0.0000
v 30.9891 24.8086 3.0000
v 30.9891 24.6586 3.0000
v 32.3491 24.6586 3.0000
v 32.3491 24.8086 3.0000
v 32.4241 24.7336 0.0000
v 32.2741 24.7336 0.0000
v 32.2741 24.6736 0.0000
v 32.4241 24.6736 0.0000
v 32.4241 24.7336 3.0000
v 32.2741 24.7336 3.0000
v 32.2741 24.6736 3.0000
v 32.4241 24.6736 3.0000
v 32.4241 24.6736 0.0000
v 32.2741 24.6736 0.0000
v 32.2741 24.4236 0.0000
v 32.4241 24.4236 0.0000
v 32.4241 24.6736 3.0000
v 32.2741 24.6736 3.0000
v 32.2741 24.4236 3.0000
v 32.4241 24.4236 3.0000
v 32.3491 24.3486 0.0000
v 32.3491 24.4986 0.0000
v 32.2891 24.4986 0.0000
v 32.2891 24.3486 0.0000
v 32.3491 24.3486 3.0000
v 32.3491 24.4986 3.0000
v 32.2891 24.4986 3.0000
v 32.2891 24.3486 3.0000
v 32.2141 24.4236 0.0000
v 32.3641 24.4236 0.0000
v 32.3641 24.6736 0.0000
v 32.2141 24.6736 0.0000
v 32.2141 24.4236 3.0000
v 32.3641 24.4236 3.0000
v 32.3641 24.6736 3.0000
v 32.2141 24.6736 3.0000
v 32.2891 24.5986 0.0000
v 32.2891 24.7486 0.0000
v 30.9891 24.7486 0.0000
v 30.9891 24.5986 0.0000
v 32.2891 24.5986 3.0000
v 32.2891 24.7486 3.0000
v 30.9891 24.7486 3.0000
v 30.9891 24.5986 3.0000
v 32.2891 25.3586 0.0000
v 32.2891 25.2086 0.0000
v 32.3491 25.2086 0.0000
v 32.3491 25.3586 0.0000
v 32.2891 25.3586 3.0000
v 32.2891 25.2086 3.0000
v 32.3491 25.2086 3.0000
v 32.3491 25.3586 3.0000
v 32.2741 25.2836 0.0000
v 32.4241 25.2836 0.0000
v 32.4241 25.8352 0.0000
v 32.2741 25.8352 0.0000
v 32.2741 25.2836 3.0000
v 32.4241 25.2836 3.0000
v 32.4241 25.8352 3.0000
v 32.2741 25.8352 3.0000
v 32.2141 25.2836 0.0000
v 32.3641 25.2836 0.0000
v 32.3641 25.8352 0.0000
v 32.2141 25.8352 0.0000
v 32.2141 25.2836 3.0000
v 32.3641 25.2836 3.0000
v 32.3641 25.8352 3.0000
v 32.2141 25.8352 3.0000
v 34.4698 23.0179 0.0000
v 34.3198 23.0179 0.0000
v 34.3198 22.9579 0.0000
v 34.4698 22.9579 0.0000
v 34.4698 23.0179 3.0000
v 34.3198 23.0179 3.0000
v 34.3198 22.9579 3.0000
v 34.4698 22.9579 3.0000
v 34.3949 22.8829 0.0000
v 34.3948 23.0329 0.0000
v 33.7490 23.0326 0.0000
v 33.7491 22.8826 0.0000
v 34.3949 22.8829 3.0000
v 34.3948 23.0329 3.0000
v 33.7490 23.0326 3.0000
v 33.7491 22.8826 3.0000
v 33.6741 22.9576 0.0000
v 33.8241 22.9576 0.0000
v 33.8241 23.0176 0.0000
v 33.6741 23.0176 0.0000
v 33.6741 22.9576 3.0000
v 33.8241 22.9576 3.0000
v 33.8241 23.0176 3.0000
v 33.6741 23.0176 3.0000
v 33.7490 23.0926 0.0000
v 33.7491 22.9426 0.0000
v 34.3949 22.9429 0.0000
v 34.3948 23.0929 0.0000
v 33.7490 23.0926 3.0000
v 33.7491 22.9426 3.0000
v 34.3949 22.9429 3.0000
v 34.3948 23.0929 3.0000
v 34.4698 23.9697 0.0000
v 34.3198 23.9697 0.0000
v 34.3198 23.9097 0.0000
v 34.4698 23.9097 0.0000
v 34.4698 23.9697 3.0000
v 34.3198 23.9697 3.0000
v 34.3198 23.9097 3.0000
v 34.4698 23.9097 3.0000
v 34.3948 23.8347 0.0000
v 34.3948 23.9847 0.0000
v 33.7491 23.9847 0.0000
v 33.7491 23.8347 0.0000
v 34.3948 23.8347 3.0000
v 34.3948 23.9847 3.0000
v 33.7491 23.9847 3.0000
v 33.7491 23.8347 3.0000
v 33.6741 23.9097 0.0000
v 33.8241 23.9097 0.0000
v 33.8241 23.9697 0.0000
v 33.6741 23.9697 0.0000
v 33.6741 23.9097 3.0000
v 33.8241 23.9097 3.0000
v 33.8241 23.9697 3.0000
v 33.6741 23.9697 3.0000
v 33.7491 24.0447 0.0000
v 33.7491 23.8947 0.0000
v 34.3948 23.8947 0.0000
v 34.3948 24.0447 0.0000
v 33.7491 24.0447 3.0000
v 33.7491 23.8947 3.0000
v 34.3948 23.8947 3.0000
v 34.3948 24.0447 3.0000
v 34.4698 24.7527 0.0000
v 34.3198 24.7527 0.0000
v 34.3198 24.6927 0.0000
v 34.4698 24.6927 0.0000
v 34.4698 24.7527 3.0000
v 34.3198 24.7527 3.0000
v 34.3198 24.6927 3.0000
v 34.4698 24.6927 3.0000
v 34.3948 24.6177 0.0000
v 34.3948 24.7677 0.0000
v 33.7491 24.7677 0.0000
v 33.7491 24.6177 0.0000
v 34.3948 24.6177 3.0000
v 34.3948 24.7677 3.0000
v 33.7491 24.7677 3.0000
v 33.7491 24.6177 3.0000
v 33.6741 24.6927 0.0000
v 33.8241 24.6927 0.0000
v 33.8241 24.7527 0.0000
v 33.6741 24.7527 0.0000
v 33.6741 24.6927 3.0000
v 33.8241 24.6927 3.0000
v 33.8241 24.7527 3.0000
v 33.6741 24.7527 3.0000
v 33.7491 24.8277 0.0000
v 33.7491 24.6777 0.0000
v 34.3948 24.6777 0.0000
v 34.3948 24.8277 0.0000
v 33.7491 24.8277 3.0000
v 33.7491 24.6777 3.0000
v 34.3948 24.6777 3.0000
v 34.3948 24.8277 3.0000
v 30.9891 22.2286 0.0000
v 30.9891 22.0786 0.0000
v 32.3491 22.0786 0.0000
v 32.3491 22.2286 0.0000
v 30.9891 22.2286 3.0000
v 30.9891 22.0786 3.0000
v 32.3491 22.0786 3.0000
v 32.3491 22.2286 3.0000
v 32.4241 22.1536 0.0000
v 32.2741 22.1536 0.0000
v 32.2741 22.0936 0.0000
v 32.4241 22.0936 0.0000
v 32.4241 22.1536 3.0000
v 32.2741 22.1536 3.0000
v 32.2741 22.0936 3.0000
v 32.4241 22.0936 3.0000
v 32.3491 22.0186 0.0000
v 32.3491 22.1686 0.0000
v 32.2891 22.1686 0.0000
v 32.2891 22.0186 0.0000
v 32.3491 22.0186 3.0000
v 32.3491 22.1686 3.0000
v 32.2891 22.1686 3.0000
v 32.2891 22.0186 3.0000
v 32.2891 22.0186 0.0000
v 32.2891 22.1686 0.0000
v 30.9891 22.1686 0.0000
v 30.9891 22.0186 0.0000
v 32.2891 22.0186 3.0000
v 32.2891 22.1686 3.0000
v 30.9891 22.1686 3.0000
v 30.9891 22.0186 3.0000
v 30.9891 23.0886 0.0000
v 30.9891 22.9386 0.0000
v 32.3491 22.9386 0.0000
v 32.3491 23.0886 0.0000
v 30.9891 23.0886 3.0000
v 30.9891 22.9386 3.0000
v 32.3491 22.9386 3.0000
v 32.3491 23.0886 3.0000
v 32.4241 23.0136 0.0000
v 32.2741 23.0136 0.0000
v 32.2741 22.9536 0.0000
v 32.4241 22.9536 0.0000
v 32.4241 23.0136 3.0000
v 32.2741 23.0136 3.0000
v 32.2741 22.9536 3.0000
v 32.4241 22.9536 3.0000
v 32.4241 22.9536 0.0000
v 32.2741 22.9536 0.0000
v 32.2741 22.7036 0.0000
v 32.4241 22.7036 0.0000
v 32.4241 22.9536 3.0000
v 32.2741 22.9536 3.0000
v 32.2741 22.7036 3.0000
v 32.4241 22.7036 3.0000
v 32.3491 22.6286 0.0000
v 32.3491 22.7786 0.0000
v 32.2891 22.7786 0.0000
v 32.2891 22.6286 0.0000
v 32.3491 22.6286 3.0000
v 32.3491 22.7786 3.0000
v 32.2891 22.7786 3.0000
v 32.2891 22.6286 3.0000
v 32.2141 22.7036 0.0000
v 32.3641 22.7036 0.0000
v 32.3641 22.9536 0.0000
v 32.2141 22.9536 0.0000
v 32.2141 22.7036 3.0000
v 32.3641 22.7036 3.0000
v 32.3641 22.9536 3.0000
v 32.2141 22.9536 3.0000
v 32.2891 22.8786 0.0000
v 32.2891 23.0286 0.0000
v 30.9891 23.0286 0.0000
v 30.9891 22.8786 0.0000
v 32.2891 22.8786 3.0000
v 32.2891 23.0286 3.0000
v 30.9891 23.0286 3.0000
v 30.9891 22.8786 3.0000
v 30.5598 20.6812 0.0000
v 30.4098 20.6812 0.0000
v 30.4098 19.4312 0.0000
v 30.5598 19.4312 0.0000
v 30.5598 20.6812 3.0000
v 30.4098 20.6812 3.0000
v 30.4098 19.4312 3.0000
v 30.5598 19.4312 3.0000
v 36.2198 19.4312 0.0000
v 36.0698 19.4312 0.0000
v 36.0698 16.9719 0.0000
v 36.2198 16.9719 0.0000
v 36.2198 19.4312 3.0000
v 36.0698 19.4312 3.0000
v 36.0698 16.9719 3.0000
v 36.2198 16.9719 3.0000
v 36.3698 19.5812 0.0000
v 36.2198 19.5812 0.0000
v 36.2198 16.8219 0.0000
v 36.3698 16.8219 0.0000
v 36.3698 19.5812 3.0000
v 36.2198 19.5812 3.0000
v 36.2198 16.8219 3.0000
v 36.3698 16.8219 3.0000
v 34.5448 19.6562 0.0000
v 34.5448 19.5062 0.0000
v 36.2948 19.5062 0.0000
v 36.2948 19.6562 0.0000
v 34.5448 19.6562 3.0000
v 34.5448 19.5062 3.0000
v 36.2948 19.5062 3.0000
v 36.2948 19.6562 3.0000
v 34.5448 19.5062 0.0000
v 34.5448 19.3562 0.0000
v 35.1448 19.3562 0.0000
v 35.1448 19.5062 0.0000
v 34.5448 19.5062 3.0000
v 34.5448 19.3562 3.0000
v 35.1448 19.3562 3.0000
v 35.1448 19.5062 3.0000
v 35.2948 19.5062 0.0000
v 35.2948 19.3562 0.0000
v 36.1448 19.3562 0.0000
v 36.1448 19.5062 0.0000
v 35.2948 19.5062 3.0000
v 35.2948 19.3562 3.0000
v 36.1448 19.3562 3.0000
v 36.1448 19.5062 3.0000
v 34.5448 18.9062 0.0000
v 34.5448 18.7562 0.0000
v 35.1448 18.7562 0.0000
v 35.1448 18.9062 0.0000
v 34.5448 18.9062 3.0000
v 34.5448 18.7562 3.0000
v 35.1448 18.7562 3.0000
v 35.1448 18.9062 3.0000
v 34.5448 18.7562 0.0000
v 34.5448 18.6062 0.0000
v 35.2948 18.6062 0.0000
v 35.2948 18.7562 0.0000
v 34.5448 18.7562 3.0000
v 34.5448 18.6062 3.0000
v 35.2948 18.6062 3.0000
v 35.2948 18.7562 3.0000
v 98.9493 16.7469 0.0000
v 98.9493 16.8969 0.0000
v 98.3693 16.8969 0.0000
v 98.3693 16.7469 0.0000
v 98.9493 16.7469 3.0000
v 98.9493 16.8969 3.0000
v 98.3693 16.8969 3.0000
v 98.3693 16.7469 3.0000
v 98.2943 16.8219 0.0000
v 98.4443 16.8219 0.0000
v 98.4443 16.9719 0.0000
v 98.2943 16.9719 0.0000
v 98.2943 16.8219 3.0000
v 98.4443 16.8219 3.0000
v 98.4443 16.9719 3.0000
v 98.2943 16.9719 3.0000
v 98.3693 17.0469 0.0000
v 98.3693 16.8969 0.0000
v 101.4293 16.8969 0.0000
v 101.4293 17.0469 0.0000
v 98.3693 17.0469 3.0000
v 98.3693 16.8969 3.0000
v 101.4293 16.8969 3.0000
v 101.4293 17.0469 3.0000
v 98.0193 19.5062 0.0000
v 98.0193 19.3562 0.0000
v 101.4251 19.3562 0.0000
v 101.4251 19.5062 0.0000
v 98.0193 19.5062 3.0000
v 98.0193 19.3562 3.0000
v 101.4251 19.3562 3.0000
v 101.4251 19.5062 3.0000
v 101.0193 19.5062 0.0000
v 101.0193 19.6562 0.0000
v 100.8749 19.6562 0.0000
v 100.8749 19.5062 0.0000
v 101.0193 19.5062 3.0000
v 101.0193 19.6562 3.0000
v 100.8749 19.6562 3.0000
v 100.8749 19.5062 3.0000
v 100.8749 19.5062 0.0000
v 100.8749 19.6562 0.0000
v 98.0193 19.6562 0.0000
v 98.0193 19.5062 0.0000
v 100.8749 19.5062 3.0000
v 100.8749 19.6562 3.0000
v 98.0193 19.6562 3.0000
v 98.0193 19.5062 3.0000
v 97.9443 19.5812 0.0000
v 98.0943 19.5812 0.0000
v 98.0943 19.9170 0.0000
v 97.9443 19.9170 0.0000
v 97.9443 19.5812 3.0000
v 98.0943 19.5812 3.0000
v 98.0943 19.9170 3.0000
v 97.9443 19.9170 3.0000
v 97.9443 19.9170 0.0000
v 97.7943 19.9170 0.0000
v 97.7943 19.5812 0.0000
v 97.9443 19.5812 0.0000
v 97.9443 19.9170 3.0000
v 97.7943 19.9170 3.0000
v 97.7943 19.5812 3.0000
v 97.9443 19.5812 3.0000
v 97.3443 19.4312 0.0000
v 97.1943 19.4312 0.0000
v 97.1943 18.8312 0.0000
v 97.3443 18.8312 0.0000
v 97.3443 19.4312 3.0000
v 97.1943 19.4312 3.0000
v 97.1943 18.8312 3.0000
v 97.3443 18.8312 3.0000
v 97.1943 19.4312 0.0000
v 97.0443 19.4312 0.0000
v 97.0443 18.6812 0.0000
v 97.1943 18.6812 0.0000
v 97.1943 19.4312 3.0000
v 97.0443 19.4312 3.0000
v 97.0443 18.6812 3.0000
v 97.1943 18.6812 3.0000
v 97.8693 17.3969 0.0000
v 97.8693 17.2469 0.0000
v 98.0193 17.2469 0.0000
v 98.0193 17.3969 0.0000
v 97.8693 17.3969 3.0000
v 97.8693 17.2469 3.0000
v 98.0193 17.2469 3.0000
v 98.0193 17.3969 3.0000
v 97.9443 17.3219 0.0000
v 98.0943 17.3219 0.0000
v 98.0943 18.6812 0.0000
v 97.9443 18.6812 0.0000
v 97.9443 17.3219 3.0000
v 98.0943 17.3219 3.0000
v 98.0943 18.6812 3.0000
v 97.9443 18.6812 3.0000
v 105.5227 19.5062 0.0000
v 105.5227 19.3562 0.0000
v 105.8609 19.3562 0.0000
v 105.8609 19.5062 0.0000
v 105.5227 19.5062 3.0000
v 105.5227 19.3562 3.0000
v 105.8609 19.3562 3.0000
v 105.8609 19.5062 3.0000
v 104.9609 18.4064 0.0000
v 104.9609 18.2564 0.0000
v 105.9987 18.2564 0.0000
v 105.9987 18.4064 0.0000
v 104.9609 18.4064 3.0000
v 104.9609 18.2564 3.0000
v 105.9987 18.2564 3.0000
v 105.9987 18.4064 3.0000
v 108.7329 19.5062 0.0000
v 108.7329 19.6562 0.0000
v 106.7580 19.6562 0.0000
v 106.7580 19.5062 0.0000
v 108.7329 19.5062 3.0000
v 108.7329 19.6562 3.0000
v 106.7580 19.6562 3.0000
v 106.7580 19.5062 3.0000
v 106.7580 19.5062 0.0000
v 106.7580 19.6562 0.0000
v 106.6089 19.6562 0.0000
v 106.6089 19.5062 0.0000
v 106.7580 19.5062 3.0000
v 106.7580 19.6562 3.0000
v 106.6089 19.6562 3.0000
v 106.6089 19.5062 3.0000
v 106.6089 19.5062 0.0000
v 106.6089 19.6562 0.0000
v 105.1109 19.6562 0.0000
v 105.1109 19.5062 0.0000
v 106.6089 19.5062 3.0000
v 106.6089 19.6562 3.0000
v 105.1109 19.6562 3.0000
v 105.1109 19.5062 3.0000
v 105.1109 19.5062 0.0000
v 105.1109 19.3562 0.0000
v 105.5227 19.3562 0.0000
v 105.5227 19.5062 0.0000
v 105.1109 19.5062 3.0000
v 105.1109 19.3562 3.0000
v 105.5227 19.3562 3.0000
v 105.5227 19.5062 3.0000
v 108.6579 25.1494 0.0000
v 108.8079 25.1494 0.0000
v 108.8079 25.4852 0.0000
v 108.6579 25.4852 0.0000
v 108.6579 25.1494 3.0000
v 108.8079 25.1494 3.0000
v 108.8079 25.4852 3.0000
v 108.6579 25.4852 3.0000
v 108.7329 25.5602 0.0000
v 108.7329 25.4102 0.0000
v 108.8829 25.4102 0.0000
v 108.8829 25.5602 0.0000
v 108.7329 25.5602 3.0000
v 108.7329 25.4102 3.0000
v 108.8829 25.4102 3.0000
v 108.8829 25.5602 3.0000
v 98.0193 24.4420 0.0000
v 98.0193 24.5920 0.0000
v 97.8693 24.5920 0.0000
v 97.8693 24.4420 0.0000
v 98.0193 24.4420 3.0000
v 98.0193 24.5920 3.0000
v 97.8693 24.5920 3.0000
v 97.8693 24.4420 3.0000
v 97.7943 24.5170 0.0000
v 97.9443 24.5170 0.0000
v 97.9443 25.4852 0.0000
v 97.7943 25.4852 0.0000
v 97.7943 24.5170 3.0000
v 97.9443 24.5170 3.0000
v 97.9443 25.4852 3.0000
v 97.7943 25.4852 3.0000
v 97.8693 25.5602 0.0000
v 97.8693 25.4102 0.0000
v 98.0193 25.4102 0.0000
v 98.0193 25.5602 0.0000
v 97.8693 25.5602 3.0000
v 97.8693 25.4102 3.0000
v 98.0193 25.4102 3.0000
v 98.0193 25.5602 3.0000
v 98.0943 25.4852 0.0000
v 97.9443 25.4852 0.0000
v 97.9443 24.5170 0.0000
v 98.0943 24.5170 0.0000
v 98.0943 25.4852 3.0000
v 97.9443 25.4852 3.0000
v 97.9443 24.5170 3.0000
v 98.0943 24.5170 3.0000
v 97.8693 24.5920 0.0000
v 97.8693 24.4420 0.0000
v 98.0193 24.4420 0.0000
v 98.0193 24.5920 0.0000
v 97.8693 24.5920 3.0000
v 97.8693 24.4420 3.0000
v 98.0193 24.4420 3.0000
v 98.0193 24.5920 3.0000
v 98.0943 24.5170 0.0000
v 97.9443 24.5170 0.0000
v 97.9443 19.9170 0.0000
v 98.0943 19.9170 0.0000
v 98.0943 24.5170 3.0000
v 97.9443 24.5170 3.0000
v 97.9443 19.9170 3.0000
v 98.0943 19.9170 3.0000
v 98.0193 19.8420 0.0000
v 98.0193 19.9920 0.0000
v 97.8693 19.9920 0.0000
v 97.8693 19.8420 0.0000
v 98.0193 19.8420 3.0000
v 98.0193 19.9920 3.0000
v 97.8693 19.9920 3.0000
v 97.8693 19.8420 3.0000
v 97.7943 19.9170 0.0000
v 97.9443 19.9170 0.0000
v 97.9443 24.5170 0.0000
v 97.7943 24.5170 0.0000
v 97.7943 19.9170 3.0000
v 97.9443 19.9170 3.0000
v 97.9443 24.5170 3.0000
v 97.7943 24.5170 3.0000
v 105.8609 16.8969 0.0000
v 105.8609 16.7469 0.0000
v 108.3829 16.7469 0.0000
v 108.3829 16.8969 0.0000
v 105.8609 16.8969 3.0000
v 105.8609 16.7469 3.0000
v 108.3829 16.7469 3.0000
v 108.3829 16.8969 3.0000
v 108.3079 16.8219 0.0000
v 108.4579 16.8219 0.0000
v 108.4579 16.9719 0.0000
v 108.3079 16.9719 0.0000
v 108.3079 16.8219 3.0000
v 108.4579 16.8219 3.0000
v 108.4579 16.9719 3.0000
v 108.3079 16.9719 3.0000
v 108.3829 16.8969 0.0000
v 108.3829 17.0469 0.0000
v 106.0110 17.0475 0.0000
v 106.0109 16.8975 0.0000
v 108.3829 16.8969 3.0000
v 108.3829 17.0469 3.0000
v 106.0110 17.0475 3.0000
v 106.0109 16.8975 3.0000
v 105.0359 20.6812 0.0000
v 104.8859 20.6812 0.0000
v 104.8859 19.5812 0.0000
v 105.0359 19.5812 0.0000
v 105.0359 20.6812 3.0000
v 104.8859 20.6812 3.0000
v 104.8859 19.5812 3.0000
v 105.0359 19.5812 3.0000
v 105.1859 20.6812 0.0000
v 105.0359 20.6812 0.0000
v 105.0359 19.5812 0.0000
v 105.1859 19.5812 0.0000
v 105.1859 20.6812 3.0000
v 105.0359 20.6812 3.0000
v 105.0359 19.5812 3.0000
v 105.1859 19.5812 3.0000
v 101.0193 19.6562 0.0000
v 101.0193 19.5062 0.0000
v 101.4251 19.5062 0.0000
v 101.4251 19.6562 0.0000
v 101.0193 19.6562 3.0000
v 101.0193 19.5062 3.0000
v 101.4251 19.5062 3.0000
v 101.4251 19.6562 3.0000
v 96.3443 19.4312 0.0000
v 96.1943 19.4312 0.0000
v 96.1943 16.9719 0.0000
v 96.3443 16.9719 0.0000
v 96.3443 19.4312 3.0000
v 96.1943 19.4312 3.0000
v 96.1943 16.9719 3.0000
v 96.3443 16.9719 3.0000
v 96.1943 19.5812 0.0000
v 96.0443 19.5812 0.0000
v 96.0443 16.8219 0.0000
v 96.1943 16.8219 0.0000
v 96.1943 19.5812 3.0000
v 96.0443 19.5812 3.0000
v 96.0443 16.8219 3.0000
v 96.1943 16.8219 3.0000
v 97.8693 19.5062 0.0000
v 97.8693 19.6562 0.0000
v 96.1193 19.6562 0.0000
v 96.1193 19.5062 0.0000
v 97.8693 19.5062 3.0000
v 97.8693 19.6562 3.0000
v 96.1193 19.6562 3.0000
v 96.1193 19.5062 3.0000
v 97.8693 19.3562 0.0000
v 97.8693 19.5062 0.0000
v 97.2693 19.5062 0.0000
v 97.2693 19.3562 0.0000
v 97.8693 19.3562 3.0000
v 97.8693 19.5062 3.0000
v 97.2693 19.5062 3.0000
v 97.2693 19.3562 3.0000
v 97.1193 19.3562 0.0000
v 97.1193 19.5062 0.0000
v 96.2693 19.5062 0.0000
v 96.2693 19.3562 0.0000
v 97.1193 19.3562 3.0000
v 97.1193 19.5062 3.0000
v 96.2693 19.5062 3.0000
v 96.2693 19.3562 3.0000
v 97.8693 18.7562 0.0000
v 97.8693 18.9062 0.0000
v 97.2693 18.9062 0.0000
v 97.2693 18.7562 0.0000
v 97.8693 18.7562 3.0000
v 97.8693 18.9062 3.0000
v 97.2693 18.9062 3.0000
v 97.2693 18.7562 3.0000
v 97.8693 18.6062 0.0000
v 97.8693 18.7562 0.0000
v 97.1193 18.7562 0.0000
v 97.1193 18.6062 0.0000
v 97.8693 18.6062 3.0000
v 97.8693 18.7562 3.0000
v 97.1193 18.7562 3.0000
v 97.1193 18.6062 3.0000
v 101.4293 16.7469 0.0000
v 101.4293 16.8969 0.0000
v 98.3693 16.8969 0.0000
v 98.3693 16.7469 0.0000
v 101.4293 16.7469 3.0000
v 101.4293 16.8969 3.0000
v 98.3693 16.8969 3.0000
v 98.3693 16.7469 3.0000
v 98.2943 16.8219 0.0000
v 98.4443 16.8219 0.0000
v 98.4443 16.9719 0.0000
v 98.2943 16.9719 0.0000
v 98.2943 16.8219 3.0000
v 98.4443 16.8219 3.0000
v 98.4443 16.9719 3.0000
v 98.2943 16.9719 3.0000
v 98.3693 17.0469 0.0000
v 98.3693 16.8969 0.0000
v 101.4293 16.8969 0.0000
v 101.4293 17.0469 0.0000
v 98.3693 17.0469 3.0000
v 98.3693 16.8969 3.0000
v 101.4293 16.8969 3.0000
v 101.4293 17.0469 3.0000
v 98.0193 19.5062 0.0000
v 98.0193 19.3562 0.0000
v 101.9292 19.3562 0.0000
v 101.9292 19.5062 0.0000
v 98.0193 19.5062 3.0000
v 98.0193 19.3562 3.0000
v 101.9292 19.3562 3.0000
v 101.9292 19.5062 3.0000
v 101.0193 19.5062 0.0000
v 101.0193 19.6562 0.0000
v 100.8749 19.6562 0.0000
v 100.8749 19.5062 0.0000
v 101.0193 19.5062 3.0000
v 101.0193 19.6562 3.0000
v 100.8749 19.6562 3.0000
v 100.8749 19.5062 3.0000
v 100.8749 19.5062 0.0000
v 100.8749 19.6562 0.0000
v 98.0193 19.6562 0.0000
v 98.0193 19.5062 0.0000
v 100.8749 19.5062 3.0000
v 100.8749 19.6562 3.0000
v 98.0193 19.6562 3.0000
v 98.0193 19.5062 3.0000
v 97.9443 19.5812 0.0000
v 98.0943 19.5812 0.0000
v 98.0943 19.9170 0.0000
v 97.9443 19.9170 0.0000
v 97.9443 19.5812 3.0000
v 98.0943 19.5812 3.0000
v 98.0943 19.9170 3.0000
v 97.9443 19.9170 3.0000
v 97.9443 19.9170 0.0000
v 97.7943 19.9170 0.0000
v 97.7943 19.5812 0.0000
v 97.9443 19.5812 0.0000
v 97.9443 19.9170 3.0000
v 97.7943 19.9170 3.0000
v 97.7943 19.5812 3.0000
v 97.9443 19.5812 3.0000
v 97.3443 19.4312 0.0000
v 97.1943 19.4312 0.0000
v 97.1943 18.8312 0.0000
v 97.3443 18.8312 0.0000
v 97.3443 19.4312 3.0000
v 97.1943 19.4312 3.0000
v 97.1943 18.8312 3.0000
v 97.3443 18.8312 3.0000
v 97.1943 19.4312 0.0000
v 97.0443 19.4312 0.0000
v 97.0443 18.6812 0.0000
v 97.1943 18.6812 0.0000
v 97.1943 19.4312 3.0000
v 97.0443 19.4312 3.0000
v 97.0443 18.6812 3.0000
v 97.1943 18.6812 3.0000
v 97.8693 17.3969 0.0000
v 97.8693 17.2469 0.0000
v 98.0193 17.2469 0.0000
v 98.0193 17.3969 0.0000
v 97.8693 17.3969 3.0000
v 97.8693 17.2469 3.0000
v 98.0193 17.2469 3.0000
v 98.0193 17.3969 3.0000
v 97.9443 17.3219 0.0000
v 98.0943 17.3219 0.0000
v 98.0943 18.6812 0.0000
v 97.9443 18.6812 0.0000
v 97.9443 17.3219 3.0000
v 98.0943 17.3219 3.0000
v 98.0943 18.6812 3.0000
v 97.9443 18.6812 3.0000
v 105.5227 19.5062 0.0000
v 105.5227 19.3562 0.0000
v 105.8609 19.3562 0.0000
v 105.8609 19.5062 0.0000
v 105.5227 19.5062 3.0000
v 105.5227 19.3562 3.0000
v 105.8609 19.3562 3.0000
v 105.8609 19.5062 3.0000
v 104.9609 18.4064 0.0000
v 104.9609 18.2564 0.0000
v 105.9987 18.2564 0.0000
v 105.9987 18.4064 0.0000
v 104.9609 18.4064 3.0000
v 104.9609 18.2564 3.0000
v 105.9987 18.2564 3.0000
v 105.9987 18.4064 3.0000
v 105.8609 17.4116 0.0000
v 105.8609 17.2616 0.0000
v 106.0109 17.2616 0.0000
v 106.0109 17.4116 0.0000
v 105.8609 17.4116 3.0000
v 105.8609 17.2616 3.0000
v 106.0109 17.2616 3.0000
v 106.0109 17.4116 3.0000
v 108.7329 19.5062 0.0000
v 108.7329 19.6562 0.0000
v 106.7580 19.6562 0.0000
v 106.7580 19.5062 0.0000
v 108.7329 19.5062 3.0000
v 108.7329 19.6562 3.0000
v 106.7580 19.6562 3.0000
v 106.7580 19.5062 3.0000
v 106.7580 19.5062 0.0000
v 106.7580 19.6562 0.0000
v 106.6089 19.6562 0.0000
v 106.6089 19.5062 0.0000
v 106.7580 19.5062 3.0000
v 106.7580 19.6562 3.0000
v 106.6089 19.6562 3.0000
v 106.6089 19.5062 3.0000
v 106.6089 19.5062 0.0000
v 106.6089 19.6562 0.0000
v 105.1109 19.6562 0.0000
v 105.1109 19.5062 0.0000
v 106.6089 19.5062 3.0000
v 106.6089 19.6562 3.0000
v 105.1109 19.6562 3.0000
v 105.1109 19.5062 3.0000
v 105.1109 20.6062 0.0000
v 105.1109 20.7562 0.0000
v 104.9609 20.7562 0.0000
v 104.9609 20.6062 0.0000
v 105.1109 20.6062 3.0000
v 105.1109 20.7562 3.0000
v 104.9609 20.7562 3.0000
v 104.9609 20.6062 3.0000
v 105.1109 19.5062 0.0000
v 105.1109 19.3562 0.0000
v 105.5227 19.3562 0.0000
v 105.5227 19.5062 0.0000
v 105.1109 19.5062 3.0000
v 105.1109 19.3562 3.0000
v 105.5227 19.3562 3.0000
v 105.5227 19.5062 3.0000
v 108.6579 25.1494 0.0000
v 108.8079 25.1494 0.0000
v 108.8079 25.4852 0.0000
v 108.6579 25.4852 0.0000
v 108.6579 25.1494 3.0000
v 108.8079 25.1494 3.0000
v 108.8079 25.4852 3.0000
v 108.6579 25.4852 3.0000
v 108.7329 25.5602 0.0000
v 108.7329 25.4102 0.0000
v 108.8829 25.4102 0.0000
v 108.8829 25.5602 0.0000
v 108.7329 25.5602 3.0000
v 108.7329 25.4102 3.0000
v 108.8829 25.4102 3.0000
v 108.8829 25.5602 3.0000
v 98.0193 24.4420 0.0000
v 98.0193 24.5920 0.0000
v 97.8693 24.5920 0.0000
v 97.8693 24.4420 0.0000
v 98.0193 24.4420 3.0000
v 98.0193 24.5920 3.0000
v 97.8693 24.5920 3.0000
v 97.8693 24.4420 3.0000
v 97.7943 24.5170 0.0000
v 97.9443 24.5170 0.0000
v 97.9443 25.4852 0.0000
v 97.7943 25.4852 0.0000
v 97.7943 24.5170 3.0000
v 97.9443 24.5170 3.0000
v 97.9443 25.4852 3.0000
v 97.7943 25.4852 3.0000
v 97.8693 25.5602 0.0000
v 97.8693 25.4102 0.0000
v 98.0193 25.4102 0.0000
v 98.0193 25.5602 0.0000
v 97.8693 25.5602 3.0000
v 97.8693 25.4102 3.0000
v 98.0193 25.4102 3.0000
v 98.0193 25.5602 3.0000
v 98.0943 25.4852 0.0000
v 97.9443 25.4852 0.0000
v 97.9443 24.5170 0.0000
v 98.0943 24.5170 0.0000
v 98.0943 25.4852 3.0000
v 97.9443 25.4852 3.0000
v 97.9443 24.5170 3.0000
v 98.0943 24.5170 3.0000
v 108.9579 24.5324 0.0000
v 108.8079 24.5324 0.0000
v 108.8079 19.9324 0.0000
v 108.9579 19.9324 0.0000
v 108.9579 24.5324 3.0000
v 108.8079 24.5324 3.0000
v 108.8079 19.9324 3.0000
v 108.9579 19.9324 3.0000
v 108.8829 19.8574 0.0000
v 108.8829 20.0074 0.0000
v 108.7329 20.0074 0.0000
v 108.7329 19.8574 0.0000
v 108.8829 19.8574 3.0000
v 108.8829 20.0074 3.0000
v 108.7329 20.0074 3.0000
v 108.7329 19.8574 3.0000
v 108.6579 19.9324 0.0000
v 108.8079 19.9324 0.0000
v 108.8079 25.1352 0.0000
v 108.6579 25.1352 0.0000
v 108.6579 19.9324 3.0000
v 108.8079 19.9324 3.0000
v 108.8079 25.1352 3.0000
v 108.6579 25.1352 3.0000
v 97.8693 24.5920 0.0000
v 97.8693 24.4420 0.0000
v 98.0193 24.4420 0.0000
v 98.0193 24.5920 0.0000
v 97.8693 24.5920 3.0000
v 97.8693 24.4420 3.0000
v 98.0193 24.4420 3.0000
v 98.0193 24.5920 3.0000
v 98.0943 24.5170 0.0000
v 97.9443 24.5170 0.0000
v 97.9443 19.9170 0.0000
v 98.0943 19.9170 0.0000
v 98.0943 24.5170 3.0000
v 97.9443 24.5170 3.0000
v 97.9443 19.9170 3.0000
v 98.0943 19.9170 3.0000
v 98.0193 19.8420 0.0000
v 98.0193 19.9920 0.0000
v 97.8693 19.9920 0.0000
v 97.8693 19.8420 0.0000
v 98.0193 19.8420 3.0000
v 98.0193 19.9920 3.0000
v 97.8693 19.9920 3.0000
v 97.8693 19.8420 3.0000
v 97.7943 19.9170 0.0000
v 97.9443 19.9170 0.0000
v 97.9443 24.5170 0.0000
v 97.7943 24.5170 0.0000
v 97.7943 19.9170 3.0000
v 97.9443 19.9170 3.0000
v 97.9443 24.5170 3.0000
v 97.7943 24.5170 3.0000
v 105.0359 22.0936 0.0000
v 105.1859 22.0936 0.0000
v 105.1859 25.7452 0.0000
v 105.0359 25.7452 0.0000
v 105.0359 22.0936 3.0000
v 105.1859 22.0936 3.0000
v 105.1859 25.7452 3.0000
v 105.0359 25.7452 3.0000
v 105.0359 25.8352 0.0000
v 104.8859 25.8352 0.0000
v 104.8859 22.3336 0.0000
v 105.0359 22.3336 0.0000
v 105.0359 25.8352 3.0000
v 104.8859 25.8352 3.0000
v 104.8859 22.3336 3.0000
v 105.0359 22.3336 3.0000
v 101.5001 22.2436 0.0000
v 101.6501 22.2436 0.0000
v 101.6501 25.4852 0.0000
v 101.5001 25.4852 0.0000
v 101.5001 22.2436 3.0000
v 101.6501 22.2436 3.0000
v 101.6501 25.4852 3.0000
v 101.5001 25.4852 3.0000
v 101.5751 25.4102 0.0000
v 101.5751 25.5602 0.0000
v 101.4251 25.5602 0.0000
v 101.4251 25.4102 0.0000
v 101.5751 25.4102 3.0000
v 101.5751 25.5602 3.0000
v 101.4251 25.5602 3.0000
v 101.4251 25.4102 3.0000
v 101.5001 25.4852 0.0000
v 101.3501 25.4852 0.0000
v 101.3501 22.0936 0.0000
v 101.5001 22.0936 0.0000
v 101.5001 25.4852 3.0000
v 101.3501 25.4852 3.0000
v 101.3501 22.0936 3.0000
v 101.5001 22.0936 3.0000
v 101.4251 22.1686 0.0000
v 101.4251 22.0186 0.0000
v 101.5751 22.0186 0.0000
v 101.5751 22.1686 0.0000
v 101.4251 22.1686 3.0000
v 101.4251 22.0186 3.0000
v 101.5751 22.0186 3.0000
v 101.5751 22.1686 3.0000
v 101.5751 22.0186 0.0000
v 101.5751 22.1686 0.0000
v 101.5001 22.1686 0.0000
v 101.5001 22.0186 0.0000
v 101.5751 22.0186 3.0000
v 101.5751 22.1686 3.0000
v 101.5001 22.1686 3.0000
v 101.5001 22.0186 3.0000
v 101.5001 22.1686 0.0000
v 101.5001 22.0186 0.0000
v 101.5751 22.0186 0.0000
v 101.5751 22.1686 0.0000
v 101.5001 22.1686 3.0000
v 101.5001 22.0186 3.0000
v 101.5751 22.0186 3.0000
v 101.5751 22.1686 3.0000
v 105.8609 16.8969 0.0000
v 105.8609 16.7469 0.0000
v 108.3829 16.7469 0.0000
v 108.3829 16.8969 0.0000
v 105.8609 16.8969 3.0000
v 105.8609 16.7469 3.0000
v 108.3829 16.7469 3.0000
v 108.3829 16.8969 3.0000
v 108.3079 16.8219 0.0000
v 108.4579 16.8219 0.0000
v 108.4579 16.9719 0.0000
v 108.3079 16.9719 0.0000
v 108.3079 16.8219 3.0000
v 108.4579 16.8219 3.0000
v 108.4579 16.9719 3.0000
v 108.3079 16.9719 3.0000
v 108.3829 16.8969 0.0000
v 108.3829 17.0469 0.0000
v 106.0110 17.0475 0.0000
v 106.0109 16.8975 0.0000
v 108.3829 16.8969 3.0000
v 108.3829 17.0469 3.0000
v 106.0110 17.0475 3.0000
v 106.0109 16.8975 3.0000
v 102.8901 25.8352 0.0000
v 102.7401 25.8352 0.0000
v 102.7401 24.1252 0.0000
v 102.8901 24.1252 0.0000
v 102.8901 25.8352 3.0000
v 102.7401 25.8352 3.0000
v 102.7401 24.1252 3.0000
v 102.8901 24.1252 3.0000
v 103.0401 25.8352 0.0000
v 102.8901 25.8352 0.0000
v 102.8901 22.3336 0.0000
v 103.0401 22.3336 0.0000
v 103.0401 25.8352 3.0000
v 102.8901 25.8352 3.0000
v 102.8901 22.3336 3.0000
v 103.0401 22.3336 3.0000
v 102.1751 24.2002 0.0000
v 102.1751 24.0502 0.0000
v 102.8151 24.0502 0.0000
v 102.8151 24.2002 0.0000
v 102.1751 24.2002 3.0000
v 102.1751 24.0502 3.0000
v 102.8151 24.0502 3.0000
v 102.8151 24.2002 3.0000
v 102.1751 24.0502 0.0000
v 102.1751 23.9002 0.0000
v 102.8151 23.9002 0.0000
v 102.8151 24.0502 0.0000
v 102.1751 24.0502 3.0000
v 102.1751 23.9002 3.0000
v 102.8151 23.9002 3.0000
v 102.8151 24.0502 3.0000
v 102.8151 23.2894 0.0000
v 102.8151 23.4394 0.0000
v 102.3151 23.4394 0.0000
v 102.3151 23.2894 0.0000
v 102.8151 23.2894 3.0000
v 102.8151 23.4394 3.0000
v 102.3151 23.4394 3.0000
v 102.3151 23.2894 3.0000
v 102.8151 23.3394 0.0000
v 102.8151 23.4894 0.0000
v 102.3651 23.4894 0.0000
v 102.3651 23.3394 0.0000
v 102.8151 23.3394 3.0000
v 102.8151 23.4894 3.0000
v 102.3651 23.4894 3.0000
v 102.3651 23.3394 3.0000
v 102.3901 23.9752 0.0000
v 102.2401 23.9752 0.0000
v 102.2401 23.3644 0.0000
v 102.3901 23.3644 0.0000
v 102.3901 23.9752 3.0000
v 102.2401 23.9752 3.0000
v 102.2401 23.3644 3.0000
v 102.3901 23.3644 3.0000
v 102.4401 23.9752 0.0000
v 102.2901 23.9752 0.0000
v 102.2901 23.4144 0.0000
v 102.4401 23.4144 0.0000
v 102.4401 23.9752 3.0000
v 102.2901 23.9752 3.0000
v 102.2901 23.4144 3.0000
v 102.4401 23.4144 3.0000
v 102.2501 24.1252 0.0000
v 102.1001 24.1252 0.0000
v 102.1001 23.9752 0.0000
v 102.2501 23.9752 0.0000
v 102.2501 24.1252 3.0000
v 102.1001 24.1252 3.0000
v 102.1001 23.9752 3.0000
v 102.2501 23.9752 3.0000
v 105.0359 20.6812 0.0000
v 104.8859 20.6812 0.0000
v 104.8859 19.5812 0.0000
v 105.0359 19.5812 0.0000
v 105.0359 20.6812 3.0000
v 104.8859 20.6812 3.0000
v 104.8859 19.5812 3.0000
v 105.0359 19.5812 3.0000
v 105.1859 20.6812 0.0000
v 105.0359 20.6812 0.0000
v 105.0359 19.5812 0.0000
v 105.1859 19.5812 0.0000
v 105.1859 20.6812 3.0000
v 105.0359 20.6812 3.0000
v 105.0359 19.5812 3.0000
v 105.1859 19.5812 3.0000
v 105.1109 23.9486 0.0000
v 105.1109 23.7986 0.0000
v 106.4709 23.7986 0.0000
v 106.4709 23.9486 0.0000
v 105.1109 23.9486 3.0000
v 105.1109 23.7986 3.0000
v 106.4709 23.7986 3.0000
v 106.4709 23.9486 3.0000
v 106.5459 23.8736 0.0000
v 106.3959 23.8736 0.0000
v 106.3959 23.8136 0.0000
v 106.5459 23.8136 0.0000
v 106.5459 23.8736 3.0000
v 106.3959 23.8736 3.0000
v 106.3959 23.8136 3.0000
v 106.5459 23.8136 3.0000
v 106.5459 23.8136 0.0000
v 106.3959 23.8136 0.0000
v 106.3959 23.5636 0.0000
v 106.5459 23.5636 0.0000
v 106.5459 23.8136 3.0000
v 106.3959 23.8136 3.0000
v 106.3959 23.5636 3.0000
v 106.5459 23.5636 3.0000
v 106.4709 23.4886 0.0000
v 106.4709 23.6386 0.0000
v 106.4109 23.6386 0.0000
v 106.4109 23.4886 0.0000
v 106.4709 23.4886 3.0000
v 106.4709 23.6386 3.0000
v 106.4109 23.6386 3.0000
v 106.4109 23.4886 3.0000
v 106.3359 23.5636 0.0000
v 106.4859 23.5636 0.0000
v 106.4859 23.8136 0.0000
v 106.3359 23.8136 0.0000
v 106.3359 23.5636 3.0000
v 106.4859 23.5636 3.0000
v 106.4859 23.8136 3.0000
v 106.3359 23.8136 3.0000
v 106.4109 23.7386 0.0000
v 106.4109 23.8886 0.0000
v 105.1109 23.8886 0.0000
v 105.1109 23.7386 0.0000
v 106.4109 23.7386 3.0000
v 106.4109 23.8886 3.0000
v 105.1109 23.8886 3.0000
v 105.1109 23.7386 3.0000
v 105.1109 23.0886 0.0000
v 105.1109 22.9386 0.0000
v 106.4709 22.9386 0.0000
v 106.4709 23.0886 0.0000
v 105.1109 23.0886 3.0000
v 105.1109 22.9386 3.0000
v 106.4709 22.9386 3.0000
v 106.4709 23.0886 3.0000
v 106.5459 23.0136 0.0000
v 106.3959 23.0136 0.0000
v 106.3959 22.9536 0.0000
v 106.5459 22.9536 0.0000
v 106.5459 23.0136 3.0000
v 106.3959 23.0136 3.0000
v 106.3959 22.9536 3.0000
v 106.5459 22.9536 3.0000
v 106.5459 22.9536 0.0000
v 106.3959 22.9536 0.0000
v 106.3959 22.7036 0.0000
v 106.5459 22.7036 0.0000
v 106.5459 22.9536 3.0000
v 106.3959 22.9536 3.0000
v 106.3959 22.7036 3.0000
v 106.5459 22.7036 3.0000
v 106.4709 22.6286 0.0000
v 106.4709 22.7786 0.0000
v 106.4109 22.7786 0.0000
v 106.4109 22.6286 0.0000
v 106.4709 22.6286 3.0000
v 106.4709 22.7786 3.0000
v 106.4109 22.7786 3.0000
v 106.4109 22.6286 3.0000
v 106.3359 22.7036 0.0000
v 106.4859 22.7036 0.0000
v 106.4859 22.9536 0.0000
v 106.3359 22.9536 0.0000
v 106.3359 22.7036 3.0000
v 106.4859 22.7036 3.0000
v 106.4859 22.9536 3.0000
v 106.3359 22.9536 3.0000
v 106.4109 22.8786 0.0000
v 106.4109 23.0286 0.0000
v 105.1109 23.0286 0.0000
v 105.1109 22.8786 0.0000
v 106.4109 22.8786 3.0000
v 106.4109 23.0286 3.0000
v 105.1109 23.0286 3.0000
v 105.1109 22.8786 3.0000
v 105.1109 22.2286 0.0000
v 105.1109 22.0786 0.0000
v 106.4709 22.0786 0.0000
v 106.4709 22.2286 0.0000
v 105.1109 22.2286 3.0000
v 105.1109 22.0786 3.0000
v 106.4709 22.0786 3.0000
v 106.4709 22.2286 3.0000
v 106.5459 22.1536 0.0000
v 106.3959 22.1536 0.0000
v 106.3959 22.0936 0.0000
v 106.5459 22.0936 0.0000
v 106.5459 22.1536 3.0000
v 106.3959 22.1536 3.0000
v 106.3959 22.0936 3.0000
v 106.5459 22.0936 3.0000
v 106.4709 22.0186 0.0000
v 106.4709 22.1686 0.0000
v 106.4109 22.1686 0.0000
v 106.4109 22.0186 0.0000
v 106.4709 22.0186 3.0000
v 106.4709 22.1686 3.0000
v 106.4109 22.1686 3.0000
v 106.4109 22.0186 3.0000
v 106.4109 22.0186 0.0000
v 106.4109 22.1686 0.0000
v 105.1109 22.1686 0.0000
v 105.1109 22.0186 0.0000
v 106.4109 22.0186 3.0000
v 106.4109 22.1686 3.0000
v 105.1109 22.1686 3.0000
v 105.1109 22.0186 3.0000
v 105.1109 24.8086 0.0000
v 105.1109 24.6586 0.0000
v 106.4709 24.6586 0.0000
v 106.4709 24.8086 0.0000
v 105.1109 24.8086 3.0000
v 105.1109 24.6586 3.0000
v 106.4709 24.6586 3.0000
v 106.4709 24.8086 3.0000
v 106.5459 24.7336 0.0000
v 106.3959 24.7336 0.0000
v 106.3959 24.6736 0.0000
v 106.5459 24.6736 0.0000
v 106.5459 24.7336 3.0000
v 106.3959 24.7336 3.0000
v 106.3959 24.6736 3.0000
v 106.5459 24.6736 3.0000
v 106.5459 24.6736 0.0000
v 106.3959 24.6736 0.0000
v 106.3959 24.4236 0.0000
v 106.5459 24.4236 0.0000
v 106.5459 24.6736 3.0000
v 106.3959 24.6736 3.0000
v 106.3959 24.4236 3.0000
v 106.5459 24.4236 3.0000
v 106.4709 24.3486 0.0000
v 106.4709 24.4986 0.0000
v 106.4109 24.4986 0.0000
v 106.4109 24.3486 0.0000
v 106.4709 24.3486 3.0000
v 106.4709 24.4986 3.0000
v 106.4109 24.4986 3.0000
v 106.4109 24.3486 3.0000
v 106.3359 24.4236 0.0000
v 106.4859 24.4236 0.0000
v 106.4859 24.6736 0.0000
v 106.3359 24.6736 0.0000
v 106.3359 24.4236 3.0000
v 106.4859 24.4236 3.0000
v 106.4859 24.6736 3.0000
v 106.3359 24.6736 3.0000
v 106.4109 24.5986 0.0000
v 106.4109 24.7486 0.0000
v 105.1109 24.7486 0.0000
v 105.1109 24.5986 0.0000
v 106.4109 24.5986 3.0000
v 106.4109 24.7486 3.0000
v 105.1109 24.7486 3.0000
v 105.1109 24.5986 3.0000
v 106.4109 25.3586 0.0000
v 106.4109 25.2086 0.0000
v 106.4709 25.2086 0.0000
v 106.4709 25.3586 0.0000
v 106.4109 25.3586 3.0000
v 106.4109 25.2086 3.0000
v 106.4709 25.2086 3.0000
v 106.4709 25.3586 3.0000
v 106.3959 25.2836 0.0000
v 106.5459 25.2836 0.0000
v 106.5459 25.8352 0.0000
v 106.3959 25.8352 0.0000
v 106.3959 25.2836 3.0000
v 106.5459 25.2836 3.0000
v 106.5459 25.8352 3.0000
v 106.3959 25.8352 3.0000
v 106.3359 25.2836 0.0000
v 106.4859 25.2836 0.0000
v 106.4859 25.8352 0.0000
v 106.3359 25.8352 0.0000
v 106.3359 25.2836 3.0000
v 106.4859 25.2836 3.0000
v 106.4859 25.8352 3.0000
v 106.3359 25.8352 3.0000
v 101.7792 20.7562 0.0000
v 101.7792 20.6062 0.0000
v 101.9292 20.6062 0.0000
v 101.9292 20.7562 0.0000
v 101.7792 20.7562 3.0000
v 101.7792 20.6062 3.0000
v 101.9292 20.6062 3.0000
v 101.9292 20.7562 3.0000
v 101.7042 19.5812 0.0000
v 101.8542 19.5812 0.0000
v 101.8542 20.6812 0.0000
v 101.7042 20.6812 0.0000
v 101.7042 19.5812 3.0000
v 101.8542 19.5812 3.0000
v 101.8542 20.6812 3.0000
v 101.7042 20.6812 3.0000
v 101.0193 19.6562 0.0000
v 101.0193 19.5062 0.0000
v 101.7792 19.5062 0.0000
v 101.7792 19.6562 0.0000
v 101.0193 19.6562 3.0000
v 101.0193 19.5062 3.0000
v 101.7792 19.5062 3.0000
v 101.7792 19.6562 3.0000
v 101.4251 23.7986 0.0000
v 101.4251 23.9486 0.0000
v 100.0651 23.9486 0.0000
v 100.0651 23.7986 0.0000
v 101.4251 23.7986 3.0000
v 101.4251 23.9486 3.0000
v 100.0651 23.9486 3.0000
v 100.0651 23.7986 3.0000
v 100.1401 23.8736 0.0000
v 99.9901 23.8736 0.0000
v 99.9901 23.8136 0.0000
v 100.1401 23.8136 0.0000
v 100.1401 23.8736 3.0000
v 99.9901 23.8736 3.0000
v 99.9901 23.8136 3.0000
v 100.1401 23.8136 3.0000
v 100.1401 23.8136 0.0000
v 99.9901 23.8136 0.0000
v 99.9901 23.5636 0.0000
v 100.1401 23.5636 0.0000
v 100.1401 23.8136 3.0000
v 99.9901 23.8136 3.0000
v 99.9901 23.5636 3.0000
v 100.1401 23.5636 3.0000
v 100.0651 23.6386 0.0000
v 100.0651 23.4886 0.0000
v 100.1251 23.4886 0.0000
v 100.1251 23.6386 0.0000
v 100.0651 23.6386 3.0000
v 100.0651 23.4886 3.0000
v 100.1251 23.4886 3.0000
v 100.1251 23.6386 3.0000
v 100.0501 23.5636 0.0000
v 100.2001 23.5636 0.0000
v 100.2001 23.8136 0.0000
v 100.0501 23.8136 0.0000
v 100.0501 23.5636 3.0000
v 100.2001 23.5636 3.0000
v 100.2001 23.8136 3.0000
v 100.0501 23.8136 3.0000
v 100.1251 23.8886 0.0000
v 100.1251 23.7386 0.0000
v 101.4251 23.7386 0.0000
v 101.4251 23.8886 0.0000
v 100.1251 23.8886 3.0000
v 100.1251 23.7386 3.0000
v 101.4251 23.7386 3.0000
v 101.4251 23.8886 3.0000
v 101.4251 24.6586 0.0000
v 101.4251 24.8086 0.0000
v 100.0651 24.8086 0.0000
v 100.0651 24.6586 0.0000
v 101.4251 24.6586 3.0000
v 101.4251 24.8086 3.0000
v 100.0651 24.8086 3.0000
v 100.0651 24.6586 3.0000
v 100.1401 24.7336 0.0000
v 99.9901 24.7336 0.0000
v 99.9901 24.6736 0.0000
v 100.1401 24.6736 0.0000
v 100.1401 24.7336 3.0000
v 99.9901 24.7336 3.0000
v 99.9901 24.6736 3.0000
v 100.1401 24.6736 3.0000
v 100.1401 24.6736 0.0000
v 99.9901 24.6736 0.0000
v 99.9901 24.4236 0.0000
v 100.1401 24.4236 0.0000
v 100.1401 24.6736 3.0000
v 99.9901 24.6736 3.0000
v 99.9901 24.4236 3.0000
v 100.1401 24.4236 3.0000
v 100.0651 24.4986 0.0000
v 100.0651 24.3486 0.0000
v 100.1251 24.3486 0.0000
v 100.1251 24.4986 0.0000
v 100.0651 24.4986 3.0000
v 100.0651 24.3486 3.0000
v 100.1251 24.3486 3.0000
v 100.1251 24.4986 3.0000
v 100.0501 24.4236 0.0000
v 100.2001 24.4236 0.0000
v 100.2001 24.6736 0.0000
v 100.0501 24.6736 0.0000
v 100.0501 24.4236 3.0000
v 100.2001 24.4236 3.0000
v 100.2001 24.6736 3.0000
v 100.0501 24.6736 3.0000
v 100.1251 24.7486 0.0000
v 100.1251 24.5986 0.0000
v 101.4251 24.5986 0.0000
v 101.4251 24.7486 0.0000
v 100.1251 24.7486 3.0000
v 100.1251 24.5986 3.0000
v 101.4251 24.5986 3.0000
v 101.4251 24.7486 3.0000
v 100.1251 25.2086 0.0000
v 100.1251 25.3586 0.0000
v 100.0651 25.3586 0.0000
v 100.0651 25.2086 0.0000
v 100.1251 25.2086 3.0000
v 100.1251 25.3586 3.0000
v 100.0651 25.3586 3.0000
v 100.0651 25.2086 3.0000
v 99.9901 25.2836 0.0000
v 100.1401 25.2836 0.0000
v 100.1401 25.8352 0.0000
v 99.9901 25.8352 0.0000
v 99.9901 25.2836 3.0000
v 100.1401 25.2836 3.0000
v 100.1401 25.8352 3.0000
v 99.9901 25.8352 3.0000
v 100.0501 25.2836 0.0000
v 100.2001 25.2836 0.0000
v 100.2001 25.8352 0.0000
v 100.0501 25.8352 0.0000
v 100.0501 25.2836 3.0000
v 100.2001 25.2836 3.0000
v 100.2001 25.8352 3.0000
v 100.0501 25.8352 3.0000
v 98.0943 23.0304 0.0000
v 97.9443 23.0304 0.0000
v 97.9443 22.9704 0.0000
v 98.0943 22.9704 0.0000
v 98.0943 23.0304 3.0000
v 97.9443 23.0304 3.0000
v 97.9443 22.9704 3.0000
v 98.0943 22.9704 3.0000
v 98.0193 23.0454 0.0000
v 98.0193 22.8954 0.0000
v 98.6650 22.8951 0.0000
v 98.6651 23.0451 0.0000
v 98.0193 23.0454 3.0000
v 98.0193 22.8954 3.0000
v 98.6650 22.8951 3.0000
v 98.6651 23.0451 3.0000
v 98.5901 22.9701 0.0000
v 98.7401 22.9701 0.0000
v 98.7401 23.0301 0.0000
v 98.5901 23.0301 0.0000
v 98.5901 22.9701 3.0000
v 98.7401 22.9701 3.0000
v 98.7401 23.0301 3.0000
v 98.5901 23.0301 3.0000
v 98.6650 22.9551 0.0000
v 98.6651 23.1051 0.0000
v 98.0193 23.1054 0.0000
v 98.0193 22.9554 0.0000
v 98.6650 22.9551 3.0000
v 98.6651 23.1051 3.0000
v 98.0193 23.1054 3.0000
v 98.0193 22.9554 3.0000
v 98.0943 23.9822 0.0000
v 97.9443 23.9822 0.0000
v 97.9443 23.9222 0.0000
v 98.0943 23.9222 0.0000
v 98.0943 23.9822 3.0000
v 97.9443 23.9822 3.0000
v 97.9443 23.9222 3.0000
v 98.0943 23.9222 3.0000
v 98.0193 23.9972 0.0000
v 98.0193 23.8472 0.0000
v 98.6651 23.8472 0.0000
v 98.6651 23.9972 0.0000
v 98.0193 23.9972 3.0000
v 98.0193 23.8472 3.0000
v 98.6651 23.8472 3.0000
v 98.6651 23.9972 3.0000
v 98.5901 23.9222 0.0000
v 98.7401 23.9222 0.0000
v 98.7401 23.9822 0.0000
v 98.5901 23.9822 0.0000
v 98.5901 23.9222 3.0000
v 98.7401 23.9222 3.0000
v 98.7401 23.9822 3.0000
v 98.5901 23.9822 3.0000
v 98.6651 23.9072 0.0000
v 98.6651 24.0572 0.0000
v 98.0193 24.0572 0.0000
v 98.0193 23.9072 0.0000
v 98.6651 23.9072 3.0000
v 98.6651 24.0572 3.0000
v 98.0193 24.0572 3.0000
v 98.0193 23.9072 3.0000
v 98.0943 24.7652 0.0000
v 97.9443 24.7652 0.0000
v 97.9443 24.7052 0.0000
v 98.0943 24.7052 0.0000
v 98.0943 24.7652 3.0000
v 97.9443 24.7652 3.0000
v 97.9443 24.7052 3.0000
v 98.0943 24.7052 3.0000
v 98.0193 24.7802 0.0000
v 98.0193 24.6302 0.0000
v 98.6651 24.6302 0.0000
v 98.6651 24.7802 0.0000
v 98.0193 24.7802 3.0000
v 98.0193 24.6302 3.0000
v 98.6651 24.6302 3.0000
v 98.6651 24.7802 3.0000
v 98.5901 24.7052 0.0000
v 98.7401 24.7052 0.0000
v 98.7401 24.7652 0.0000
v 98.5901 24.7652 0.0000
v 98.5901 24.7052 3.0000
v 98.7401 24.7052 3.0000
v 98.7401 24.7652 3.0000
v 98.5901 24.7652 3.0000
v 98.6651 24.6902 0.0000
v 98.6651 24.8402 0.0000
v 98.0193 24.8402 0.0000
v 98.0193 24.6902 0.0000
v 98.6651 24.6902 3.0000
v 98.6651 24.8402 3.0000
v 98.0193 24.8402 3.0000
v 98.0193 24.6902 3.0000
v 101.4251 22.0786 0.0000
v 101.4251 22.2286 0.0000
v 100.0651 22.2286 0.0000
v 100.0651 22.0786 0.0000
v 101.4251 22.0786 3.0000
v 101.4251 22.2286 3.0000
v 100.0651 22.2286 3.0000
v 100.0651 22.0786 3.0000
v 100.1401 22.1536 0.0000
v 99.9901 22.1536 0.0000
v 99.9901 22.0936 0.0000
v 100.1401 22.0936 0.0000
v 100.1401 22.1536 3.0000
v 99.9901 22.1536 3.0000
v 99.9901 22.0936 3.0000
v 100.1401 22.0936 3.0000
v 100.0651 22.1686 0.0000
v 100.0651 22.0186 0.0000
v 100.1251 22.0186 0.0000
v 100.1251 22.1686 0.0000
v 100.0651 22.1686 3.0000
v 100.0651 22.0186 3.0000
v 100.1251 22.0186 3.0000
v 100.1251 22.1686 3.0000
v 100.1251 22.1686 0.0000
v 100.1251 22.0186 0.0000
v 101.4251 22.0186 0.0000
v 101.4251 22.1686 0.0000
v 100.1251 22.1686 3.0000
v 100.1251 22.0186 3.0000
v 101.4251 22.0186 3.0000
v 101.4251 22.1686 3.0000
v 101.4251 22.9386 0.0000
v 101.4251 23.0886 0.0000
v 100.0651 23.0886 0.0000
v 100.0651 22.9386 0.0000
v 101.4251 22.9386 3.0000
v 101.4251 23.0886 3.0000
v 100.0651 23.0886 3.0000
v 100.0651 22.9386 3.0000
v 100.1401 23.0136 0.0000
v 99.9901 23.0136 0.0000
v 99.9901 22.9536 0.0000
v 100.1401 22.9536 0.0000
v 100.1401 23.0136 3.0000
v 99.9901 23.0136 3.0000
v 99.9901 22.9536 3.0000
v 100.1401 22.9536 3.0000
v 100.1401 22.9536 0.0000
v 99.9901 22.9536 0.0000
v 99.9901 22.7036 0.0000
v 100.1401 22.7036 0.0000
v 100.1401 22.9536 3.0000
v 99.9901 22.9536 3.0000
v 99.9901 22.7036 3.0000
v 100.1401 22.7036 3.0000
v 100.0651 22.7786 0.0000
v 100.0651 22.6286 0.0000
v 100.1251 22.6286 0.0000
v 100.1251 22.7786 0.0000
v 100.0651 22.7786 3.0000
v 100.0651 22.6286 3.0000
v 100.1251 22.6286 3.0000
v 100.1251 22.7786 3.0000
v 100.0501 22.7036 0.0000
v 100.2001 22.7036 0.0000
v 100.2001 22.9536 0.0000
v 100.0501 22.9536 0.0000
v 100.0501 22.7036 3.0000
v 100.2001 22.7036 3.0000
v 100.2001 22.9536 3.0000
v 100.0501 22.9536 3.0000
v 100.1251 23.0286 0.0000
v 100.1251 22.8786 0.0000
v 101.4251 22.8786 0.0000
v 101.4251 23.0286 0.0000
v 100.1251 23.0286 3.0000
v 100.1251 22.8786 3.0000
v 101.4251 22.8786 3.0000
v 101.4251 23.0286 3.0000
v 102.0042 20.6812 0.0000
v 101.8542 20.6812 0.0000
v 101.8542 19.4312 0.0000
v 102.0042 19.4312 0.0000
v 102.0042 20.6812 3.0000
v 101.8542 20.6812 3.0000
v 101.8542 19.4312 3.0000
v 102.0042 19.4312 3.0000
v 97.8693 19.3562 0.0000
v 97.8693 19.5062 0.0000
v 97.2693 19.5062 0.0000
v 97.2693 19.3562 0.0000
v 97.8693 19.3562 3.0000
v 97.8693 19.5062 3.0000
v 97.2693 19.5062 3.0000
v 97.2693 19.3562 3.0000
v 97.8693 18.7562 0.0000
v 97.8693 18.9062 0.0000
v 97.2693 18.9062 0.0000
v 97.2693 18.7562 0.0000
v 97.8693 18.7562 3.0000
v 97.8693 18.9062 3.0000
v 97.2693 18.9062 3.0000
v 97.2693 18.7562 3.0000
v 97.8693 18.6062 0.0000
v 97.8693 18.7562 0.0000
v 97.1193 18.7562 0.0000
v 97.1193 18.6062 0.0000
v 97.8693 18.6062 3.0000
v 97.8693 18.7562 3.0000
v 97.1193 18.7562 3.0000
v 97.1193 18.6062 3.0000
v 27.5661 22.2436 0.0000
v 27.4161 22.2436 0.0000
v 27.4161 22.0936 0.0000
v 27.5661 22.0936 0.0000
v 27.5661 22.2436 3.0000
v 27.4161 22.2436 3.0000
v 27.4161 22.0936 3.0000
v 27.5661 22.0936 3.0000
v 27.4911 22.0186 0.0000
v 27.4911 22.1686 0.0000
v 27.3032 22.1686 0.0000
v 27.3032 22.0186 0.0000
v 27.4911 22.0186 3.0000
v 27.4911 22.1686 3.0000
v 27.3032 22.1686 3.0000
v 27.3032 22.0186 3.0000
v 27.2282 22.0936 0.0000
v 27.3782 22.0936 0.0000
v 27.3782 25.8352 0.0000
v 27.2282 25.8352 0.0000
v 27.2282 22.0936 3.0000
v 27.3782 22.0936 3.0000
v 27.3782 25.8352 3.0000
v 27.2282 25.8352 3.0000
v 27.5282 25.8352 0.0000
v 27.3782 25.8352 0.0000
v 27.3782 22.2436 0.0000
v 27.5282 22.2436 0.0000
v 27.5282 25.8352 3.0000
v 27.3782 25.8352 3.0000
v 27.3782 22.2436 3.0000
v 27.5282 22.2436 3.0000
v 27.4532 22.3186 0.0000
v 27.4532 22.1686 0.0000
v 27.4911 22.1686 0.0000
v 27.4911 22.3186 0.0000
v 27.4532 22.3186 3.0000
v 27.4532 22.1686 3.0000
v 27.4911 22.1686 3.0000
v 27.4911 22.3186 3.0000
v 29.6741 25.8352 0.0000
v 29.5241 25.8352 0.0000
v 29.5241 22.2436 0.0000
v 29.6741 22.2436 0.0000
v 29.6741 25.8352 3.0000
v 29.5241 25.8352 3.0000
v 29.5241 22.2436 3.0000
v 29.6741 22.2436 3.0000
v 29.5241 25.8352 0.0000
v 29.3741 25.8352 0.0000
v 29.3741 22.2436 0.0000
v 29.5241 22.2436 0.0000
v 29.5241 25.8352 3.0000
v 29.3741 25.8352 3.0000
v 29.3741 22.2436 3.0000
v 29.5241 22.2436 3.0000
v 29.4861 22.2436 0.0000
v 29.3361 22.2436 0.0000
v 29.3361 22.0936 0.0000
v 29.4861 22.0936 0.0000
v 29.4861 22.2436 3.0000
v 29.3361 22.2436 3.0000
v 29.3361 22.0936 3.0000
v 29.4861 22.0936 3.0000
v 29.5991 22.0186 0.0000
v 29.5991 22.1686 0.0000
v 29.4111 22.1686 0.0000
v 29.4111 22.0186 0.0000
v 29.5991 22.0186 3.0000
v 29.5991 22.1686 3.0000
v 29.4111 22.1686 3.0000
v 29.4111 22.0186 3.0000
v 29.4491 22.1686 0.0000
v 29.4491 22.3186 0.0000
v 29.4111 22.3186 0.0000
v 29.4111 22.1686 0.0000
v 29.4491 22.1686 3.0000
v 29.4491 22.3186 3.0000
v 29.4111 22.3186 3.0000
v 29.4111 22.1686 3.0000
v 104.9980 22.2436 0.0000
v 104.8480 22.2436 0.0000
v 104.8480 22.0936 0.0000
v 104.9980 22.0936 0.0000
v 104.9980 22.2436 3.0000
v 104.8480 22.2436 3.0000
v 104.8480 22.0936 3.0000
v 104.9980 22.0936 3.0000
v 104.9230 22.1686 0.0000
v 104.9230 22.0186 0.0000
v 105.1109 22.0186 0.0000
v 105.1109 22.1686 0.0000
v 104.9230 22.1686 3.0000
v 104.9230 22.0186 3.0000
v 105.1109 22.0186 3.0000
v 105.1109 22.1686 3.0000
v 105.0359 22.0936 0.0000
v 105.1859 22.0936 0.0000
v 105.1859 25.8352 0.0000
v 105.0359 25.8352 0.0000
v 105.0359 22.0936 3.0000
v 105.1859 22.0936 3.0000
v 105.1859 25.8352 3.0000
v 105.0359 25.8352 3.0000
v 105.0359 25.8352 0.0000
v 104.8859 25.8352 0.0000
v 104.8859 22.2436 0.0000
v 105.0359 22.2436 0.0000
v 105.0359 25.8352 3.0000
v 104.8859 25.8352 3.0000
v 104.8859 22.2436 3.0000
v 105.0359 22.2436 3.0000
v 104.9609 22.1686 0.0000
v 104.9609 22.3186 0.0000
v 104.9230 22.3186 0.0000
v 104.9230 22.1686 0.0000
v 104.9609 22.1686 3.0000
v 104.9609 22.3186 3.0000
v 104.9230 22.3186 3.0000
v 104.9230 22.1686 3.0000
v 102.8901 25.8352 0.0000
v 102.7401 25.8352 0.0000
v 102.7401 24.1252 0.0000
v 102.8901 24.1252 0.0000
v 102.8901 25.8352 3.0000
v 102.7401 25.8352 3.0000
v 102.7401 24.1252 3.0000
v 102.8901 24.1252 3.0000
v 103.0401 25.8352 0.0000
v 102.8901 25.8352 0.0000
v 102.8901 22.2436 0.0000
v 103.0401 22.2436 0.0000
v 103.0401 25.8352 3.0000
v 102.8901 25.8352 3.0000
v 102.8901 22.2436 3.0000
v 103.0401 22.2436 3.0000
v 103.0780 22.2436 0.0000
v 102.9280 22.2436 0.0000
v 102.9280 22.0936 0.0000
v 103.0780 22.0936 0.0000
v 103.0780 22.2436 3.0000
v 102.9280 22.2436 3.0000
v 102.9280 22.0936 3.0000
v 103.0780 22.0936 3.0000
v 102.8151 22.1686 0.0000
v 102.8151 22.0186 0.0000
v 103.0030 22.0186 0.0000
v 103.0030 22.1686 0.0000
v 102.8151 22.1686 3.0000
v 102.8151 22.0186 3.0000
v 103.0030 22.0186 3.0000
v 103.0030 22.1686 3.0000
v 102.9651 22.3186 0.0000
v 102.9651 22.1686 0.0000
v 103.0030 22.1686 0.0000
v 103.0030 22.3186 0.0000
v 102.9651 22.3186 3.0000
v 102.9651 22.1686 3.0000
v 103.0030 22.1686 3.0000
v 103.0030 22.3186 3.0000
v 102.1293 25.9102 0.0000
v 102.1293 25.7602 0.0000
v 107.4125 25.7602 0.0000
v 107.4125 25.9102 0.0000
v 102.1293 25.9102 3.0000
v 102.1293 25.7602 3.0000
v 107.4125 25.7602 3.0000
v 107.4125 25.9102 3.0000
v 30.9848 25.9102 0.0000
v 30.9848 25.7602 0.0000
v 32.5448 25.7602 0.0000
v 32.5448 25.9102 0.0000
v 30.9848 25.9102 3.0000
v 30.9848 25.7602 3.0000
v 32.5448 25.7602 3.0000
v 32.5448 25.9102 3.0000
v 29.5991 22.3186 0.0000
v 29.5991 22.1686 0.0000
v 29.8155 22.1686 0.0000
v 29.8155 22.3186 0.0000
v 29.5991 22.3186 3.0000
v 29.5991 22.1686 3.0000
v 29.8155 22.1686 3.0000
v 29.8155 22.3186 3.0000
v 29.8905 22.2436 0.0000
v 29.7405 22.2436 0.0000
v 29.7405 22.0936 0.0000
v 29.8905 22.0936 0.0000
v 29.8905 22.2436 3.0000
v 29.7405 22.2436 3.0000
v 29.7405 22.0936 3.0000
v 29.8905 22.0936 3.0000
v 29.8155 22.0186 0.0000
v 29.8155 22.1686 0.0000
v 29.5991 22.1686 0.0000
v 29.5991 22.0186 0.0000
v 29.8155 22.0186 3.0000
v 29.8155 22.1686 3.0000
v 29.5991 22.1686 3.0000
v 29.5991 22.0186 3.0000
v 101.5751 22.1686 0.0000
v 101.5751 22.0186 0.0000
v 101.7928 22.0186 0.0000
v 101.7928 22.1686 0.0000
v 101.5751 22.1686 3.0000
v 101.5751 22.0186 3.0000
v 101.7928 22.0186 3.0000
v 101.7928 22.1686 3.0000
v 101.7178 22.0936 0.0000
v 101.8678 22.0936 0.0000
v 101.8678 22.2436 0.0000
v 101.7178 22.2436 0.0000
v 101.7178 22.0936 3.0000
v 101.8678 22.0936 3.0000
v 101.8678 22.2436 3.0000
v 101.7178 22.2436 3.0000
v 101.7928 22.1686 0.0000
v 101.7928 22.3186 0.0000
v 101.5751 22.3186 0.0000
v 101.5751 22.1686 0.0000
v 101.7928 22.1686 3.0000
v 101.7928 22.3186 3.0000
v 101.5751 22.3186 3.0000
v 101.5751 22.1686 3.0000
v 101.5043 16.9719 0.0000
v 101.3543 16.9719 0.0000
v 101.3543 16.8219 0.0000
v 101.5043 16.8219 0.0000
v 101.5043 16.9719 3.0000
v 101.3543 16.9719 3.0000
v 101.3543 16.8219 3.0000
v 101.5043 16.8219 3.0000
v 101.5043 16.9719 0.0000
v 101.3543 16.9719 0.0000
v 101.3543 16.8219 0.0000
v 101.5043 16.8219 0.0000
v 101.5043 16.9719 3.0000
v 101.3543 16.9719 3.0000
v 101.3543 16.8219 3.0000
v 101.5043 16.8219 3.0000
v 101.5043 16.9719 0.0000
v 101.3543 16.9719 0.0000
v 101.3543 16.8219 0.0000
v 101.5043 16.8219 0.0000
v 101.5043 16.9719 3.0000
v 101.3543 16.9719 3.0000
v 101.3543 16.8219 3.0000
v 101.5043 16.8219 3.0000
v 31.0598 16.9719 0.0000
v 30.9098 16.9719 0.0000
v 30.9098 16.8219 0.0000
v 31.0598 16.8219 0.0000
v 31.0598 16.9719 3.0000
v 30.9098 16.9719 3.0000
v 30.9098 16.8219 3.0000
v 31.0598 16.8219 3.0000
v 30.9848 16.8969 0.0000
v 30.9848 16.7469 0.0000
v 34.0448 16.7469 0.0000
v 34.0448 16.8969 0.0000
v 30.9848 16.8969 3.0000
v 30.9848 16.7469 3.0000
v 34.0448 16.7469 3.0000
v 34.0448 16.8969 3.0000
v 33.9698 16.8219 0.0000
v 34.1198 16.8219 0.0000
v 34.1198 16.9719 0.0000
v 33.9698 16.9719 0.0000
v 33.9698 16.8219 3.0000
v 34.1198 16.8219 3.0000
v 34.1198 16.9719 3.0000
v 33.9698 16.9719 3.0000
v 31.0598 16.9719 0.0000
v 30.9098 16.9719 0.0000
v 30.9098 16.8219 0.0000
v 31.0598 16.8219 0.0000
v 31.0598 16.9719 3.0000
v 30.9098 16.9719 3.0000
v 30.9098 16.8219 3.0000
v 31.0598 16.8219 3.0000
v 34.0448 16.8969 0.0000
v 34.0448 17.0469 0.0000
v 30.9848 17.0469 0.0000
v 30.9848 16.8969 0.0000
v 34.0448 16.8969 3.0000
v 34.0448 17.0469 3.0000
v 30.9848 17.0469 3.0000
v 30.9848 16.8969 3.0000
v 25.0562 25.9852 0.0000
v 24.9062 25.9852 0.0000
v 24.9062 25.8352 0.0000
v 25.0562 25.8352 0.0000
v 25.0562 25.9852 3.0000
v 24.9062 25.9852 3.0000
v 24.9062 25.8352 3.0000
v 25.0562 25.8352 3.0000
v 24.9812 25.7602 0.0000
v 24.9812 25.9102 0.0000
v 24.5312 25.9102 0.0000
v 24.5312 25.7602 0.0000
v 24.9812 25.7602 3.0000
v 24.9812 25.9102 3.0000
v 24.5312 25.9102 3.0000
v 24.5312 25.7602 3.0000
v 24.9812 25.9102 0.0000
v 24.9812 25.7602 0.0000
v 30.2848 25.7602 0.0000
v 30.2848 25.9102 0.0000
v 24.9812 25.9102 3.0000
v 24.9812 25.7602 3.0000
v 30.2848 25.7602 3.0000
v 30.2848 25.9102 3.0000
v 34.0448 16.8969 0.0000
v 34.0448 17.0469 0.0000
v 30.9848 17.0469 0.0000
v 30.9848 16.8969 0.0000
v 34.0448 16.8969 3.0000
v 34.0448 17.0469 3.0000
v 30.9848 17.0469 3.0000
v 30.9848 16.8969 3.0000
v 34.0448 16.8969 0.0000
v 34.0448 17.0469 0.0000
v 30.9848 17.0469 0.0000
v 30.9848 16.8969 0.0000
v 34.0448 16.8969 3.0000
v 34.0448 17.0469 3.0000
v 30.9848 17.0469 3.0000
v 30.9848 16.8969 3.0000
v 30.9848 16.8969 0.0000
v 30.9848 16.7469 0.0000
v 34.0448 16.7469 0.0000
v 34.0448 16.8969 0.0000
v 30.9848 16.8969 3.0000
v 30.9848 16.7469 3.0000
v 34.0448 16.7469 3.0000
v 34.0448 16.8969 3.0000
v 34.0448 16.8969 0.0000
v 34.0448 17.0469 0.0000
v 30.9848 17.0469 0.0000
v 30.9848 16.8969 0.0000
v 34.0448 16.8969 3.0000
v 34.0448 17.0469 3.0000
v 30.9848 17.0469 3.0000
v 30.9848 16.8969 3.0000
v 31.0598 16.9719 0.0000
v 30.9098 16.9719 0.0000
v 30.9098 16.8219 0.0000
v 31.0598 16.8219 0.0000
v 31.0598 16.9719 3.0000
v 30.9098 16.9719 3.0000
v 30.9098 16.8219 3.0000
v 31.0598 16.8219 3.0000
v 31.0598 16.9719 0.0000
v 30.9098 16.9719 0.0000
v 30.9098 16.8219 0.0000
v 31.0598 16.8219 0.0000
v 31.0598 16.9719 3.0000
v 30.9098 16.9719 3.0000
v 30.9098 16.8219 3.0000
v 31.0598 16.8219 3.0000
v 31.0598 16.9719 0.0000
v 30.9098 16.9719 0.0000
v 30.9098 16.8219 0.0000
v 31.0598 16.8219 0.0000
v 31.0598 16.9719 3.0000
v 30.9098 16.9719 3.0000
v 30.9098 16.8219 3.0000
v 31.0598 16.8219 3.0000
v 30.5556 17.3219 0.0000
v 30.7056 17.3219 0.0000
v 30.7056 18.4301 0.0000
v 30.5556 18.4301 0.0000
v 30.5556 17.3219 3.0000
v 30.7056 17.3219 3.0000
v 30.7056 18.4301 3.0000
v 30.5556 18.4301 3.0000
v 30.6306 17.2469 0.0000
v 30.6306 17.3969 0.0000
v 30.4848 17.3969 0.0000
v 30.4848 17.2469 0.0000
v 30.6306 17.2469 3.0000
v 30.6306 17.3969 3.0000
v 30.4848 17.3969 3.0000
v 30.4848 17.2469 3.0000
v 30.4098 17.3219 0.0000
v 30.5598 17.3219 0.0000
v 30.5598 18.4301 0.0000
v 30.4098 18.4301 0.0000
v 30.4098 17.3219 3.0000
v 30.5598 17.3219 3.0000
v 30.5598 18.4301 3.0000
v 30.4098 18.4301 3.0000
v 30.4848 18.5051 0.0000
v 30.4848 18.3551 0.0000
v 30.6306 18.3551 0.0000
v 30.6306 18.5051 0.0000
v 30.4848 18.5051 3.0000
v 30.4848 18.3551 3.0000
v 30.6306 18.3551 3.0000
v 30.6306 18.5051 3.0000
v 101.7085 17.3219 0.0000
v 101.8585 17.3219 0.0000
v 101.8585 18.4301 0.0000
v 101.7085 18.4301 0.0000
v 101.7085 17.3219 3.0000
v 101.8585 17.3219 3.0000
v 101.8585 18.4301 3.0000
v 101.7085 18.4301 3.0000
v 101.7835 17.3969 0.0000
v 101.7835 17.2469 0.0000
v 101.9335 17.2469 0.0000
v 101.9335 17.3969 0.0000
v 101.7835 17.3969 3.0000
v 101.7835 17.2469 3.0000
v 101.9335 17.2469 3.0000
v 101.9335 17.3969 3.0000
v 101.8543 17.3219 0.0000
v 102.0043 17.3219 0.0000
v 102.0043 18.4301 0.0000
v 101.8543 18.4301 0.0000
v 101.8543 17.3219 3.0000
v 102.0043 17.3219 3.0000
v 102.0043 18.4301 3.0000
v 101.8543 18.4301 3.0000
v 101.9293 18.3551 0.0000
v 101.9293 18.5051 0.0000
v 101.7835 18.5051 0.0000
v 101.7835 18.3551 0.0000
v 101.9293 18.3551 3.0000
v 101.9293 18.5051 3.0000
v 101.7835 18.5051 3.0000
v 101.7835 18.3551 3.0000
v 98.0193 18.9062 0.0000
v 98.0193 18.7562 0.0000
v 98.6193 18.7562 0.0000
v 98.6193 18.9062 0.0000
v 98.0193 18.9062 3.0000
v 98.0193 18.7562 3.0000
v 98.6193 18.7562 3.0000
v 98.6193 18.9062 3.0000
v 98.5443 18.8312 0.0000
v 98.6943 18.8312 0.0000
v 98.6943 19.4312 0.0000
v 98.5443 19.4312 0.0000
v 98.5443 18.8312 3.0000
v 98.6943 18.8312 3.0000
v 98.6943 19.4312 3.0000
v 98.5443 19.4312 3.0000
v 98.0193 18.7562 0.0000
v 98.0193 18.6062 0.0000
v 98.7693 18.6062 0.0000
v 98.7693 18.7562 0.0000
v 98.0193 18.7562 3.0000
v 98.0193 18.6062 3.0000
v 98.7693 18.6062 3.0000
v 98.7693 18.7562 3.0000
v 98.6943 18.6812 0.0000
v 98.8443 18.6812 0.0000
v 98.8443 19.4312 0.0000
v 98.6943 19.4312 0.0000
v 98.6943 18.6812 3.0000
v 98.8443 18.6812 3.0000
v 98.8443 19.4312 3.0000
v 98.6943 19.4312 3.0000
v 34.3948 18.7562 0.0000
v 34.3948 18.9062 0.0000
v 33.7948 18.9062 0.0000
v 33.7948 18.7562 0.0000
v 34.3948 18.7562 3.0000
v 34.3948 18.9062 3.0000
v 33.7948 18.9062 3.0000
v 33.7948 18.7562 3.0000
v 33.7198 18.8312 0.0000
v 33.8698 18.8312 0.0000
v 33.8698 19.4312 0.0000
v 33.7198 19.4312 0.0000
v 33.7198 18.8312 3.0000
v 33.8698 18.8312 3.0000
v 33.8698 19.4312 3.0000
v 33.7198 19.4312 3.0000
v 33.5698 18.6812 0.0000
v 33.7198 18.6812 0.0000
v 33.7198 19.4312 0.0000
v 33.5698 19.4312 0.0000
v 33.5698 18.6812 3.0000
v 33.7198 18.6812 3.0000
v 33.7198 19.4312 3.0000
v 33.5698 19.4312 3.0000
v 34.3948 18.6062 0.0000
v 34.3948 18.7562 0.0000
v 33.6448 18.7562 0.0000
v 33.6448 18.6062 0.0000
v 34.3948 18.6062 3.0000
v 34.3948 18.7562 3.0000
v 33.6448 18.7562 3.0000
v 33.6448 18.6062 3.0000
v 34.6198 18.6812 0.0000
v 34.4698 18.6812 0.0000
v 34.4698 17.3219 0.0000
v 34.6198 17.3219 0.0000
v 34.6198 18.6812 3.0000
v 34.4698 18.6812 3.0000
v 34.4698 17.3219 3.0000
v 34.6198 17.3219 3.0000
v 33.6448 19.3562 0.0000
v 33.6448 19.5062 0.0000
v 30.9891 19.5062 0.0000
v 30.9891 19.3562 0.0000
v 33.6448 19.3562 3.0000
v 33.6448 19.5062 3.0000
v 30.9891 19.5062 3.0000
v 30.9891 19.3562 3.0000
v 34.3198 18.8312 0.0000
v 34.4698 18.8312 0.0000
v 34.4698 19.4312 0.0000
v 34.3198 19.4312 0.0000
v 34.3198 18.8312 3.0000
v 34.4698 18.8312 3.0000
v 34.4698 19.4312 3.0000
v 34.3198 19.4312 3.0000
v 34.6198 19.4312 0.0000
v 34.4698 19.4312 0.0000
v 34.4698 18.8312 0.0000
v 34.6198 18.8312 0.0000
v 34.6198 19.4312 3.0000
v 34.4698 19.4312 3.0000
v 34.4698 18.8312 3.0000
v 34.6198 18.8312 3.0000
v 34.6198 19.4312 0.0000
v 34.4698 19.4312 0.0000
v 34.4698 18.8312 0.0000
v 34.6198 18.8312 0.0000
v 34.6198 19.4312 3.0000
v 34.4698 19.4312 3.0000
v 34.4698 18.8312 3.0000
v 34.6198 18.8312 3.0000
v 34.3198 18.8312 0.0000
v 34.4698 18.8312 0.0000
v 34.4698 19.4312 0.0000
v 34.3198 19.4312 0.0000
v 34.3198 18.8312 3.0000
v 34.4698 18.8312 3.0000
v 34.4698 19.4312 3.0000
v 34.3198 19.4312 3.0000
v 34.6198 18.6812 0.0000
v 34.4698 18.6812 0.0000
v 34.4698 17.3219 0.0000
v 34.6198 17.3219 0.0000
v 34.6198 18.6812 3.0000
v 34.4698 18.6812 3.0000
v 34.4698 17.3219 3.0000
v 34.6198 17.3219 3.0000
v 30.6348 19.6562 0.0000
v 30.6348 19.5062 0.0000
v 34.3948 19.5062 0.0000
v 34.3948 19.6562 0.0000
v 30.6348 19.6562 3.0000
v 30.6348 19.5062 3.0000
v 34.3948 19.5062 3.0000
v 34.3948 19.6562 3.0000
v 33.6448 19.3562 0.0000
v 33.6448 19.5062 0.0000
v 30.4848 19.5062 0.0000
v 30.4848 19.3562 0.0000
v 33.6448 19.3562 3.0000
v 33.6448 19.5062 3.0000
v 30.4848 19.5062 3.0000
v 30.4848 19.3562 3.0000
v 97.9443 19.4312 0.0000
v 97.7943 19.4312 0.0000
v 97.7943 18.8312 0.0000
v 97.9443 18.8312 0.0000
v 97.9443 19.4312 3.0000
v 97.7943 19.4312 3.0000
v 97.7943 18.8312 3.0000
v 97.9443 18.8312 3.0000
v 97.9443 18.6812 0.0000
v 97.7943 18.6812 0.0000
v 97.7943 17.3219 0.0000
v 97.9443 17.3219 0.0000
v 97.9443 18.6812 3.0000
v 97.7943 18.6812 3.0000
v 97.7943 17.3219 3.0000
v 97.9443 17.3219 3.0000
v 97.9443 19.4312 0.0000
v 97.7943 19.4312 0.0000
v 97.7943 18.8312 0.0000
v 97.9443 18.8312 0.0000
v 97.9443 19.4312 3.0000
v 97.7943 19.4312 3.0000
v 97.7943 18.8312 3.0000
v 97.9443 18.8312 3.0000
v 97.9443 19.4312 0.0000
v 97.7943 19.4312 0.0000
v 97.7943 18.8312 0.0000
v 97.9443 18.8312 0.0000
v 97.9443 19.4312 3.0000
v 97.7943 19.4312 3.0000
v 97.7943 18.8312 3.0000
v 97.9443 18.8312 3.0000
v 97.9443 18.6812 0.0000
v 97.7943 18.6812 0.0000
v 97.7943 17.3219 0.0000
v 97.9443 17.3219 0.0000
v 97.9443 18.6812 3.0000
v 97.7943 18.6812 3.0000
v 97.7943 17.3219 3.0000
v 97.9443 17.3219 3.0000
v 97.9443 18.6812 0.0000
v 97.7943 18.6812 0.0000
v 97.7943 17.3219 0.0000
v 97.9443 17.3219 0.0000
v 97.9443 18.6812 3.0000
v 97.7943 18.6812 3.0000
v 97.7943 17.3219 3.0000
v 97.9443 17.3219 3.0000
v 97.9443 18.8312 0.0000
v 98.0943 18.8312 0.0000
v 98.0943 19.4312 0.0000
v 97.9443 19.4312 0.0000
v 97.9443 18.8312 3.0000
v 98.0943 18.8312 3.0000
v 98.0943 19.4312 3.0000
v 97.9443 19.4312 3.0000
v 97.9443 18.8312 0.0000
v 98.0943 18.8312 0.0000
v 98.0943 19.4312 0.0000
v 97.9443 19.4312 0.0000
v 97.9443 18.8312 3.0000
v 98.0943 18.8312 3.0000
v 98.0943 19.4312 3.0000
v 97.9443 19.4312 3.0000
v 97.9443 18.8312 0.0000
v 98.0943 18.8312 0.0000
v 98.0943 19.4312 0.0000
v 97.9443 19.4312 0.0000
v 97.9443 18.8312 3.0000
v 98.0943 18.8312 3.0000
v 98.0943 19.4312 3.0000
v 97.9443 19.4312 3.0000
v 23.6062 24.5324 0.0000
v 23.7562 24.5324 0.0000
v 23.7562 25.4852 0.0000
v 23.6062 25.4852 0.0000
v 23.6062 24.5324 3.0000
v 23.7562 24.5324 3.0000
v 23.7562 25.4852 3.0000
v 23.6062 25.4852 3.0000
v 23.6812 25.4102 0.0000
v 23.6812 25.5602 0.0000
v 23.5312 25.5602 0.0000
v 23.5312 25.4102 0.0000
v 23.6812 25.4102 3.0000
v 23.6812 25.5602 3.0000
v 23.5312 25.5602 3.0000
v 23.5312 25.4102 3.0000
v 108.6579 25.1352 0.0000
v 108.8079 25.1352 0.0000
v 108.8079 25.4852 0.0000
v 108.6579 25.4852 0.0000
v 108.6579 25.1352 3.0000
v 108.8079 25.1352 3.0000
v 108.8079 25.4852 3.0000
v 108.6579 25.4852 3.0000
v 108.7329 25.5602 0.0000
v 108.7329 25.4102 0.0000
v 108.8829 25.4102 0.0000
v 108.8829 25.5602 0.0000
v 108.7329 25.5602 3.0000
v 108.7329 25.4102 3.0000
v 108.8829 25.4102 3.0000
v 108.8829 25.5602 3.0000
v 109.8079 25.9852 0.0000
v 109.6579 25.9852 0.0000
v 109.6579 25.1352 0.0000
v 109.8079 25.1352 0.0000
v 109.8079 25.9852 3.0000
v 109.6579 25.9852 3.0000
v 109.6579 25.1352 3.0000
v 109.8079 25.1352 3.0000
v 108.6579 25.1352 0.0000
v 108.8079 25.1352 0.0000
v 108.8079 25.4852 0.0000
v 108.6579 25.4852 0.0000
v 108.6579 25.1352 3.0000
v 108.8079 25.1352 3.0000
v 108.8079 25.4852 3.0000
v 108.6579 25.4852 3.0000
v 108.7329 25.5602 0.0000
v 108.7329 25.4102 0.0000
v 108.8829 25.4102 0.0000
v 108.8829 25.5602 0.0000
v 108.7329 25.5602 3.0000
v 108.7329 25.4102 3.0000
v 108.8829 25.4102 3.0000
v 108.8829 25.5602 3.0000
v 102.8901 23.9752 0.0000
v 102.7401 23.9752 0.0000
v 102.7401 22.0936 0.0000
v 102.8901 22.0936 0.0000
v 102.8901 23.9752 3.0000
v 102.7401 23.9752 3.0000
v 102.7401 22.0936 3.0000
v 102.8901 22.0936 3.0000
v 102.8901 23.9752 0.0000
v 102.7401 23.9752 0.0000
v 102.7401 22.1836 0.0000
v 102.8901 22.1836 0.0000
v 102.8901 23.9752 3.0000
v 102.7401 23.9752 3.0000
v 102.7401 22.1836 3.0000
v 102.8901 22.1836 3.0000
v 23.6812 24.4574 0.0000
v 23.6812 24.6074 0.0000
v 22.6812 24.6074 0.0000
v 22.6812 24.4574 0.0000
v 23.6812 24.4574 3.0000
v 23.6812 24.6074 3.0000
v 22.6812 24.6074 3.0000
v 22.6812 24.4574 3.0000
v 22.9062 25.8352 0.0000
v 22.7562 25.8352 0.0000
v 22.7562 24.6824 0.0000
v 22.9062 24.6824 0.0000
v 22.9062 25.8352 3.0000
v 22.7562 25.8352 3.0000
v 22.7562 24.6824 3.0000
v 22.9062 24.6824 3.0000
v 23.5312 24.6074 0.0000
v 23.5312 24.7574 0.0000
v 22.8312 24.7574 0.0000
v 22.8312 24.6074 0.0000
v 23.5312 24.6074 3.0000
v 23.5312 24.7574 3.0000
v 22.8312 24.7574 3.0000
v 22.8312 24.6074 3.0000
v 23.4562 24.6824 0.0000
v 23.6062 24.6824 0.0000
v 23.6062 25.4852 0.0000
v 23.4562 25.4852 0.0000
v 23.4562 24.6824 3.0000
v 23.6062 24.6824 3.0000
v 23.6062 25.4852 3.0000
v 23.4562 25.4852 3.0000
v 23.6812 21.8574 0.0000
v 23.6812 22.0074 0.0000
v 23.5312 22.0074 0.0000
v 23.5312 21.8574 0.0000
v 23.6812 21.8574 3.0000
v 23.6812 22.0074 3.0000
v 23.5312 22.0074 3.0000
v 23.5312 21.8574 3.0000
v 23.5312 22.6074 0.0000
v 23.5312 22.4574 0.0000
v 23.6812 22.4574 0.0000
v 23.6812 22.6074 0.0000
v 23.5312 22.6074 3.0000
v 23.5312 22.4574 3.0000
v 23.6812 22.4574 3.0000
v 23.6812 22.6074 3.0000
v 108.7329 22.0074 0.0000
v 108.7329 21.8574 0.0000
v 108.8829 21.8574 0.0000
v 108.8829 22.0074 0.0000
v 108.7329 22.0074 3.0000
v 108.7329 21.8574 3.0000
v 108.8829 21.8574 3.0000
v 108.8829 22.0074 3.0000
v 108.7329 22.6074 0.0000
v 108.7329 22.4574 0.0000
v 108.8829 22.4574 0.0000
v 108.8829 22.6074 0.0000
v 108.7329 22.6074 3.0000
v 108.7329 22.4574 3.0000
v 108.8829 22.4574 3.0000
v 108.8829 22.6074 3.0000
v 108.7329 24.6074 0.0000
v 108.7329 24.4574 0.0000
v 108.8829 24.4574 0.0000
v 108.8829 24.6074 0.0000
v 108.7329 24.6074 3.0000
v 108.7329 24.4574 3.0000
v 108.8829 24.4574 3.0000
v 108.8829 24.6074 3.0000
v 108.8829 26.0602 0.0000
v 108.8829 25.9102 0.0000
v 109.7329 25.9102 0.0000
v 109.7329 26.0602 0.0000
v 108.8829 26.0602 3.0000
v 108.8829 25.9102 3.0000
v 109.7329 25.9102 3.0000
v 109.7329 26.0602 3.0000
v 109.8079 25.9852 0.0000
v 109.6579 25.9852 0.0000
v 109.6579 24.5324 0.0000
v 109.8079 24.5324 0.0000
v 109.8079 25.9852 3.0000
v 109.6579 25.9852 3.0000
v 109.6579 24.5324 3.0000
v 109.8079 24.5324 3.0000
v 109.7329 24.4574 0.0000
v 109.7329 24.6074 0.0000
v 108.8829 24.6074 0.0000
v 108.8829 24.4574 0.0000
v 109.7329 24.4574 3.0000
v 109.7329 24.6074 3.0000
v 108.8829 24.6074 3.0000
v 108.8829 24.4574 3.0000
v 108.8829 25.9102 0.0000
v 108.8829 25.7602 0.0000
v 109.5829 25.7602 0.0000
v 109.5829 25.9102 0.0000
v 108.8829 25.9102 3.0000
v 108.8829 25.7602 3.0000
v 109.5829 25.7602 3.0000
v 109.5829 25.9102 3.0000
v 109.6579 25.8352 0.0000
v 109.5079 25.8352 0.0000
v 109.5079 24.6824 0.0000
v 109.6579 24.6824 0.0000
v 109.6579 25.8352 3.0000
v 109.5079 25.8352 3.0000
v 109.5079 24.6824 3.0000
v 109.6579 24.6824 3.0000
v 109.5829 24.6074 0.0000
v 109.5829 24.7574 0.0000
v 108.8829 24.7574 0.0000
v 108.8829 24.6074 0.0000
v 109.5829 24.6074 3.0000
v 109.5829 24.7574 3.0000
v 108.8829 24.7574 3.0000
v 108.8829 24.6074 3.0000
v 108.8079 24.6824 0.0000
v 108.9579 24.6824 0.0000
v 108.9579 25.4852 0.0000
v 108.8079 25.4852 0.0000
v 108.8079 24.6824 3.0000
v 108.9579 24.6824 3.0000
v 108.9579 25.4852 3.0000
v 108.8079 25.4852 3.0000
v 57.4387 -23.1160 0.0000
v 57.3326 -23.2220 0.0000
v 57.4304 -23.3198 0.0000
v 57.5365 -23.2138 0.0000
v 57.4387 -23.1160 3.0000
v 57.3326 -23.2220 3.0000
v 57.4304 -23.3198 3.0000
v 57.5365 -23.2138 3.0000
v 57.3040 -23.1160 0.0000
v 57.1979 -23.2220 0.0000
v 57.4304 -23.4545 0.0000
v 57.5365 -23.3485 0.0000
v 57.3040 -23.1160 3.0000
v 57.1979 -23.2220 3.0000
v 57.4304 -23.4545 3.0000
v 57.5365 -23.3485 3.0000
v 57.1693 -23.1160 0.0000
v 57.0632 -23.2220 0.0000
v 57.1628 -23.3216 0.0000
v 57.2689 -23.2156 0.0000
v 57.1693 -23.1160 3.0000
v 57.0632 -23.2220 3.0000
v 57.1628 -23.3216 3.0000
v 57.2689 -23.2156 3.0000
v 57.3193 -23.2660 0.0000
v 57.2132 -23.3720 0.0000
v 57.4304 -23.5892 0.0000
v 57.5365 -23.4832 0.0000
v 57.3193 -23.2660 3.0000
v 57.2132 -23.3720 3.0000
v 57.4304 -23.5892 3.0000
v 57.5365 -23.4832 3.0000
v 57.0399 -23.1213 0.0000
v 56.9339 -23.2274 0.0000
v 57.0806 -23.3742 0.0000
v 57.1867 -23.2681 0.0000
v 57.0399 -23.1213 3.0000
v 56.9339 -23.2274 3.0000
v 57.0806 -23.3742 3.0000
v 57.1867 -23.2681 3.0000
v 57.3865 -23.4679 0.0000
v 57.2804 -23.5739 0.0000
v 57.4304 -23.7239 0.0000
v 57.5365 -23.6179 0.0000
v 57.3865 -23.4679 3.0000
v 57.2804 -23.5739 3.0000
v 57.4304 -23.7239 3.0000
v 57.5365 -23.6179 3.0000
v 57.0397 -23.2558 0.0000
v 56.9337 -23.3619 0.0000
v 57.0804 -23.5086 0.0000
v 57.1865 -23.4026 0.0000
v 57.0397 -23.2558 3.0000
v 56.9337 -23.3619 3.0000
v 57.0804 -23.5086 3.0000
v 57.1865 -23.4026 3.0000
v 57.3865 -23.6026 0.0000
v 57.2804 -23.7086 0.0000
v 57.4304 -23.8586 0.0000
v 57.5365 -23.7526 0.0000
v 57.3865 -23.6026 3.0000
v 57.2804 -23.7086 3.0000
v 57.4304 -23.8586 3.0000
v 57.5365 -23.7526 3.0000
v 57.0395 -23.3903 0.0000
v 56.9334 -23.4964 0.0000
v 57.0804 -23.6433 0.0000
v 57.1865 -23.5373 0.0000
v 57.0395 -23.3903 3.0000
v 56.9334 -23.4964 3.0000
v 57.0804 -23.6433 3.0000
v 57.1865 -23.5373 3.0000
v 57.3865 -23.7373 0.0000
v 57.2804 -23.8433 0.0000
v 57.4304 -23.9933 0.0000
v 57.5365 -23.8873 0.0000
v 57.3865 -23.7373 3.0000
v 57.2804 -23.8433 3.0000
v 57.4304 -23.9933 3.0000
v 57.5365 -23.8873 3.0000
v 57.0393 -23.5248 0.0000
v 56.9332 -23.6309 0.0000
v 57.0804 -23.7780 0.0000
v 57.1865 -23.6720 0.0000
v 57.0393 -23.5248 3.0000
v 56.9332 -23.6309 3.0000
v 57.0804 -23.7780 3.0000
v 57.1865 -23.6720 3.0000
v 57.3865 -23.8720 0.0000
v 57.2804 -23.9780 0.0000
v 57.4304 -24.1280 0.0000
v 57.5365 -24.0220 0.0000
v 57.3865 -23.8720 3.0000
v 57.2804 -23.9780 3.0000
v 57.4304 -24.1280 3.0000
v 57.5365 -24.0220 3.0000
v 57.0391 -23.6593 0.0000
v 56.9330 -23.7654 0.0000
v 57.0804 -23.9128 0.0000
v 57.1865 -23.8067 0.0000
v 57.0391 -23.6593 3.0000
v 56.9330 -23.7654 3.0000
v 57.0804 -23.9128 3.0000
v 57.1865 -23.8067 3.0000
v 57.3865 -24.0067 0.0000
v 57.2804 -24.1128 0.0000
v 57.4304 -24.2627 0.0000
v 57.5365 -24.1567 0.0000
v 57.3865 -24.0067 3.0000
v 57.2804 -24.1128 3.0000
v 57.4304 -24.2627 3.0000
v 57.5365 -24.1567 3.0000
v 57.0389 -23.7938 0.0000
v 56.9328 -23.8998 0.0000
v 57.0804 -24.0475 0.0000
v 57.1865 -23.9414 0.0000
v 57.0389 -23.7938 3.0000
v 56.9328 -23.8998 3.0000
v 57.0804 -24.0475 3.0000
v 57.1865 -23.9414 3.0000
v 57.3865 -24.1414 0.0000
v 57.2804 -24.2475 0.0000
v 57.4304 -24.3975 0.0000
v 57.5365 -24.2914 0.0000
v 57.3865 -24.1414 3.0000
v 57.2804 -24.2475 3.0000
v 57.4304 -24.3975 3.0000
v 57.5365 -24.2914 3.0000
v 57.0386 -23.9283 0.0000
v 56.9326 -24.0343 0.0000
v 57.0804 -24.1822 0.0000
v 57.1865 -24.0761 0.0000
v 57.0386 -23.9283 3.0000
v 56.9326 -24.0343 3.0000
v 57.0804 -24.1822 3.0000
v 57.1865 -24.0761 3.0000
v 57.3865 -24.2761 0.0000
v 57.2804 -24.3822 0.0000
v 57.4304 -24.5322 0.0000
v 57.5365 -24.4261 0.0000
v 57.3865 -24.2761 3.0000
v 57.2804 -24.3822 3.0000
v 57.4304 -24.5322 3.0000
v 57.5365 -24.4261 3.0000
v 57.0384 -24.0627 0.0000
v 56.9323 -24.1688 0.0000
v 57.0804 -24.3169 0.0000
v 57.1865 -24.2108 0.0000
v 57.0384 -24.0627 3.0000
v 56.9323 -24.1688 3.0000
v 57.0804 -24.3169 3.0000
v 57.1865 -24.2108 3.0000
v 57.3865 -24.4108 0.0000
v 57.2804 -24.5169 0.0000
v 57.4304 -24.6669 0.0000
v 57.5365 -24.5608 0.0000
v 57.3865 -24.4108 3.0000
v 57.2804 -24.5169 3.0000
v 57.4304 -24.6669 3.0000
v 57.5365 -24.5608 3.0000
v 57.0382 -24.1972 0.0000
v 56.9321 -24.3033 0.0000
v 57.0804 -24.4516 0.0000
v 57.1865 -24.3455 0.0000
v 57.0382 -24.1972 3.0000
v 56.9321 -24.3033 3.0000
v 57.0804 -24.4516 3.0000
v 57.1865 -24.3455 3.0000
v 57.3865 -24.5455 0.0000
v 57.2804 -24.6516 0.0000
v 57.4304 -24.8016 0.0000
v 57.5365 -24.6955 0.0000
v 57.3865 -24.5455 3.0000
v 57.2804 -24.6516 3.0000
v 57.4304 -24.8016 3.0000
v 57.5365 -24.6955 3.0000
v 57.0380 -24.3317 0.0000
v 56.9319 -24.4378 0.0000
v 57.0804 -24.5863 0.0000
v 57.1865 -24.4802 0.0000
v 57.0380 -24.3317 3.0000
v 56.9319 -24.4378 3.0000
v 57.0804 -24.5863 3.0000
v 57.1865 -24.4802 3.0000
v 57.3865 -24.6802 0.0000
v 57.2804 -24.7863 0.0000
v 57.4304 -24.9363 0.0000
v 57.5365 -24.8302 0.0000
v 57.3865 -24.6802 3.0000
v 57.2804 -24.7863 3.0000
v 57.4304 -24.9363 3.0000
v 57.5365 -24.8302 3.0000
v 57.0378 -24.4662 0.0000
v 56.9317 -24.5723 0.0000
v 57.0804 -24.7210 0.0000
v 57.1865 -24.6149 0.0000
v 57.0378 -24.4662 3.0000
v 56.9317 -24.5723 3.0000
v 57.0804 -24.7210 3.0000
v 57.1865 -24.6149 3.0000
v 57.3865 -24.8149 0.0000
v 57.2804 -24.9210 0.0000
v 57.4304 -25.0710 0.0000
v 57.5365 -24.9649 0.0000
v 57.3865 -24.8149 3.0000
v 57.2804 -24.9210 3.0000
v 57.4304 -25.0710 3.0000
v 57.5365 -24.9649 3.0000
v 57.0375 -24.6007 0.0000
v 56.9315 -24.7068 0.0000
v 57.0804 -24.8557 0.0000
v 57.1865 -24.7496 0.0000
v 57.0375 -24.6007 3.0000
v 56.9315 -24.7068 3.0000
v 57.0804 -24.8557 3.0000
v 57.1865 -24.7496 3.0000
v 57.3865 -24.9496 0.0000
v 57.2804 -25.0557 0.0000
v 57.4304 -25.2057 0.0000
v 57.5365 -25.0996 0.0000
v 57.3865 -24.9496 3.0000
v 57.2804 -25.0557 3.0000
v 57.4304 -25.2057 3.0000
v 57.5365 -25.0996 3.0000
v 57.0373 -24.7352 0.0000
v 56.9313 -24.8412 0.0000
v 57.1029 -25.0129 0.0000
v 57.2090 -24.9068 0.0000
v 57.0373 -24.7352 3.0000
v 56.9313 -24.8412 3.0000
v 57.1029 -25.0129 3.0000
v 57.2090 -24.9068 3.0000
v 57.3827 -25.0806 0.0000
v 57.2767 -25.1867 0.0000
v 57.4304 -25.3404 0.0000
v 57.5365 -25.2343 0.0000
v 57.3827 -25.0806 3.0000
v 57.2767 -25.1867 3.0000
v 57.4304 -25.3404 3.0000
v 57.5365 -25.2343 3.0000
v 57.0371 -24.8697 0.0000
v 56.9310 -24.9757 0.0000
v 57.0898 -25.1345 0.0000
v 57.1958 -25.0284 0.0000
v 57.0371 -24.8697 3.0000
v 56.9310 -24.9757 3.0000
v 57.0898 -25.1345 3.0000
v 57.1958 -25.0284 3.0000
v 57.2825 -25.1151 0.0000
v 57.1764 -25.2211 0.0000
v 57.4304 -25.4751 0.0000
v 57.5365 -25.3690 0.0000
v 57.2825 -25.1151 3.0000
v 57.1764 -25.2211 3.0000
v 57.4304 -25.4751 3.0000
v 57.5365 -25.3690 3.0000
v 57.0369 -25.0041 0.0000
v 56.9308 -25.1102 0.0000
v 57.1917 -25.3711 0.0000
v 57.2978 -25.2651 0.0000
v 57.0369 -25.0041 3.0000
v 56.9308 -25.1102 3.0000
v 57.1917 -25.3711 3.0000
v 57.2978 -25.2651 3.0000
v 57.3865 -25.3537 0.0000
v 57.2804 -25.4598 0.0000
v 57.4304 -25.6098 0.0000
v 57.5365 -25.5037 0.0000
v 57.3865 -25.3537 3.0000
v 57.2804 -25.4598 3.0000
v 57.4304 -25.6098 3.0000
v 57.5365 -25.5037 3.0000
v 57.0367 -25.1386 0.0000
v 56.9306 -25.2447 0.0000
v 57.0570 -25.3711 0.0000
v 57.1631 -25.2651 0.0000
v 57.0367 -25.1386 3.0000
v 56.9306 -25.2447 3.0000
v 57.0570 -25.3711 3.0000
v 57.1631 -25.2651 3.0000
v 57.3865 -25.4884 0.0000
v 57.2804 -25.5945 0.0000
v 57.4304 -25.7445 0.0000
v 57.5365 -25.6384 0.0000
v 57.3865 -25.4884 3.0000
v 57.2804 -25.5945 3.0000
v 57.4304 -25.7445 3.0000
v 57.5365 -25.6384 3.0000
v 57.3865 -25.6231 0.0000
v 57.2804 -25.7292 0.0000
v 57.4304 -25.8792 0.0000
v 57.5365 -25.7731 0.0000
v 57.3865 -25.6231 3.0000
v 57.2804 -25.7292 3.0000
v 57.4304 -25.8792 3.0000
v 57.5365 -25.7731 3.0000
v 57.3865 -25.7578 0.0000
v 57.2804 -25.8639 0.0000
v 57.4304 -26.0139 0.0000
v 57.5365 -25.9078 0.0000
v 57.3865 -25.7578 3.0000
v 57.2804 -25.8639 3.0000
v 57.4304 -26.0139 3.0000
v 57.5365 -25.9078 3.0000
v 57.3865 -25.8925 0.0000
v 57.2804 -25.9986 0.0000
v 57.4304 -26.1486 0.0000
v 57.5365 -26.0425 0.0000
v 57.3865 -25.8925 3.0000
v 57.2804 -25.9986 3.0000
v 57.4304 -26.1486 3.0000
v 57.5365 -26.0425 3.0000
v 57.3865 -26.0272 0.0000
v 57.2804 -26.1333 0.0000
v 57.4304 -26.2833 0.0000
v 57.5365 -26.1772 0.0000
v 57.3865 -26.0272 3.0000
v 57.2804 -26.1333 3.0000
v 57.4304 -26.2833 3.0000
v 57.5365 -26.1772 3.0000
v 57.3865 -26.1619 0.0000
v 57.2804 -26.2680 0.0000
v 57.3135 -26.3012 0.0000
v 57.4196 -26.1951 0.0000
v 57.3865 -26.1619 3.0000
v 57.2804 -26.2680 3.0000
v 57.3135 -26.3012 3.0000
v 57.4196 -26.1951 3.0000
v 57.4816 -35.8631 0.0000
v 57.4816 -35.7131 0.0000
v 57.3316 -35.7131 0.0000
v 57.3316 -35.8631 0.0000
v 57.4816 -35.8631 3.0000
v 57.4816 -35.7131 3.0000
v 57.3316 -35.7131 3.0000
v 57.3316 -35.8631 3.0000
v 57.2566 -35.7881 0.0000
v 57.4066 -35.7881 0.0000
v 57.4066 -32.8614 0.0000
v 57.2566 -32.8614 0.0000
v 57.2566 -35.7881 3.0000
v 57.4066 -35.7881 3.0000
v 57.4066 -32.8614 3.0000
v 57.2566 -32.8614 3.0000
v 57.3316 -32.7864 0.0000
v 57.3316 -32.9364 0.0000
v 57.4816 -32.9364 0.0000
v 57.4816 -32.7864 0.0000
v 57.3316 -32.7864 3.0000
v 57.3316 -32.9364 3.0000
v 57.4816 -32.9364 3.0000
v 57.4816 -32.7864 3.0000
v 57.5566 -32.8614 0.0000
v 57.4066 -32.8614 0.0000
v 57.4066 -35.7881 0.0000
v 57.5566 -35.7881 0.0000
v 57.5566 -32.8614 3.0000
v 57.4066 -32.8614 3.0000
v 57.4066 -35.7881 3.0000
v 57.5566 -35.7881 3.0000
v 49.4698 -25.2431 0.0000
v 49.4698 -25.3931 0.0000
v 53.6198 -25.3931 0.0000
v 53.6198 -25.2431 0.0000
v 49.4698 -25.2431 3.0000
v 49.4698 -25.3931 3.0000
v 53.6198 -25.3931 3.0000
v 53.6198 -25.2431 3.0000
v 49.4698 -26.0431 0.0000
v 49.4698 -26.1931 0.0000
v 49.6198 -26.1931 0.0000
v 49.6198 -26.0431 0.0000
v 49.4698 -26.0431 3.0000
v 49.4698 -26.1931 3.0000
v 49.6198 -26.1931 3.0000
v 49.6198 -26.0431 3.0000
v 53.7698 -25.2431 0.0000
v 53.7698 -25.3931 0.0000
v 56.1834 -25.3931 0.0000
v 56.1834 -25.2431 0.0000
v 53.7698 -25.2431 3.0000
v 53.7698 -25.3931 3.0000
v 56.1834 -25.3931 3.0000
v 56.1834 -25.2431 3.0000
v 56.1834 -25.2431 0.0000
v 56.1834 -25.0931 0.0000
v 49.6198 -25.0931 0.0000
v 49.6198 -25.2431 0.0000
v 56.1834 -25.2431 3.0000
v 56.1834 -25.0931 3.0000
v 49.6198 -25.0931 3.0000
v 49.6198 -25.2431 3.0000
v 50.4698 -23.4035 0.0000
v 50.4698 -23.2535 0.0000
v 50.3198 -23.2535 0.0000
v 50.3198 -23.4035 0.0000
v 50.4698 -23.4035 3.0000
v 50.4698 -23.2535 3.0000
v 50.3198 -23.2535 3.0000
v 50.3198 -23.4035 3.0000
v 49.5448 -24.4481 0.0000
v 49.3948 -24.4481 0.0000
v 49.3948 -25.3181 0.0000
v 49.5448 -25.3181 0.0000
v 49.5448 -24.4481 3.0000
v 49.3948 -24.4481 3.0000
v 49.3948 -25.3181 3.0000
v 49.5448 -25.3181 3.0000
v 49.3948 -26.2481 0.0000
v 49.5448 -26.2481 0.0000
v 49.5448 -26.1181 0.0000
v 49.3948 -26.1181 0.0000
v 49.3948 -26.2481 3.0000
v 49.5448 -26.2481 3.0000
v 49.5448 -26.1181 3.0000
v 49.3948 -26.1181 3.0000
v 49.3948 -25.3181 0.0000
v 49.5448 -25.3181 0.0000
v 49.5448 -23.1690 0.0000
v 49.3948 -23.1690 0.0000
v 49.3948 -25.3181 3.0000
v 49.5448 -25.3181 3.0000
v 49.5448 -23.1690 3.0000
v 49.3948 -23.1690 3.0000
v 49.6948 -23.3190 0.0000
v 49.5448 -23.3190 0.0000
v 49.5448 -25.1681 0.0000
v 49.6948 -25.1681 0.0000
v 49.6948 -23.3190 3.0000
v 49.5448 -23.3190 3.0000
v 49.5448 -25.1681 3.0000
v 49.6948 -25.1681 3.0000
v 49.6948 -26.1181 0.0000
v 49.5448 -26.1181 0.0000
v 49.5448 -26.2481 0.0000
v 49.6948 -26.2481 0.0000
v 49.6948 -26.1181 3.0000
v 49.5448 -26.1181 3.0000
v 49.5448 -26.2481 3.0000
v 49.6948 -26.2481 3.0000
v 50.3948 -23.3190 0.0000
v 50.2448 -23.3190 0.0000
v 50.2448 -25.1681 0.0000
v 50.3948 -25.1681 0.0000
v 50.3948 -23.3190 3.0000
v 50.2448 -23.3190 3.0000
v 50.2448 -25.1681 3.0000
v 50.3948 -25.1681 3.0000
v 50.5448 -23.1690 0.0000
v 50.3948 -23.1690 0.0000
v 50.3948 -25.1681 0.0000
v 50.5448 -25.1681 0.0000
v 50.5448 -23.1690 3.0000
v 50.3948 -23.1690 3.0000
v 50.3948 -25.1681 3.0000
v 50.5448 -25.1681 3.0000
v 53.6948 -25.3181 0.0000
v 53.5448 -25.3181 0.0000
v 53.5448 -26.5981 0.0000
v 53.6948 -26.5981 0.0000
v 53.6948 -25.3181 3.0000
v 53.5448 -25.3181 3.0000
v 53.5448 -26.5981 3.0000
v 53.6948 -26.5981 3.0000
v 53.8448 -25.3181 0.0000
v 53.6948 -25.3181 0.0000
v 53.6948 -26.5981 0.0000
v 53.8448 -26.5981 0.0000
v 53.8448 -25.3181 3.0000
v 53.6948 -25.3181 3.0000
v 53.6948 -26.5981 3.0000
v 53.8448 -26.5981 3.0000
v 50.4698 -23.2440 0.0000
v 50.4698 -23.0940 0.0000
v 49.4698 -23.0940 0.0000
v 49.4698 -23.2440 0.0000
v 50.4698 -23.2440 3.0000
v 50.4698 -23.0940 3.0000
v 49.4698 -23.0940 3.0000
v 49.4698 -23.2440 3.0000
v 50.3198 -23.3940 0.0000
v 50.3198 -23.2440 0.0000
v 49.6198 -23.2440 0.0000
v 49.6198 -23.3940 0.0000
v 50.3198 -23.3940 3.0000
v 50.3198 -23.2440 3.0000
v 49.6198 -23.2440 3.0000
v 49.6198 -23.3940 3.0000
v 57.0584 -23.1690 0.0000
v 56.9084 -23.1690 0.0000
v 56.9084 -23.3190 0.0000
v 57.0584 -23.3190 0.0000
v 57.0584 -23.1690 3.0000
v 56.9084 -23.1690 3.0000
v 56.9084 -23.3190 3.0000
v 57.0584 -23.3190 3.0000
v 56.2584 -25.1681 0.0000
v 56.1084 -25.1681 0.0000
v 56.1084 -25.3181 0.0000
v 56.2584 -25.3181 0.0000
v 56.2584 -25.1681 3.0000
v 56.1084 -25.1681 3.0000
v 56.1084 -25.3181 3.0000
v 56.2584 -25.3181 3.0000
v 57.0584 -23.3190 0.0000
v 56.9084 -23.3190 0.0000
v 56.9084 -25.3181 0.0000
v 57.0584 -25.3181 0.0000
v 57.0584 -23.3190 3.0000
v 56.9084 -23.3190 3.0000
v 56.9084 -25.3181 3.0000
v 57.0584 -25.3181 3.0000
v 31.0448 -11.4331 0.0000
v 31.0448 -11.5831 0.0000
v 31.1448 -11.5831 0.0000
v 31.1448 -11.4331 0.0000
v 31.0448 -11.4331 3.0000
v 31.0448 -11.5831 3.0000
v 31.1448 -11.5831 3.0000
v 31.1448 -11.4331 3.0000
v 31.2198 -11.5081 0.0000
v 31.0698 -11.5081 0.0000
v 31.0698 -15.8381 0.0000
v 31.2198 -15.8381 0.0000
v 31.2198 -11.5081 3.0000
v 31.0698 -11.5081 3.0000
v 31.0698 -15.8381 3.0000
v 31.2198 -15.8381 3.0000
v 31.2198 -15.8381 0.0000
v 31.0698 -15.8381 0.0000
v 31.0698 -15.9881 0.0000
v 31.2198 -15.9881 0.0000
v 31.2198 -15.8381 3.0000
v 31.0698 -15.8381 3.0000
v 31.0698 -15.9881 3.0000
v 31.2198 -15.9881 3.0000
v 31.2198 -15.9881 0.0000
v 31.0698 -15.9881 0.0000
v 31.0698 -16.0881 0.0000
v 31.2198 -16.0881 0.0000
v 31.2198 -15.9881 3.0000
v 31.0698 -15.9881 3.0000
v 31.0698 -16.0881 3.0000
v 31.2198 -16.0881 3.0000
v 31.1448 -16.1631 0.0000
v 31.1448 -16.0131 0.0000
v 31.0448 -16.0131 0.0000
v 31.0448 -16.1631 0.0000
v 31.1448 -16.1631 3.0000
v 31.1448 -16.0131 3.0000
v 31.0448 -16.0131 3.0000
v 31.0448 -16.1631 3.0000
v 30.9698 -16.0881 0.0000
v 31.1198 -16.0881 0.0000
v 31.1198 -11.5081 0.0000
v 30.9698 -11.5081 0.0000
v 30.9698 -16.0881 3.0000
v 31.1198 -16.0881 3.0000
v 31.1198 -11.5081 3.0000
v 30.9698 -11.5081 3.0000
v 108.3329 -32.8081 0.0000
v 108.8329 -32.8081 0.0000
v 108.8329 -32.3081 0.0000
v 108.3329 -32.3081 0.0000
v 108.3329 -32.8081 3.0000
v 108.8329 -32.8081 3.0000
v 108.8329 -32.3081 3.0000
v 108.3329 -32.3081 3.0000
v 108.4079 -32.8340 0.0000
v 108.8579 -32.8340 0.0000
v 108.8579 -32.3839 0.0000
v 108.4079 -32.3839 0.0000
v 108.4079 -32.8340 3.0000
v 108.8579 -32.8340 3.0000
v 108.8579 -32.3839 3.0000
v 108.4079 -32.3839 3.0000
v 100.8193 -32.8081 0.0000
v 101.3193 -32.8081 0.0000
v 101.3193 -32.3081 0.0000
v 100.8193 -32.3081 0.0000
v 100.8193 -32.8081 3.0000
v 101.3193 -32.8081 3.0000
v 101.3193 -32.3081 3.0000
v 100.8193 -32.3081 3.0000
v 100.8943 -32.8340 0.0000
v 101.3443 -32.8340 0.0000
v 101.3443 -32.3839 0.0000
v 100.8943 -32.3839 0.0000
v 100.8943 -32.8340 3.0000
v 101.3443 -32.8340 3.0000
v 101.3443 -32.3839 3.0000
v 100.8943 -32.3839 3.0000
v 108.3329 -26.6981 0.0000
v 108.8329 -26.6981 0.0000
v 108.8329 -26.1981 0.0000
v 108.3329 -26.1981 0.0000
v 108.3329 -26.6981 3.0000
v 108.8329 -26.6981 3.0000
v 108.8329 -26.1981 3.0000
v 108.3329 -26.1981 3.0000
v 108.4079 -26.7240 0.0000
v 108.8579 -26.7240 0.0000
v 108.8579 -26.2739 0.0000
v 108.4079 -26.2739 0.0000
v 108.4079 -26.7240 3.0000
v 108.8579 -26.7240 3.0000
v 108.8579 -26.2739 3.0000
v 108.4079 -26.2739 3.0000
v 100.8193 -26.6981 0.0000
v 101.3193 -26.6981 0.0000
v 101.3193 -26.1981 0.0000
v 100.8193 -26.1981 0.0000
v 100.8193 -26.6981 3.0000
v 101.3193 -26.6981 3.0000
v 101.3193 -26.1981 3.0000
v 100.8193 -26.1981 3.0000
v 100.8943 -26.7240 0.0000
v 101.3443 -26.7240 0.0000
v 101.3443 -26.2739 0.0000
v 100.8943 -26.2739 0.0000
v 100.8943 -26.7240 3.0000
v 101.3443 -26.7240 3.0000
v 101.3443 -26.2739 3.0000
v 100.8943 -26.2739 3.0000
v 108.3329 -21.6181 0.0000
v 108.8329 -21.6181 0.0000
v 108.8329 -21.1181 0.0000
v 108.3329 -21.1181 0.0000
v 108.3329 -21.6181 3.0000
v 108.8329 -21.6181 3.0000
v 108.8329 -21.1181 3.0000
v 108.3329 -21.1181 3.0000
v 108.4079 -21.6440 0.0000
v 108.8579 -21.6440 0.0000
v 108.8579 -21.1939 0.0000
v 108.4079 -21.1939 0.0000
v 108.4079 -21.6440 3.0000
v 108.8579 -21.6440 3.0000
v 108.8579 -21.1939 3.0000
v 108.4079 -21.1939 3.0000
v 108.3329 -16.5381 0.0000
v 108.8329 -16.5381 0.0000
v 108.8329 -16.0381 0.0000
v 108.3329 -16.0381 0.0000
v 108.3329 -16.5381 3.0000
v 108.8329 -16.5381 3.0000
v 108.8329 -16.0381 3.0000
v 108.3329 -16.0381 3.0000
v 108.4079 -16.5640 0.0000
v 108.8579 -16.5640 0.0000
v 108.8579 -16.1139 0.0000
v 108.4079 -16.1139 0.0000
v 108.4079 -16.5640 3.0000
v 108.8579 -16.5640 3.0000
v 108.8579 -16.1139 3.0000
v 108.4079 -16.1139 3.0000
v 108.3329 -11.4581 0.0000
v 108.8329 -11.4581 0.0000
v 108.8329 -10.9581 0.0000
v 108.3329 -10.9581 0.0000
v 108.3329 -11.4581 3.0000
v 108.8329 -11.4581 3.0000
v 108.8329 -10.9581 3.0000
v 108.3329 -10.9581 3.0000
v 108.4079 -11.4840 0.0000
v 108.8579 -11.4840 0.0000
v 108.8579 -11.0339 0.0000
v 108.4079 -11.0339 0.0000
v 108.4079 -11.4840 3.0000
v 108.8579 -11.4840 3.0000
v 108.8579 -11.0339 3.0000
v 108.4079 -11.0339 3.0000
v 108.3329 -6.3781 0.0000
v 108.8329 -6.3781 0.0000
v 108.8329 -5.8781 0.0000
v 108.3329 -5.8781 0.0000
v 108.3329 -6.3781 3.0000
v 108.8329 -6.3781 3.0000
v 108.8329 -5.8781 3.0000
v 108.3329 -5.8781 3.0000
v 108.4079 -6.4040 0.0000
v 108.8579 -6.4040 0.0000
v 108.8579 -5.9539 0.0000
v 108.4079 -5.9539 0.0000
v 108.4079 -6.4040 3.0000
v 108.8579 -6.4040 3.0000
v 108.8579 -5.9539 3.0000
v 108.4079 -5.9539 3.0000
v 100.8193 -21.6181 0.0000
v 101.3193 -21.6181 0.0000
v 101.3193 -21.1181 0.0000
v 100.8193 -21.1181 0.0000
v 100.8193 -21.6181 3.0000
v 101.3193 -21.6181 3.0000
v 101.3193 -21.1181 3.0000
v 100.8193 -21.1181 3.0000
v 100.8943 -21.6440 0.0000
v 101.3443 -21.6440 0.0000
v 101.3443 -21.1939 0.0000
v 100.8943 -21.1939 0.0000
v 100.8943 -21.6440 3.0000
v 101.3443 -21.6440 3.0000
v 101.3443 -21.1939 3.0000
v 100.8943 -21.1939 3.0000
v 100.8193 -16.5381 0.0000
v 101.3193 -16.5381 0.0000
v 101.3193 -16.0381 0.0000
v 100.8193 -16.0381 0.0000
v 100.8193 -16.5381 3.0000
v 101.3193 -16.5381 3.0000
v 101.3193 -16.0381 3.0000
v 100.8193 -16.0381 3.0000
v 100.8943 -16.5640 0.0000
v 101.3443 -16.5640 0.0000
v 101.3443 -16.1139 0.0000
v 100.8943 -16.1139 0.0000
v 100.8943 -16.5640 3.0000
v 101.3443 -16.5640 3.0000
v 101.3443 -16.1139 3.0000
v 100.8943 -16.1139 3.0000
v 100.8193 -11.4581 0.0000
v 101.3193 -11.4581 0.0000
v 101.3193 -10.9581 0.0000
v 100.8193 -10.9581 0.0000
v 100.8193 -11.4581 3.0000
v 101.3193 -11.4581 3.0000
v 101.3193 -10.9581 3.0000
v 100.8193 -10.9581 3.0000
v 100.8943 -11.4840 0.0000
v 101.3443 -11.4840 0.0000
v 101.3443 -11.0339 0.0000
v 100.8943 -11.0339 0.0000
v 100.8943 -11.4840 3.0000
v 101.3443 -11.4840 3.0000
v 101.3443 -11.0339 3.0000
v 100.8943 -11.0339 3.0000
v 100.8193 -6.3781 0.0000
v 101.3193 -6.3781 0.0000
v 101.3193 -5.8781 0.0000
v 100.8193 -5.8781 0.0000
v 100.8193 -6.3781 3.0000
v 101.3193 -6.3781 3.0000
v 101.3193 -5.8781 3.0000
v 100.8193 -5.8781 3.0000
v 100.8943 -6.4040 0.0000
v 101.3443 -6.4040 0.0000
v 101.3443 -5.9539 0.0000
v 100.8943 -5.9539 0.0000
v 100.8943 -6.4040 3.0000
v 101.3443 -6.4040 3.0000
v 101.3443 -5.9539 3.0000
v 100.8943 -5.9539 3.0000
v 100.8193 -1.2981 0.0000
v 101.3193 -1.2981 0.0000
v 101.3193 -0.7981 0.0000
v 100.8193 -0.7981 0.0000
v 100.8193 -1.2981 3.0000
v 101.3193 -1.2981 3.0000
v 101.3193 -0.7981 3.0000
v 100.8193 -0.7981 3.0000
v 100.8943 -1.3240 0.0000
v 101.3443 -1.3240 0.0000
v 101.3443 -0.8739 0.0000
v 100.8943 -0.8739 0.0000
v 100.8943 -1.3240 3.0000
v 101.3443 -1.3240 3.0000
v 101.3443 -0.8739 3.0000
v 100.8943 -0.8739 3.0000
v 100.8193 3.7819 0.0000
v 101.3193 3.7819 0.0000
v 101.3193 4.2819 0.0000
v 100.8193 4.2819 0.0000
v 100.8193 3.7819 3.0000
v 101.3193 3.7819 3.0000
v 101.3193 4.2819 3.0000
v 100.8193 4.2819 3.0000
v 100.8943 3.7560 0.0000
v 101.3443 3.7560 0.0000
v 101.3443 4.2061 0.0000
v 100.8943 4.2061 0.0000
v 100.8943 3.7560 3.0000
v 101.3443 3.7560 3.0000
v 101.3443 4.2061 3.0000
v 100.8943 4.2061 3.0000
v 100.8193 8.8619 0.0000
v 101.3193 8.8619 0.0000
v 101.3193 9.3619 0.0000
v 100.8193 9.3619 0.0000
v 100.8193 8.8619 3.0000
v 101.3193 8.8619 3.0000
v 101.3193 9.3619 3.0000
v 100.8193 9.3619 3.0000
v 100.8943 8.8360 0.0000
v 101.3443 8.8360 0.0000
v 101.3443 9.2861 0.0000
v 100.8943 9.2861 0.0000
v 100.8943 8.8360 3.0000
v 101.3443 8.8360 3.0000
v 101.3443 9.2861 3.0000
v 100.8943 9.2861 3.0000
v 100.8193 13.9419 0.0000
v 101.3193 13.9419 0.0000
v 101.3193 14.4419 0.0000
v 100.8193 14.4419 0.0000
v 100.8193 13.9419 3.0000
v 101.3193 13.9419 3.0000
v 101.3193 14.4419 3.0000
v 100.8193 14.4419 3.0000
v 100.8943 13.9160 0.0000
v 101.3443 13.9160 0.0000
v 101.3443 14.3661 0.0000
v 100.8943 14.3661 0.0000
v 100.8943 13.9160 3.0000
v 101.3443 13.9160 3.0000
v 101.3443 14.3661 3.0000
v 100.8943 14.3661 3.0000
v 108.3329 -1.2981 0.0000
v 108.8329 -1.2981 0.0000
v 108.8329 -0.7981 0.0000
v 108.3329 -0.7981 0.0000
v 108.3329 -1.2981 3.0000
v 108.8329 -1.2981 3.0000
v 108.8329 -0.7981 3.0000
v 108.3329 -0.7981 3.0000
v 108.4079 -1.3240 0.0000
v 108.8579 -1.3240 0.0000
v 108.8579 -0.8739 0.0000
v 108.4079 -0.8739 0.0000
v 108.4079 -1.3240 3.0000
v 108.8579 -1.3240 3.0000
v 108.8579 -0.8739 3.0000
v 108.4079 -0.8739 3.0000
v 108.3329 3.7819 0.0000
v 108.8329 3.7819 0.0000
v 108.8329 4.2819 0.0000
v 108.3329 4.2819 0.0000
v 108.3329 3.7819 3.0000
v 108.8329 3.7819 3.0000
v 108.8329 4.2819 3.0000
v 108.3329 4.2819 3.0000
v 108.4079 3.7560 0.0000
v 108.8579 3.7560 0.0000
v 108.8579 4.2061 0.0000
v 108.4079 4.2061 0.0000
v 108.4079 3.7560 3.0000
v 108.8579 3.7560 3.0000
v 108.8579 4.2061 3.0000
v 108.4079 4.2061 3.0000
v 108.3329 8.8619 0.0000
v 108.8329 8.8619 0.0000
v 108.8329 9.3619 0.0000
v 108.3329 9.3619 0.0000
v 108.3329 8.8619 3.0000
v 108.8329 8.8619 3.0000
v 108.8329 9.3619 3.0000
v 108.3329 9.3619 3.0000
v 108.4079 8.8360 0.0000
v 108.8579 8.8360 0.0000
v 108.8579 9.2861 0.0000
v 108.4079 9.2861 0.0000
v 108.4079 8.8360 3.0000
v 108.8579 8.8360 3.0000
v 108.8579 9.2861 3.0000
v 108.4079 9.2861 3.0000
v 108.3329 13.9419 0.0000
v 108.8329 13.9419 0.0000
v 108.8329 14.4419 0.0000
v 108.3329 14.4419 0.0000
v 108.3329 13.9419 3.0000
v 108.8329 13.9419 3.0000
v 108.8329 14.4419 3.0000
v 108.3329 14.4419 3.0000
v 108.4079 13.9160 0.0000
v 108.8579 13.9160 0.0000
v 108.8579 14.3661 0.0000
v 108.4079 14.3661 0.0000
v 108.4079 13.9160 3.0000
v 108.8579 13.9160 3.0000
v 108.8579 14.3661 3.0000
v 108.4079 14.3661 3.0000
v 107.9829 -36.3388 0.0000
v 107.9829 -36.6388 0.0000
v 108.8829 -36.6388 0.0000
v 108.8829 -36.3388 0.0000
v 107.9829 -36.3388 3.0000
v 107.9829 -36.6388 3.0000
v 108.8829 -36.6388 3.0000
v 108.8829 -36.3388 3.0000
v 109.0329 -36.4888 0.0000
v 108.7329 -36.4888 0.0000
v 108.7329 -36.9888 0.0000
v 109.0329 -36.9888 0.0000
v 109.0329 -36.4888 3.0000
v 108.7329 -36.4888 3.0000
v 108.7329 -36.9888 3.0000
v 109.0329 -36.9888 3.0000
v 108.8829 -37.1388 0.0000
v 108.8829 -36.8388 0.0000
v 107.9829 -36.8388 0.0000
v 107.9829 -37.1388 0.0000
v 108.8829 -37.1388 3.0000
v 108.8829 -36.8388 3.0000
v 107.9829 -36.8388 3.0000
v 107.9829 -37.1388 3.0000
v 107.8329 -36.9888 0.0000
v 108.1329 -36.9888 0.0000
v 108.1329 -36.4888 0.0000
v 107.8329 -36.4888 0.0000
v 107.8329 -36.9888 3.0000
v 108.1329 -36.9888 3.0000
v 108.1329 -36.4888 3.0000
v 107.8329 -36.4888 3.0000
v 108.8579 -37.1147 0.0000
v 108.8579 -36.8147 0.0000
v 108.0079 -36.8147 0.0000
v 108.0079 -37.1147 0.0000
v 108.8579 -37.1147 3.0000
v 108.8579 -36.8147 3.0000
v 108.0079 -36.8147 3.0000
v 108.0079 -37.1147 3.0000
v 107.8579 -36.9647 0.0000
v 108.1579 -36.9647 0.0000
v 108.1579 -36.5146 0.0000
v 107.8579 -36.5146 0.0000
v 107.8579 -36.9647 3.0000
v 108.1579 -36.9647 3.0000
v 108.1579 -36.5146 3.0000
v 107.8579 -36.5146 3.0000
v 108.0079 -36.3646 0.0000
v 108.0079 -36.6646 0.0000
v 108.8579 -36.6646 0.0000
v 108.8579 -36.3646 0.0000
v 108.0079 -36.3646 3.0000
v 108.0079 -36.6646 3.0000
v 108.8579 -36.6646 3.0000
v 108.8579 -36.3646 3.0000
v 109.0079 -36.5146 0.0000
v 108.7079 -36.5146 0.0000
v 108.7079 -36.9647 0.0000
v 109.0079 -36.9647 0.0000
v 109.0079 -36.5146 3.0000
v 108.7079 -36.5146 3.0000
v 108.7079 -36.9647 3.0000
v 109.0079 -36.9647 3.0000
v 100.8693 -36.3388 0.0000
v 100.8693 -36.6388 0.0000
v 101.7693 -36.6388 0.0000
v 101.7693 -36.3388 0.0000
v 100.8693 -36.3388 3.0000
v 100.8693 -36.6388 3.0000
v 101.7693 -36.6388 3.0000
v 101.7693 -36.3388 3.0000
v 101.9193 -36.4888 0.0000
v 101.6193 -36.4888 0.0000
v 101.6193 -36.9888 0.0000
v 101.9193 -36.9888 0.0000
v 101.9193 -36.4888 3.0000
v 101.6193 -36.4888 3.0000
v 101.6193 -36.9888 3.0000
v 101.9193 -36.9888 3.0000
v 101.7693 -37.1388 0.0000
v 101.7693 -36.8388 0.0000
v 100.8693 -36.8388 0.0000
v 100.8693 -37.1388 0.0000
v 101.7693 -37.1388 3.0000
v 101.7693 -36.8388 3.0000
v 100.8693 -36.8388 3.0000
v 100.8693 -37.1388 3.0000
v 100.7193 -36.9888 0.0000
v 101.0193 -36.9888 0.0000
v 101.0193 -36.4888 0.0000
v 100.7193 -36.4888 0.0000
v 100.7193 -36.9888 3.0000
v 101.0193 -36.9888 3.0000
v 101.0193 -36.4888 3.0000
v 100.7193 -36.4888 3.0000
v 101.7443 -37.1147 0.0000
v 101.7443 -36.8147 0.0000
v 100.8943 -36.8147 0.0000
v 100.8943 -37.1147 0.0000
v 101.7443 -37.1147 3.0000
v 101.7443 -36.8147 3.0000
v 100.8943 -36.8147 3.0000
v 100.8943 -37.1147 3.0000
v 100.7443 -36.9647 0.0000
v 101.0443 -36.9647 0.0000
v 101.0443 -36.5146 0.0000
v 100.7443 -36.5146 0.0000
v 100.7443 -36.9647 3.0000
v 101.0443 -36.9647 3.0000
v 101.0443 -36.5146 3.0000
v 100.7443 -36.5146 3.0000
v 100.8943 -36.3646 0.0000
v 100.8943 -36.6646 0.0000
v 101.7443 -36.6646 0.0000
v 101.7443 -36.3646 0.0000
v 100.8943 -36.3646 3.0000
v 100.8943 -36.6646 3.0000
v 101.7443 -36.6646 3.0000
v 101.7443 -36.3646 3.0000
v 101.8943 -36.5146 0.0000
v 101.5943 -36.5146 0.0000
v 101.5943 -36.9647 0.0000
v 101.8943 -36.9647 0.0000
v 101.8943 -36.5146 3.0000
v 101.5943 -36.5146 3.0000
v 101.5943 -36.9647 3.0000
v 101.8943 -36.9647 3.0000
v 82.0443 -36.3388 0.0000
v 82.0443 -36.6388 0.0000
v 82.9443 -36.6388 0.0000
v 82.9443 -36.3388 0.0000
v 82.0443 -36.3388 3.0000
v 82.0443 -36.6388 3.0000
v 82.9443 -36.6388 3.0000
v 82.9443 -36.3388 3.0000
v 83.0943 -36.4888 0.0000
v 82.7943 -36.4888 0.0000
v 82.7943 -36.9888 0.0000
v 83.0943 -36.9888 0.0000
v 83.0943 -36.4888 3.0000
v 82.7943 -36.4888 3.0000
v 82.7943 -36.9888 3.0000
v 83.0943 -36.9888 3.0000
v 82.9443 -37.1388 0.0000
v 82.9443 -36.8388 0.0000
v 82.0443 -36.8388 0.0000
v 82.0443 -37.1388 0.0000
v 82.9443 -37.1388 3.0000
v 82.9443 -36.8388 3.0000
v 82.0443 -36.8388 3.0000
v 82.0443 -37.1388 3.0000
v 81.8943 -36.9888 0.0000
v 82.1943 -36.9888 0.0000
v 82.1943 -36.4888 0.0000
v 81.8943 -36.4888 0.0000
v 81.8943 -36.9888 3.0000
v 82.1943 -36.9888 3.0000
v 82.1943 -36.4888 3.0000
v 81.8943 -36.4888 3.0000
v 82.9193 -37.1147 0.0000
v 82.9193 -36.8147 0.0000
v 82.0693 -36.8147 0.0000
v 82.0693 -37.1147 0.0000
v 82.9193 -37.1147 3.0000
v 82.9193 -36.8147 3.0000
v 82.0693 -36.8147 3.0000
v 82.0693 -37.1147 3.0000
v 81.9193 -36.9647 0.0000
v 82.2193 -36.9647 0.0000
v 82.2193 -36.5146 0.0000
v 81.9193 -36.5146 0.0000
v 81.9193 -36.9647 3.0000
v 82.2193 -36.9647 3.0000
v 82.2193 -36.5146 3.0000
v 81.9193 -36.5146 3.0000
v 82.0693 -36.3646 0.0000
v 82.0693 -36.6646 0.0000
v 82.9193 -36.6646 0.0000
v 82.9193 -36.3646 0.0000
v 82.0693 -36.3646 3.0000
v 82.0693 -36.6646 3.0000
v 82.9193 -36.6646 3.0000
v 82.9193 -36.3646 3.0000
v 83.0693 -36.5146 0.0000
v 82.7693 -36.5146 0.0000
v 82.7693 -36.9647 0.0000
v 83.0693 -36.9647 0.0000
v 83.0693 -36.5146 3.0000
v 82.7693 -36.5146 3.0000
v 82.7693 -36.9647 3.0000
v 83.0693 -36.9647 3.0000
v 74.9307 -36.3388 0.0000
v 74.9307 -36.6388 0.0000
v 75.8307 -36.6388 0.0000
v 75.8307 -36.3388 0.0000
v 74.9307 -36.3388 3.0000
v 74.9307 -36.6388 3.0000
v 75.8307 -36.6388 3.0000
v 75.8307 -36.3388 3.0000
v 75.9807 -36.4888 0.0000
v 75.6807 -36.4888 0.0000
v 75.6807 -36.9888 0.0000
v 75.9807 -36.9888 0.0000
v 75.9807 -36.4888 3.0000
v 75.6807 -36.4888 3.0000
v 75.6807 -36.9888 3.0000
v 75.9807 -36.9888 3.0000
v 75.8307 -37.1388 0.0000
v 75.8307 -36.8388 0.0000
v 74.9307 -36.8388 0.0000
v 74.9307 -37.1388 0.0000
v 75.8307 -37.1388 3.0000
v 75.8307 -36.8388 3.0000
v 74.9307 -36.8388 3.0000
v 74.9307 -37.1388 3.0000
v 74.7807 -36.9888 0.0000
v 75.0807 -36.9888 0.0000
v 75.0807 -36.4888 0.0000
v 74.7807 -36.4888 0.0000
v 74.7807 -36.9888 3.0000
v 75.0807 -36.9888 3.0000
v 75.0807 -36.4888 3.0000
v 74.7807 -36.4888 3.0000
v 75.8057 -37.1147 0.0000
v 75.8057 -36.8147 0.0000
v 74.9557 -36.8147 0.0000
v 74.9557 -37.1147 0.0000
v 75.8057 -37.1147 3.0000
v 75.8057 -36.8147 3.0000
v 74.9557 -36.8147 3.0000
v 74.9557 -37.1147 3.0000
v 74.8057 -36.9647 0.0000
v 75.1057 -36.9647 0.0000
v 75.1057 -36.5146 0.0000
v 74.8057 -36.5146 0.0000
v 74.8057 -36.9647 3.0000
v 75.1057 -36.9647 3.0000
v 75.1057 -36.5146 3.0000
v 74.8057 -36.5146 3.0000
v 74.9557 -36.3646 0.0000
v 74.9557 -36.6646 0.0000
v 75.8057 -36.6646 0.0000
v 75.8057 -36.3646 0.0000
v 74.9557 -36.3646 3.0000
v 74.9557 -36.6646 3.0000
v 75.8057 -36.6646 3.0000
v 75.8057 -36.3646 3.0000
v 75.9557 -36.5146 0.0000
v 75.6557 -36.5146 0.0000
v 75.6557 -36.9647 0.0000
v 75.9557 -36.9647 0.0000
v 75.9557 -36.5146 3.0000
v 75.6557 -36.5146 3.0000
v 75.6557 -36.9647 3.0000
v 75.9557 -36.9647 3.0000
v 82.3943 -32.8081 0.0000
v 82.8943 -32.8081 0.0000
v 82.8943 -32.3081 0.0000
v 82.3943 -32.3081 0.0000
v 82.3943 -32.8081 3.0000
v 82.8943 -32.8081 3.0000
v 82.8943 -32.3081 3.0000
v 82.3943 -32.3081 3.0000
v 82.4693 -32.8340 0.0000
v 82.9193 -32.8340 0.0000
v 82.9193 -32.3839 0.0000
v 82.4693 -32.3839 0.0000
v 82.4693 -32.8340 3.0000
v 82.9193 -32.8340 3.0000
v 82.9193 -32.3839 3.0000
v 82.4693 -32.3839 3.0000
v 74.8807 -32.8081 0.0000
v 75.3807 -32.8081 0.0000
v 75.3807 -32.3081 0.0000
v 74.8807 -32.3081 0.0000
v 74.8807 -32.8081 3.0000
v 75.3807 -32.8081 3.0000
v 75.3807 -32.3081 3.0000
v 74.8807 -32.3081 3.0000
v 74.9557 -32.8340 0.0000
v 75.4057 -32.8340 0.0000
v 75.4057 -32.3839 0.0000
v 74.9557 -32.3839 0.0000
v 74.9557 -32.8340 3.0000
v 75.4057 -32.8340 3.0000
v 75.4057 -32.3839 3.0000
v 74.9557 -32.3839 3.0000
v 82.3943 -26.6981 0.0000
v 82.8943 -26.6981 0.0000
v 82.8943 -26.1981 0.0000
v 82.3943 -26.1981 0.0000
v 82.3943 -26.6981 3.0000
v 82.8943 -26.6981 3.0000
v 82.8943 -26.1981 3.0000
v 82.3943 -26.1981 3.0000
v 82.4693 -26.7240 0.0000
v 82.9193 -26.7240 0.0000
v 82.9193 -26.2739 0.0000
v 82.4693 -26.2739 0.0000
v 82.4693 -26.7240 3.0000
v 82.9193 -26.7240 3.0000
v 82.9193 -26.2739 3.0000
v 82.4693 -26.2739 3.0000
v 74.8807 -26.6981 0.0000
v 75.3807 -26.6981 0.0000
v 75.3807 -26.1981 0.0000
v 74.8807 -26.1981 0.0000
v 74.8807 -26.6981 3.0000
v 75.3807 -26.6981 3.0000
v 75.3807 -26.1981 3.0000
v 74.8807 -26.1981 3.0000
v 74.9557 -26.7240 0.0000
v 75.4057 -26.7240 0.0000
v 75.4057 -26.2739 0.0000
v 74.9557 -26.2739 0.0000
v 74.9557 -26.7240 3.0000
v 75.4057 -26.7240 3.0000
v 75.4057 -26.2739 3.0000
v 74.9557 -26.2739 3.0000
v 82.3943 -21.6181 0.0000
v 82.8943 -21.6181 0.0000
v 82.8943 -21.1181 0.0000
v 82.3943 -21.1181 0.0000
v 82.3943 -21.6181 3.0000
v 82.8943 -21.6181 3.0000
v 82.8943 -21.1181 3.0000
v 82.3943 -21.1181 3.0000
v 82.4693 -21.6440 0.0000
v 82.9193 -21.6440 0.0000
v 82.9193 -21.1939 0.0000
v 82.4693 -21.1939 0.0000
v 82.4693 -21.6440 3.0000
v 82.9193 -21.6440 3.0000
v 82.9193 -21.1939 3.0000
v 82.4693 -21.1939 3.0000
v 74.8807 -21.6181 0.0000
v 75.3807 -21.6181 0.0000
v 75.3807 -21.1181 0.0000
v 74.8807 -21.1181 0.0000
v 74.8807 -21.6181 3.0000
v 75.3807 -21.6181 3.0000
v 75.3807 -21.1181 3.0000
v 74.8807 -21.1181 3.0000
v 74.9557 -21.6440 0.0000
v 75.4057 -21.6440 0.0000
v 75.4057 -21.1939 0.0000
v 74.9557 -21.1939 0.0000
v 74.9557 -21.6440 3.0000
v 75.4057 -21.6440 3.0000
v 75.4057 -21.1939 3.0000
v 74.9557 -21.1939 3.0000
v 82.3943 -16.5381 0.0000
v 82.8943 -16.5381 0.0000
v 82.8943 -16.0381 0.0000
v 82.3943 -16.0381 0.0000
v 82.3943 -16.5381 3.0000
v 82.8943 -16.5381 3.0000
v 82.8943 -16.0381 3.0000
v 82.3943 -16.0381 3.0000
v 82.4693 -16.5640 0.0000
v 82.9193 -16.5640 0.0000
v 82.9193 -16.1139 0.0000
v 82.4693 -16.1139 0.0000
v 82.4693 -16.5640 3.0000
v 82.9193 -16.5640 3.0000
v 82.9193 -16.1139 3.0000
v 82.4693 -16.1139 3.0000
v 74.8807 -16.5381 0.0000
v 75.3807 -16.5381 0.0000
v 75.3807 -16.0381 0.0000
v 74.8807 -16.0381 0.0000
v 74.8807 -16.5381 3.0000
v 75.3807 -16.5381 3.0000
v 75.3807 -16.0381 3.0000
v 74.8807 -16.0381 3.0000
v 74.9557 -16.5640 0.0000
v 75.4057 -16.5640 0.0000
v 75.4057 -16.1139 0.0000
v 74.9557 -16.1139 0.0000
v 74.9557 -16.5640 3.0000
v 75.4057 -16.5640 3.0000
v 75.4057 -16.1139 3.0000
v 74.9557 -16.1139 3.0000
v 82.3943 -11.4581 0.0000
v 82.8943 -11.4581 0.0000
v 82.8943 -10.9581 0.0000
v 82.3943 -10.9581 0.0000
v 82.3943 -11.4581 3.0000
v 82.8943 -11.4581 3.0000
v 82.8943 -10.9581 3.0000
v 82.3943 -10.9581 3.0000
v 82.4693 -11.4840 0.0000
v 82.9193 -11.4840 0.0000
v 82.9193 -11.0339 0.0000
v 82.4693 -11.0339 0.0000
v 82.4693 -11.4840 3.0000
v 82.9193 -11.4840 3.0000
v 82.9193 -11.0339 3.0000
v 82.4693 -11.0339 3.0000
v 74.8807 -11.4581 0.0000
v 75.3807 -11.4581 0.0000
v 75.3807 -10.9581 0.0000
v 74.8807 -10.9581 0.0000
v 74.8807 -11.4581 3.0000
v 75.3807 -11.4581 3.0000
v 75.3807 -10.9581 3.0000
v 74.8807 -10.9581 3.0000
v 74.9557 -11.4840 0.0000
v 75.4057 -11.4840 0.0000
v 75.4057 -11.0339 0.0000
v 74.9557 -11.0339 0.0000
v 74.9557 -11.4840 3.0000
v 75.4057 -11.4840 3.0000
v 75.4057 -11.0339 3.0000
v 74.9557 -11.0339 3.0000
v 82.3943 -6.3781 0.0000
v 82.8943 -6.3781 0.0000
v 82.8943 -5.8781 0.0000
v 82.3943 -5.8781 0.0000
v 82.3943 -6.3781 3.0000
v 82.8943 -6.3781 3.0000
v 82.8943 -5.8781 3.0000
v 82.3943 -5.8781 3.0000
v 82.4693 -6.4040 0.0000
v 82.9193 -6.4040 0.0000
v 82.9193 -5.9539 0.0000
v 82.4693 -5.9539 0.0000
v 82.4693 -6.4040 3.0000
v 82.9193 -6.4040 3.0000
v 82.9193 -5.9539 3.0000
v 82.4693 -5.9539 3.0000
v 74.8807 -6.3781 0.0000
v 75.3807 -6.3781 0.0000
v 75.3807 -5.8781 0.0000
v 74.8807 -5.8781 0.0000
v 74.8807 -6.3781 3.0000
v 75.3807 -6.3781 3.0000
v 75.3807 -5.8781 3.0000
v 74.8807 -5.8781 3.0000
v 74.9557 -6.4040 0.0000
v 75.4057 -6.4040 0.0000
v 75.4057 -5.9539 0.0000
v 74.9557 -5.9539 0.0000
v 74.9557 -6.4040 3.0000
v 75.4057 -6.4040 3.0000
v 75.4057 -5.9539 3.0000
v 74.9557 -5.9539 3.0000
v 82.3943 -1.2981 0.0000
v 82.8943 -1.2981 0.0000
v 82.8943 -0.7981 0.0000
v 82.3943 -0.7981 0.0000
v 82.3943 -1.2981 3.0000
v 82.8943 -1.2981 3.0000
v 82.8943 -0.7981 3.0000
v 82.3943 -0.7981 3.0000
v 82.4693 -1.3240 0.0000
v 82.9193 -1.3240 0.0000
v 82.9193 -0.8739 0.0000
v 82.4693 -0.8739 0.0000
v 82.4693 -1.3240 3.0000
v 82.9193 -1.3240 3.0000
v 82.9193 -0.8739 3.0000
v 82.4693 -0.8739 3.0000
v 74.8807 -1.2981 0.0000
v 75.3807 -1.2981 0.0000
v 75.3807 -0.7981 0.0000
v 74.8807 -0.7981 0.0000
v 74.8807 -1.2981 3.0000
v 75.3807 -1.2981 3.0000
v 75.3807 -0.7981 3.0000
v 74.8807 -0.7981 3.0000
v 74.9557 -1.3240 0.0000
v 75.4057 -1.3240 0.0000
v 75.4057 -0.8739 0.0000
v 74.9557 -0.8739 0.0000
v 74.9557 -1.3240 3.0000
v 75.4057 -1.3240 3.0000
v 75.4057 -0.8739 3.0000
v 74.9557 -0.8739 3.0000
v 82.3943 3.7819 0.0000
v 82.8943 3.7819 0.0000
v 82.8943 4.2819 0.0000
v 82.3943 4.2819 0.0000
v 82.3943 3.7819 3.0000
v 82.8943 3.7819 3.0000
v 82.8943 4.2819 3.0000
v 82.3943 4.2819 3.0000
v 82.4693 3.7560 0.0000
v 82.9193 3.7560 0.0000
v 82.9193 4.2061 0.0000
v 82.4693 4.2061 0.0000
v 82.4693 3.7560 3.0000
v 82.9193 3.7560 3.0000
v 82.9193 4.2061 3.0000
v 82.4693 4.2061 3.0000
v 74.8807 3.7819 0.0000
v 75.3807 3.7819 0.0000
v 75.3807 4.2819 0.0000
v 74.8807 4.2819 0.0000
v 74.8807 3.7819 3.0000
v 75.3807 3.7819 3.0000
v 75.3807 4.2819 3.0000
v 74.8807 4.2819 3.0000
v 74.9557 3.7560 0.0000
v 75.4057 3.7560 0.0000
v 75.4057 4.2061 0.0000
v 74.9557 4.2061 0.0000
v 74.9557 3.7560 3.0000
v 75.4057 3.7560 3.0000
v 75.4057 4.2061 3.0000
v 74.9557 4.2061 3.0000
v 82.3943 8.8619 0.0000
v 82.8943 8.8619 0.0000
v 82.8943 9.3619 0.0000
v 82.3943 9.3619 0.0000
v 82.3943 8.8619 3.0000
v 82.8943 8.8619 3.0000
v 82.8943 9.3619 3.0000
v 82.3943 9.3619 3.0000
v 82.4693 8.8360 0.0000
v 82.9193 8.8360 0.0000
v 82.9193 9.2861 0.0000
v 82.4693 9.2861 0.0000
v 82.4693 8.8360 3.0000
v 82.9193 8.8360 3.0000
v 82.9193 9.2861 3.0000
v 82.4693 9.2861 3.0000
v 74.8807 8.8619 0.0000
v 75.3807 8.8619 0.0000
v 75.3807 9.3619 0.0000
v 74.8807 9.3619 0.0000
v 74.8807 8.8619 3.0000
v 75.3807 8.8619 3.0000
v 75.3807 9.3619 3.0000
v 74.8807 9.3619 3.0000
v 74.9557 8.8360 0.0000
v 75.4057 8.8360 0.0000
v 75.4057 9.2861 0.0000
v 74.9557 9.2861 0.0000
v 74.9557 8.8360 3.0000
v 75.4057 8.8360 3.0000
v 75.4057 9.2861 3.0000
v 74.9557 9.2861 3.0000
v 82.3943 13.9419 0.0000
v 82.8943 13.9419 0.0000
v 82.8943 14.4419 0.0000
v 82.3943 14.4419 0.0000
v 82.3943 13.9419 3.0000
v 82.8943 13.9419 3.0000
v 82.8943 14.4419 3.0000
v 82.3943 14.4419 3.0000
v 82.4693 13.9160 0.0000
v 82.9193 13.9160 0.0000
v 82.9193 14.3661 0.0000
v 82.4693 14.3661 0.0000
v 82.4693 13.9160 3.0000
v 82.9193 13.9160 3.0000
v 82.9193 14.3661 3.0000
v 82.4693 14.3661 3.0000
v 74.8807 13.9419 0.0000
v 75.3807 13.9419 0.0000
v 75.3807 14.4419 0.0000
v 74.8807 14.4419 0.0000
v 74.8807 13.9419 3.0000
v 75.3807 13.9419 3.0000
v 75.3807 14.4419 3.0000
v 74.8807 14.4419 3.0000
v 74.9557 13.9160 0.0000
v 75.4057 13.9160 0.0000
v 75.4057 14.3661 0.0000
v 74.9557 14.3661 0.0000
v 74.9557 13.9160 3.0000
v 75.4057 13.9160 3.0000
v 75.4057 14.3661 3.0000
v 74.9557 14.3661 3.0000
v 82.3943 16.8719 0.0000
v 82.8943 16.8719 0.0000
v 82.8943 17.3719 0.0000
v 82.3943 17.3719 0.0000
v 82.3943 16.8719 3.0000
v 82.8943 16.8719 3.0000
v 82.8943 17.3719 3.0000
v 82.3943 17.3719 3.0000
v 82.4693 16.8460 0.0000
v 82.9193 16.8460 0.0000
v 82.9193 17.2961 0.0000
v 82.4693 17.2961 0.0000
v 82.4693 16.8460 3.0000
v 82.9193 16.8460 3.0000
v 82.9193 17.2961 3.0000
v 82.4693 17.2961 3.0000
v 74.8807 16.8719 0.0000
v 75.3807 16.8719 0.0000
v 75.3807 17.3719 0.0000
v 74.8807 17.3719 0.0000
v 74.8807 16.8719 3.0000
v 75.3807 16.8719 3.0000
v 75.3807 17.3719 3.0000
v 74.8807 17.3719 3.0000
v 74.9557 16.8460 0.0000
v 75.4057 16.8460 0.0000
v 75.4057 17.2961 0.0000
v 74.9557 17.2961 0.0000
v 74.9557 16.8460 3.0000
v 75.4057 16.8460 3.0000
v 75.4057 17.2961 3.0000
v 74.9557 17.2961 3.0000
v 97.9218 -28.9456 0.0000
v 98.4218 -28.9456 0.0000
v 98.4218 -28.4456 0.0000
v 97.9218 -28.4456 0.0000
v 97.9218 -28.9456 3.0000
v 98.4218 -28.9456 3.0000
v 98.4218 -28.4456 3.0000
v 97.9218 -28.4456 3.0000
v 97.8959 -28.9706 0.0000
v 98.3460 -28.9706 0.0000
v 98.3460 -28.5206 0.0000
v 97.8959 -28.5206 0.0000
v 97.8959 -28.9706 3.0000
v 98.3460 -28.9706 3.0000
v 98.3460 -28.5206 3.0000
v 97.8959 -28.5206 3.0000
v 97.9218 -19.5131 0.0000
v 98.4218 -19.5131 0.0000
v 98.4218 -19.0131 0.0000
v 97.9218 -19.0131 0.0000
v 97.9218 -19.5131 3.0000
v 98.4218 -19.5131 3.0000
v 98.4218 -19.0131 3.0000
v 97.9218 -19.0131 3.0000
v 97.8959 -19.5381 0.0000
v 98.3460 -19.5381 0.0000
v 98.3460 -19.0881 0.0000
v 97.8959 -19.0881 0.0000
v 97.8959 -19.5381 3.0000
v 98.3460 -19.5381 3.0000
v 98.3460 -19.0881 3.0000
v 97.8959 -19.0881 3.0000
v 85.4943 -19.5131 0.0000
v 85.9943 -19.5131 0.0000
v 85.9943 -19.0131 0.0000
v 85.4943 -19.0131 0.0000
v 85.4943 -19.5131 3.0000
v 85.9943 -19.5131 3.0000
v 85.9943 -19.0131 3.0000
v 85.4943 -19.0131 3.0000
v 85.4684 -19.5381 0.0000
v 85.9185 -19.5381 0.0000
v 85.9185 -19.0881 0.0000
v 85.4684 -19.0881 0.0000
v 85.4684 -19.5381 3.0000
v 85.9185 -19.5381 3.0000
v 85.9185 -19.0881 3.0000
v 85.4684 -19.0881 3.0000
v 82.3943 25.5352 0.0000
v 82.8943 25.5352 0.0000
v 82.8943 26.0352 0.0000
v 82.3943 26.0352 0.0000
v 82.3943 25.5352 3.0000
v 82.8943 25.5352 3.0000
v 82.8943 26.0352 3.0000
v 82.3943 26.0352 3.0000
v 82.4693 25.5093 0.0000
v 82.9193 25.5093 0.0000
v 82.9193 25.9594 0.0000
v 82.4693 25.9594 0.0000
v 82.4693 25.5093 3.0000
v 82.9193 25.5093 3.0000
v 82.9193 25.9594 3.0000
v 82.4693 25.9594 3.0000
v 74.9307 26.1352 0.0000
v 74.9307 25.8352 0.0000
v 75.8307 25.8352 0.0000
v 75.8307 26.1352 0.0000
v 74.9307 26.1352 3.0000
v 74.9307 25.8352 3.0000
v 75.8307 25.8352 3.0000
v 75.8307 26.1352 3.0000
v 75.9807 25.9852 0.0000
v 75.6807 25.9852 0.0000
v 75.6807 25.4852 0.0000
v 75.9807 25.4852 0.0000
v 75.9807 25.9852 3.0000
v 75.6807 25.9852 3.0000
v 75.6807 25.4852 3.0000
v 75.9807 25.4852 3.0000
v 75.8307 25.3352 0.0000
v 75.8307 25.6352 0.0000
v 74.9307 25.6352 0.0000
v 74.9307 25.3352 0.0000
v 75.8307 25.3352 3.0000
v 75.8307 25.6352 3.0000
v 74.9307 25.6352 3.0000
v 74.9307 25.3352 3.0000
v 74.7807 25.4852 0.0000
v 75.0807 25.4852 0.0000
v 75.0807 25.9852 0.0000
v 74.7807 25.9852 0.0000
v 74.7807 25.4852 3.0000
v 75.0807 25.4852 3.0000
v 75.0807 25.9852 3.0000
v 74.7807 25.9852 3.0000
v 75.8057 25.3593 0.0000
v 75.8057 25.6593 0.0000
v 74.9557 25.6593 0.0000
v 74.9557 25.3593 0.0000
v 75.8057 25.3593 3.0000
v 75.8057 25.6593 3.0000
v 74.9557 25.6593 3.0000
v 74.9557 25.3593 3.0000
v 74.8057 25.5093 0.0000
v 75.1057 25.5093 0.0000
v 75.1057 25.9594 0.0000
v 74.8057 25.9594 0.0000
v 74.8057 25.5093 3.0000
v 75.1057 25.5093 3.0000
v 75.1057 25.9594 3.0000
v 74.8057 25.9594 3.0000
v 74.9557 26.1094 0.0000
v 74.9557 25.8094 0.0000
v 75.8057 25.8094 0.0000
v 75.8057 26.1094 0.0000
v 74.9557 26.1094 3.0000
v 74.9557 25.8094 3.0000
v 75.8057 25.8094 3.0000
v 75.8057 26.1094 3.0000
v 75.9557 25.9594 0.0000
v 75.6557 25.9594 0.0000
v 75.6557 25.5093 0.0000
v 75.9557 25.5093 0.0000
v 75.9557 25.9594 3.0000
v 75.6557 25.9594 3.0000
v 75.6557 25.5093 3.0000
v 75.9557 25.5093 3.0000
v 85.3743 16.7719 0.0000
v 86.0743 16.7719 0.0000
v 86.0743 17.4719 0.0000
v 85.3743 17.4719 0.0000
v 85.3743 16.7719 3.0000
v 86.0743 16.7719 3.0000
v 86.0743 17.4719 3.0000
v 85.3743 17.4719 3.0000
v 85.4693 16.7460 0.0000
v 86.1193 16.7460 0.0000
v 86.1193 17.3960 0.0000
v 85.4693 17.3960 0.0000
v 85.4693 16.7460 3.0000
v 86.1193 16.7460 3.0000
v 86.1193 17.3960 3.0000
v 85.4693 17.3960 3.0000
v 85.0443 26.1352 0.0000
v 85.0443 25.8352 0.0000
v 85.9443 25.8352 0.0000
v 85.9443 26.1352 0.0000
v 85.0443 26.1352 3.0000
v 85.0443 25.8352 3.0000
v 85.9443 25.8352 3.0000
v 85.9443 26.1352 3.0000
v 86.0943 25.9852 0.0000
v 85.7943 25.9852 0.0000
v 85.7943 25.4852 0.0000
v 86.0943 25.4852 0.0000
v 86.0943 25.9852 3.0000
v 85.7943 25.9852 3.0000
v 85.7943 25.4852 3.0000
v 86.0943 25.4852 3.0000
v 85.9443 25.3352 0.0000
v 85.9443 25.6352 0.0000
v 85.0443 25.6352 0.0000
v 85.0443 25.3352 0.0000
v 85.9443 25.3352 3.0000
v 85.9443 25.6352 3.0000
v 85.0443 25.6352 3.0000
v 85.0443 25.3352 3.0000
v 84.8943 25.4852 0.0000
v 85.1943 25.4852 0.0000
v 85.1943 25.9852 0.0000
v 84.8943 25.9852 0.0000
v 84.8943 25.4852 3.0000
v 85.1943 25.4852 3.0000
v 85.1943 25.9852 3.0000
v 84.8943 25.9852 3.0000
v 85.9193 25.3593 0.0000
v 85.9193 25.6593 0.0000
v 85.0693 25.6593 0.0000
v 85.0693 25.3593 0.0000
v 85.9193 25.3593 3.0000
v 85.9193 25.6593 3.0000
v 85.0693 25.6593 3.0000
v 85.0693 25.3593 3.0000
v 84.9193 25.5093 0.0000
v 85.2193 25.5093 0.0000
v 85.2193 25.9594 0.0000
v 84.9193 25.9594 0.0000
v 84.9193 25.5093 3.0000
v 85.2193 25.5093 3.0000
v 85.2193 25.9594 3.0000
v 84.9193 25.9594 3.0000
v 85.0693 26.1094 0.0000
v 85.0693 25.8094 0.0000
v 85.9193 25.8094 0.0000
v 85.9193 26.1094 0.0000
v 85.0693 26.1094 3.0000
v 85.0693 25.8094 3.0000
v 85.9193 25.8094 3.0000
v 85.9193 26.1094 3.0000
v 86.0693 25.9594 0.0000
v 85.7693 25.9594 0.0000
v 85.7693 25.5093 0.0000
v 86.0693 25.5093 0.0000
v 86.0693 25.9594 3.0000
v 85.7693 25.9594 3.0000
v 85.7693 25.5093 3.0000
v 86.0693 25.5093 3.0000
v 108.3329 16.8719 0.0000
v 108.8329 16.8719 0.0000
v 108.8329 17.3719 0.0000
v 108.3329 17.3719 0.0000
v 108.3329 16.8719 3.0000
v 108.8329 16.8719 3.0000
v 108.8329 17.3719 3.0000
v 108.3329 17.3719 3.0000
v 108.4079 16.8460 0.0000
v 108.8579 16.8460 0.0000
v 108.8579 17.2961 0.0000
v 108.4079 17.2961 0.0000
v 108.4079 16.8460 3.0000
v 108.8579 16.8460 3.0000
v 108.8579 17.2961 3.0000
v 108.4079 17.2961 3.0000
v 107.9829 26.1352 0.0000
v 107.9829 25.8352 0.0000
v 108.8829 25.8352 0.0000
v 108.8829 26.1352 0.0000
v 107.9829 26.1352 3.0000
v 107.9829 25.8352 3.0000
v 108.8829 25.8352 3.0000
v 108.8829 26.1352 3.0000
v 109.0329 25.9852 0.0000
v 108.7329 25.9852 0.0000
v 108.7329 25.4852 0.0000
v 109.0329 25.4852 0.0000
v 109.0329 25.9852 3.0000
v 108.7329 25.9852 3.0000
v 108.7329 25.4852 3.0000
v 109.0329 25.4852 3.0000
v 108.8829 25.3352 0.0000
v 108.8829 25.6352 0.0000
v 107.9829 25.6352 0.0000
v 107.9829 25.3352 0.0000
v 108.8829 25.3352 3.0000
v 108.8829 25.6352 3.0000
v 107.9829 25.6352 3.0000
v 107.9829 25.3352 3.0000
v 107.8329 25.4852 0.0000
v 108.1329 25.4852 0.0000
v 108.1329 25.9852 0.0000
v 107.8329 25.9852 0.0000
v 107.8329 25.4852 3.0000
v 108.1329 25.4852 3.0000
v 108.1329 25.9852 3.0000
v 107.8329 25.9852 3.0000
v 108.8579 25.3593 0.0000
v 108.8579 25.6593 0.0000
v 108.0079 25.6593 0.0000
v 108.0079 25.3593 0.0000
v 108.8579 25.3593 3.0000
v 108.8579 25.6593 3.0000
v 108.0079 25.6593 3.0000
v 108.0079 25.3593 3.0000
v 107.8579 25.5093 0.0000
v 108.1579 25.5093 0.0000
v 108.1579 25.9594 0.0000
v 107.8579 25.9594 0.0000
v 107.8579 25.5093 3.0000
v 108.1579 25.5093 3.0000
v 108.1579 25.9594 3.0000
v 107.8579 25.9594 3.0000
v 108.0079 26.1094 0.0000
v 108.0079 25.8094 0.0000
v 108.8579 25.8094 0.0000
v 108.8579 26.1094 0.0000
v 108.0079 26.1094 3.0000
v 108.0079 25.8094 3.0000
v 108.8579 25.8094 3.0000
v 108.8579 26.1094 3.0000
v 109.0079 25.9594 0.0000
v 108.7079 25.9594 0.0000
v 108.7079 25.5093 0.0000
v 109.0079 25.5093 0.0000
v 109.0079 25.9594 3.0000
v 108.7079 25.9594 3.0000
v 108.7079 25.5093 3.0000
v 109.0079 25.5093 3.0000
v 101.3793 25.5352 0.0000
v 101.8793 25.5352 0.0000
v 101.8793 26.0352 0.0000
v 101.3793 26.0352 0.0000
v 101.3793 25.5352 3.0000
v 101.8793 25.5352 3.0000
v 101.8793 26.0352 3.0000
v 101.3793 26.0352 3.0000
v 101.4543 25.5093 0.0000
v 101.9043 25.5093 0.0000
v 101.9043 25.9594 0.0000
v 101.4543 25.9594 0.0000
v 101.4543 25.5093 3.0000
v 101.9043 25.5093 3.0000
v 101.9043 25.9594 3.0000
v 101.4543 25.9594 3.0000
v 101.3793 16.8719 0.0000
v 101.8793 16.8719 0.0000
v 101.8793 17.3719 0.0000
v 101.3793 17.3719 0.0000
v 101.3793 16.8719 3.0000
v 101.8793 16.8719 3.0000
v 101.8793 17.3719 3.0000
v 101.3793 17.3719 3.0000
v 101.4543 16.8460 0.0000
v 101.9043 16.8460 0.0000
v 101.9043 17.2961 0.0000
v 101.4543 17.2961 0.0000
v 101.4543 16.8460 3.0000
v 101.9043 16.8460 3.0000
v 101.9043 17.2961 3.0000
v 101.4543 17.2961 3.0000
v 85.4943 -28.9456 0.0000
v 85.9943 -28.9456 0.0000
v 85.9943 -28.4456 0.0000
v 85.4943 -28.4456 0.0000
v 85.4943 -28.9456 3.0000
v 85.9943 -28.9456 3.0000
v 85.9943 -28.4456 3.0000
v 85.4943 -28.4456 3.0000
v 85.4684 -28.9706 0.0000
v 85.9185 -28.9706 0.0000
v 85.9185 -28.5206 0.0000
v 85.4684 -28.5206 0.0000
v 85.4684 -28.9706 3.0000
v 85.9185 -28.9706 3.0000
v 85.9185 -28.5206 3.0000
v 85.4684 -28.5206 3.0000
v 97.5993 16.7719 0.0000
v 98.2993 16.7719 0.0000
v 98.2993 17.4719 0.0000
v 97.5993 17.4719 0.0000
v 97.5993 16.7719 3.0000
v 98.2993 16.7719 3.0000
v 98.2993 17.4719 3.0000
v 97.5993 17.4719 3.0000
v 97.6943 16.7460 0.0000
v 98.3443 16.7460 0.0000
v 98.3443 17.3960 0.0000
v 97.6943 17.3960 0.0000
v 97.6943 16.7460 3.0000
v 98.3443 16.7460 3.0000
v 98.3443 17.3960 3.0000
v 97.6943 17.3960 3.0000
v 97.8693 26.1352 0.0000
v 97.8693 25.8352 0.0000
v 98.7693 25.8352 0.0000
v 98.7693 26.1352 0.0000
v 97.8693 26.1352 3.0000
v 97.8693 25.8352 3.0000
v 98.7693 25.8352 3.0000
v 98.7693 26.1352 3.0000
v 98.9193 25.9852 0.0000
v 98.6193 25.9852 0.0000
v 98.6193 25.4852 0.0000
v 98.9193 25.4852 0.0000
v 98.9193 25.9852 3.0000
v 98.6193 25.9852 3.0000
v 98.6193 25.4852 3.0000
v 98.9193 25.4852 3.0000
v 98.7693 25.3352 0.0000
v 98.7693 25.6352 0.0000
v 97.8693 25.6352 0.0000
v 97.8693 25.3352 0.0000
v 98.7693 25.3352 3.0000
v 98.7693 25.6352 3.0000
v 97.8693 25.6352 3.0000
v 97.8693 25.3352 3.0000
v 97.7193 25.4852 0.0000
v 98.0193 25.4852 0.0000
v 98.0193 25.9852 0.0000
v 97.7193 25.9852 0.0000
v 97.7193 25.4852 3.0000
v 98.0193 25.4852 3.0000
v 98.0193 25.9852 3.0000
v 97.7193 25.9852 3.0000
v 98.7443 25.3593 0.0000
v 98.7443 25.6593 0.0000
v 97.8943 25.6593 0.0000
v 97.8943 25.3593 0.0000
v 98.7443 25.3593 3.0000
v 98.7443 25.6593 3.0000
v 97.8943 25.6593 3.0000
v 97.8943 25.3593 3.0000
v 97.7443 25.5093 0.0000
v 98.0443 25.5093 0.0000
v 98.0443 25.9594 0.0000
v 97.7443 25.9594 0.0000
v 97.7443 25.5093 3.0000
v 98.0443 25.5093 3.0000
v 98.0443 25.9594 3.0000
v 97.7443 25.9594 3.0000
v 97.8943 26.1094 0.0000
v 97.8943 25.8094 0.0000
v 98.7443 25.8094 0.0000
v 98.7443 26.1094 0.0000
v 97.8943 26.1094 3.0000
v 97.8943 25.8094 3.0000
v 98.7443 25.8094 3.0000
v 98.7443 26.1094 3.0000
v 98.8943 25.9594 0.0000
v 98.5943 25.9594 0.0000
v 98.5943 25.5093 0.0000
v 98.8943 25.5093 0.0000
v 98.8943 25.9594 3.0000
v 98.5943 25.9594 3.0000
v 98.5943 25.5093 3.0000
v 98.8943 25.5093 3.0000
v 94.3118 -32.8081 0.0000
v 94.8118 -32.8081 0.0000
v 94.8118 -32.3081 0.0000
v 94.3118 -32.3081 0.0000
v 94.3118 -32.8081 3.0000
v 94.8118 -32.8081 3.0000
v 94.8118 -32.3081 3.0000
v 94.3118 -32.3081 3.0000
v 94.3868 -32.8340 0.0000
v 94.8368 -32.8340 0.0000
v 94.8368 -32.3839 0.0000
v 94.3868 -32.3839 0.0000
v 94.3868 -32.8340 3.0000
v 94.8368 -32.8340 3.0000
v 94.8368 -32.3839 3.0000
v 94.3868 -32.3839 3.0000
v 89.0043 -32.8081 0.0000
v 89.5043 -32.8081 0.0000
v 89.5043 -32.3081 0.0000
v 89.0043 -32.3081 0.0000
v 89.0043 -32.8081 3.0000
v 89.5043 -32.8081 3.0000
v 89.5043 -32.3081 3.0000
v 89.0043 -32.3081 3.0000
v 88.9784 -32.8331 0.0000
v 89.4285 -32.8331 0.0000
v 89.4285 -32.3831 0.0000
v 88.9784 -32.3831 0.0000
v 88.9784 -32.8331 3.0000
v 89.4285 -32.8331 3.0000
v 89.4285 -32.3831 3.0000
v 88.9784 -32.3831 3.0000
v 91.7080 -19.5131 0.0000
v 92.2080 -19.5131 0.0000
v 92.2080 -19.0131 0.0000
v 91.7080 -19.0131 0.0000
v 91.7080 -19.5131 3.0000
v 92.2080 -19.5131 3.0000
v 92.2080 -19.0131 3.0000
v 91.7080 -19.0131 3.0000
v 91.6822 -19.5381 0.0000
v 92.1322 -19.5381 0.0000
v 92.1322 -19.0881 0.0000
v 91.6822 -19.0881 0.0000
v 91.6822 -19.5381 3.0000
v 92.1322 -19.5381 3.0000
v 92.1322 -19.0881 3.0000
v 91.6822 -19.0881 3.0000
v 91.7080 -28.9456 0.0000
v 92.2080 -28.9456 0.0000
v 92.2080 -28.4456 0.0000
v 91.7080 -28.4456 0.0000
v 91.7080 -28.9456 3.0000
v 92.2080 -28.9456 3.0000
v 92.2080 -28.4456 3.0000
v 91.7080 -28.4456 3.0000
v 91.6822 -28.9706 0.0000
v 92.1322 -28.9706 0.0000
v 92.1322 -28.5206 0.0000
v 91.6822 -28.5206 0.0000
v 91.6822 -28.9706 3.0000
v 92.1322 -28.9706 3.0000
v 92.1322 -28.5206 3.0000
v 91.6822 -28.5206 3.0000
v 23.5812 -32.8081 0.0000
v 24.0812 -32.8081 0.0000
v 24.0812 -32.3081 0.0000
v 23.5812 -32.3081 0.0000
v 23.5812 -32.8081 3.0000
v 24.0812 -32.8081 3.0000
v 24.0812 -32.3081 3.0000
v 23.5812 -32.3081 3.0000
v 23.5562 -32.8340 0.0000
v 24.0063 -32.8340 0.0000
v 24.0063 -32.3839 0.0000
v 23.5562 -32.3839 0.0000
v 23.5562 -32.8340 3.0000
v 24.0063 -32.8340 3.0000
v 24.0063 -32.3839 3.0000
v 23.5562 -32.3839 3.0000
v 31.0948 -32.8081 0.0000
v 31.5948 -32.8081 0.0000
v 31.5948 -32.3081 0.0000
v 31.0948 -32.3081 0.0000
v 31.0948 -32.8081 3.0000
v 31.5948 -32.8081 3.0000
v 31.5948 -32.3081 3.0000
v 31.0948 -32.3081 3.0000
v 31.0698 -32.8340 0.0000
v 31.5199 -32.8340 0.0000
v 31.5199 -32.3839 0.0000
v 31.0698 -32.3839 0.0000
v 31.0698 -32.8340 3.0000
v 31.5199 -32.8340 3.0000
v 31.5199 -32.3839 3.0000
v 31.0698 -32.3839 3.0000
v 23.5812 -26.6981 0.0000
v 24.0812 -26.6981 0.0000
v 24.0812 -26.1981 0.0000
v 23.5812 -26.1981 0.0000
v 23.5812 -26.6981 3.0000
v 24.0812 -26.6981 3.0000
v 24.0812 -26.1981 3.0000
v 23.5812 -26.1981 3.0000
v 23.5562 -26.7240 0.0000
v 24.0063 -26.7240 0.0000
v 24.0063 -26.2739 0.0000
v 23.5562 -26.2739 0.0000
v 23.5562 -26.7240 3.0000
v 24.0063 -26.7240 3.0000
v 24.0063 -26.2739 3.0000
v 23.5562 -26.2739 3.0000
v 31.0948 -26.6981 0.0000
v 31.5948 -26.6981 0.0000
v 31.5948 -26.1981 0.0000
v 31.0948 -26.1981 0.0000
v 31.0948 -26.6981 3.0000
v 31.5948 -26.6981 3.0000
v 31.5948 -26.1981 3.0000
v 31.0948 -26.1981 3.0000
v 31.0698 -26.7240 0.0000
v 31.5199 -26.7240 0.0000
v 31.5199 -26.2739 0.0000
v 31.0698 -26.2739 0.0000
v 31.0698 -26.7240 3.0000
v 31.5199 -26.7240 3.0000
v 31.5199 -26.2739 3.0000
v 31.0698 -26.2739 3.0000
v 23.5812 -21.6181 0.0000
v 24.0812 -21.6181 0.0000
v 24.0812 -21.1181 0.0000
v 23.5812 -21.1181 0.0000
v 23.5812 -21.6181 3.0000
v 24.0812 -21.6181 3.0000
v 24.0812 -21.1181 3.0000
v 23.5812 -21.1181 3.0000
v 23.5562 -21.6440 0.0000
v 24.0063 -21.6440 0.0000
v 24.0063 -21.1939 0.0000
v 23.5562 -21.1939 0.0000
v 23.5562 -21.6440 3.0000
v 24.0063 -21.6440 3.0000
v 24.0063 -21.1939 3.0000
v 23.5562 -21.1939 3.0000
v 23.5812 -16.5381 0.0000
v 24.0812 -16.5381 0.0000
v 24.0812 -16.0381 0.0000
v 23.5812 -16.0381 0.0000
v 23.5812 -16.5381 3.0000
v 24.0812 -16.5381 3.0000
v 24.0812 -16.0381 3.0000
v 23.5812 -16.0381 3.0000
v 23.5562 -16.5640 0.0000
v 24.0063 -16.5640 0.0000
v 24.0063 -16.1139 0.0000
v 23.5562 -16.1139 0.0000
v 23.5562 -16.5640 3.0000
v 24.0063 -16.5640 3.0000
v 24.0063 -16.1139 3.0000
v 23.5562 -16.1139 3.0000
v 23.5812 -11.4581 0.0000
v 24.0812 -11.4581 0.0000
v 24.0812 -10.9581 0.0000
v 23.5812 -10.9581 0.0000
v 23.5812 -11.4581 3.0000
v 24.0812 -11.4581 3.0000
v 24.0812 -10.9581 3.0000
v 23.5812 -10.9581 3.0000
v 23.5562 -11.4840 0.0000
v 24.0063 -11.4840 0.0000
v 24.0063 -11.0339 0.0000
v 23.5562 -11.0339 0.0000
v 23.5562 -11.4840 3.0000
v 24.0063 -11.4840 3.0000
v 24.0063 -11.0339 3.0000
v 23.5562 -11.0339 3.0000
v 23.5812 -6.3781 0.0000
v 24.0812 -6.3781 0.0000
v 24.0812 -5.8781 0.0000
v 23.5812 -5.8781 0.0000
v 23.5812 -6.3781 3.0000
v 24.0812 -6.3781 3.0000
v 24.0812 -5.8781 3.0000
v 23.5812 -5.8781 3.0000
v 23.5562 -6.4040 0.0000
v 24.0063 -6.4040 0.0000
v 24.0063 -5.9539 0.0000
v 23.5562 -5.9539 0.0000
v 23.5562 -6.4040 3.0000
v 24.0063 -6.4040 3.0000
v 24.0063 -5.9539 3.0000
v 23.5562 -5.9539 3.0000
v 31.0948 -21.6181 0.0000
v 31.5948 -21.6181 0.0000
v 31.5948 -21.1181 0.0000
v 31.0948 -21.1181 0.0000
v 31.0948 -21.6181 3.0000
v 31.5948 -21.6181 3.0000
v 31.5948 -21.1181 3.0000
v 31.0948 -21.1181 3.0000
v 31.0698 -21.6440 0.0000
v 31.5199 -21.6440 0.0000
v 31.5199 -21.1939 0.0000
v 31.0698 -21.1939 0.0000
v 31.0698 -21.6440 3.0000
v 31.5199 -21.6440 3.0000
v 31.5199 -21.1939 3.0000
v 31.0698 -21.1939 3.0000
v 31.0948 -16.5381 0.0000
v 31.5948 -16.5381 0.0000
v 31.5948 -16.0381 0.0000
v 31.0948 -16.0381 0.0000
v 31.0948 -16.5381 3.0000
v 31.5948 -16.5381 3.0000
v 31.5948 -16.0381 3.0000
v 31.0948 -16.0381 3.0000
v 31.0698 -16.5640 0.0000
v 31.5199 -16.5640 0.0000
v 31.5199 -16.1139 0.0000
v 31.0698 -16.1139 0.0000
v 31.0698 -16.5640 3.0000
v 31.5199 -16.5640 3.0000
v 31.5199 -16.1139 3.0000
v 31.0698 -16.1139 3.0000
v 31.0948 -11.4581 0.0000
v 31.5948 -11.4581 0.0000
v 31.5948 -10.9581 0.0000
v 31.0948 -10.9581 0.0000
v 31.0948 -11.4581 3.0000
v 31.5948 -11.4581 3.0000
v 31.5948 -10.9581 3.0000
v 31.0948 -10.9581 3.0000
v 31.0698 -11.4840 0.0000
v 31.5199 -11.4840 0.0000
v 31.5199 -11.0339 0.0000
v 31.0698 -11.0339 0.0000
v 31.0698 -11.4840 3.0000
v 31.5199 -11.4840 3.0000
v 31.5199 -11.0339 3.0000
v 31.0698 -11.0339 3.0000
v 31.0948 -6.3781 0.0000
v 31.5948 -6.3781 0.0000
v 31.5948 -5.8781 0.0000
v 31.0948 -5.8781 0.0000
v 31.0948 -6.3781 3.0000
v 31.5948 -6.3781 3.0000
v 31.5948 -5.8781 3.0000
v 31.0948 -5.8781 3.0000
v 31.0698 -6.4040 0.0000
v 31.5199 -6.4040 0.0000
v 31.5199 -5.9539 0.0000
v 31.0698 -5.9539 0.0000
v 31.0698 -6.4040 3.0000
v 31.5199 -6.4040 3.0000
v 31.5199 -5.9539 3.0000
v 31.0698 -5.9539 3.0000
v 31.0948 -1.2981 0.0000
v 31.5948 -1.2981 0.0000
v 31.5948 -0.7981 0.0000
v 31.0948 -0.7981 0.0000
v 31.0948 -1.2981 3.0000
v 31.5948 -1.2981 3.0000
v 31.5948 -0.7981 3.0000
v 31.0948 -0.7981 3.0000
v 31.0698 -1.3240 0.0000
v 31.5199 -1.3240 0.0000
v 31.5199 -0.8739 0.0000
v 31.0698 -0.8739 0.0000
v 31.0698 -1.3240 3.0000
v 31.5199 -1.3240 3.0000
v 31.5199 -0.8739 3.0000
v 31.0698 -0.8739 3.0000
v 31.0948 3.7819 0.0000
v 31.5948 3.7819 0.0000
v 31.5948 4.2819 0.0000
v 31.0948 4.2819 0.0000
v 31.0948 3.7819 3.0000
v 31.5948 3.7819 3.0000
v 31.5948 4.2819 3.0000
v 31.0948 4.2819 3.0000
v 31.0698 3.7560 0.0000
v 31.5199 3.7560 0.0000
v 31.5199 4.2061 0.0000
v 31.0698 4.2061 0.0000
v 31.0698 3.7560 3.0000
v 31.5199 3.7560 3.0000
v 31.5199 4.2061 3.0000
v 31.0698 4.2061 3.0000
v 31.0948 8.8619 0.0000
v 31.5948 8.8619 0.0000
v 31.5948 9.3619 0.0000
v 31.0948 9.3619 0.0000
v 31.0948 8.8619 3.0000
v 31.5948 8.8619 3.0000
v 31.5948 9.3619 3.0000
v 31.0948 9.3619 3.0000
v 31.0698 8.8360 0.0000
v 31.5199 8.8360 0.0000
v 31.5199 9.2861 0.0000
v 31.0698 9.2861 0.0000
v 31.0698 8.8360 3.0000
v 31.5199 8.8360 3.0000
v 31.5199 9.2861 3.0000
v 31.0698 9.2861 3.0000
v 31.0948 13.9419 0.0000
v 31.5948 13.9419 0.0000
v 31.5948 14.4419 0.0000
v 31.0948 14.4419 0.0000
v 31.0948 13.9419 3.0000
v 31.5948 13.9419 3.0000
v 31.5948 14.4419 3.0000
v 31.0948 14.4419 3.0000
v 31.0698 13.9160 0.0000
v 31.5199 13.9160 0.0000
v 31.5199 14.3661 0.0000
v 31.0698 14.3661 0.0000
v 31.0698 13.9160 3.0000
v 31.5199 13.9160 3.0000
v 31.5199 14.3661 3.0000
v 31.0698 14.3661 3.0000
v 23.5812 -1.2981 0.0000
v 24.0812 -1.2981 0.0000
v 24.0812 -0.7981 0.0000
v 23.5812 -0.7981 0.0000
v 23.5812 -1.2981 3.0000
v 24.0812 -1.2981 3.0000
v 24.0812 -0.7981 3.0000
v 23.5812 -0.7981 3.0000
v 23.5562 -1.3240 0.0000
v 24.0063 -1.3240 0.0000
v 24.0063 -0.8739 0.0000
v 23.5562 -0.8739 0.0000
v 23.5562 -1.3240 3.0000
v 24.0063 -1.3240 3.0000
v 24.0063 -0.8739 3.0000
v 23.5562 -0.8739 3.0000
v 23.5812 3.7819 0.0000
v 24.0812 3.7819 0.0000
v 24.0812 4.2819 0.0000
v 23.5812 4.2819 0.0000
v 23.5812 3.7819 3.0000
v 24.0812 3.7819 3.0000
v 24.0812 4.2819 3.0000
v 23.5812 4.2819 3.0000
v 23.5562 3.7560 0.0000
v 24.0063 3.7560 0.0000
v 24.0063 4.2061 0.0000
v 23.5562 4.2061 0.0000
v 23.5562 3.7560 3.0000
v 24.0063 3.7560 3.0000
v 24.0063 4.2061 3.0000
v 23.5562 4.2061 3.0000
v 23.5812 8.8619 0.0000
v 24.0812 8.8619 0.0000
v 24.0812 9.3619 0.0000
v 23.5812 9.3619 0.0000
v 23.5812 8.8619 3.0000
v 24.0812 8.8619 3.0000
v 24.0812 9.3619 3.0000
v 23.5812 9.3619 3.0000
v 23.5562 8.8360 0.0000
v 24.0063 8.8360 0.0000
v 24.0063 9.2861 0.0000
v 23.5562 9.2861 0.0000
v 23.5562 8.8360 3.0000
v 24.0063 8.8360 3.0000
v 24.0063 9.2861 3.0000
v 23.5562 9.2861 3.0000
v 23.5812 13.9419 0.0000
v 24.0812 13.9419 0.0000
v 24.0812 14.4419 0.0000
v 23.5812 14.4419 0.0000
v 23.5812 13.9419 3.0000
v 24.0812 13.9419 3.0000
v 24.0812 14.4419 3.0000
v 23.5812 14.4419 3.0000
v 23.5562 13.9160 0.0000
v 24.0063 13.9160 0.0000
v 24.0063 14.3661 0.0000
v 23.5562 14.3661 0.0000
v 23.5562 13.9160 3.0000
v 24.0063 13.9160 3.0000
v 24.0063 14.3661 3.0000
v 23.5562 14.3661 3.0000
v 24.4312 -36.6388 0.0000
v 24.4312 -36.3388 0.0000
v 23.5312 -36.3388 0.0000
v 23.5312 -36.6388 0.0000
v 24.4312 -36.6388 3.0000
v 24.4312 -36.3388 3.0000
v 23.5312 -36.3388 3.0000
v 23.5312 -36.6388 3.0000
v 23.6812 -36.4888 0.0000
v 23.3812 -36.4888 0.0000
v 23.3812 -36.9888 0.0000
v 23.6812 -36.9888 0.0000
v 23.6812 -36.4888 3.0000
v 23.3812 -36.4888 3.0000
v 23.3812 -36.9888 3.0000
v 23.6812 -36.9888 3.0000
v 23.5312 -36.8388 0.0000
v 23.5312 -37.1388 0.0000
v 24.4312 -37.1388 0.0000
v 24.4312 -36.8388 0.0000
v 23.5312 -36.8388 3.0000
v 23.5312 -37.1388 3.0000
v 24.4312 -37.1388 3.0000
v 24.4312 -36.8388 3.0000
v 24.2812 -36.9888 0.0000
v 24.5812 -36.9888 0.0000
v 24.5812 -36.4888 0.0000
v 24.2812 -36.4888 0.0000
v 24.2812 -36.9888 3.0000
v 24.5812 -36.9888 3.0000
v 24.5812 -36.4888 3.0000
v 24.2812 -36.4888 3.0000
v 23.5562 -36.8147 0.0000
v 23.5562 -37.1147 0.0000
v 24.4062 -37.1147 0.0000
v 24.4062 -36.8147 0.0000
v 23.5562 -36.8147 3.0000
v 23.5562 -37.1147 3.0000
v 24.4062 -37.1147 3.0000
v 24.4062 -36.8147 3.0000
v 24.2562 -36.9647 0.0000
v 24.5562 -36.9647 0.0000
v 24.5562 -36.5146 0.0000
v 24.2562 -36.5146 0.0000
v 24.2562 -36.9647 3.0000
v 24.5562 -36.9647 3.0000
v 24.5562 -36.5146 3.0000
v 24.2562 -36.5146 3.0000
v 24.4062 -36.6646 0.0000
v 24.4062 -36.3646 0.0000
v 23.5562 -36.3646 0.0000
v 23.5562 -36.6646 0.0000
v 24.4062 -36.6646 3.0000
v 24.4062 -36.3646 3.0000
v 23.5562 -36.3646 3.0000
v 23.5562 -36.6646 3.0000
v 23.7062 -36.5146 0.0000
v 23.4062 -36.5146 0.0000
v 23.4062 -36.9647 0.0000
v 23.7062 -36.9647 0.0000
v 23.7062 -36.5146 3.0000
v 23.4062 -36.5146 3.0000
v 23.4062 -36.9647 3.0000
v 23.7062 -36.9647 3.0000
v 31.5448 -36.6388 0.0000
v 31.5448 -36.3388 0.0000
v 30.6448 -36.3388 0.0000
v 30.6448 -36.6388 0.0000
v 31.5448 -36.6388 3.0000
v 31.5448 -36.3388 3.0000
v 30.6448 -36.3388 3.0000
v 30.6448 -36.6388 3.0000
v 30.7948 -36.4888 0.0000
v 30.4948 -36.4888 0.0000
v 30.4948 -36.9888 0.0000
v 30.7948 -36.9888 0.0000
v 30.7948 -36.4888 3.0000
v 30.4948 -36.4888 3.0000
v 30.4948 -36.9888 3.0000
v 30.7948 -36.9888 3.0000
v 30.6448 -36.8388 0.0000
v 30.6448 -37.1388 0.0000
v 31.5448 -37.1388 0.0000
v 31.5448 -36.8388 0.0000
v 30.6448 -36.8388 3.0000
v 30.6448 -37.1388 3.0000
v 31.5448 -37.1388 3.0000
v 31.5448 -36.8388 3.0000
v 31.3948 -36.9888 0.0000
v 31.6948 -36.9888 0.0000
v 31.6948 -36.4888 0.0000
v 31.3948 -36.4888 0.0000
v 31.3948 -36.9888 3.0000
v 31.6948 -36.9888 3.0000
v 31.6948 -36.4888 3.0000
v 31.3948 -36.4888 3.0000
v 30.6698 -36.8147 0.0000
v 30.6698 -37.1147 0.0000
v 31.5198 -37.1147 0.0000
v 31.5198 -36.8147 0.0000
v 30.6698 -36.8147 3.0000
v 30.6698 -37.1147 3.0000
v 31.5198 -37.1147 3.0000
v 31.5198 -36.8147 3.0000
v 31.3698 -36.9647 0.0000
v 31.6698 -36.9647 0.0000
v 31.6698 -36.5146 0.0000
v 31.3698 -36.5146 0.0000
v 31.3698 -36.9647 3.0000
v 31.6698 -36.9647 3.0000
v 31.6698 -36.5146 3.0000
v 31.3698 -36.5146 3.0000
v 31.5198 -36.6646 0.0000
v 31.5198 -36.3646 0.0000
v 30.6698 -36.3646 0.0000
v 30.6698 -36.6646 0.0000
v 31.5198 -36.6646 3.0000
v 31.5198 -36.3646 3.0000
v 30.6698 -36.3646 3.0000
v 30.6698 -36.6646 3.0000
v 30.8198 -36.5146 0.0000
v 30.5198 -36.5146 0.0000
v 30.5198 -36.9647 0.0000
v 30.8198 -36.9647 0.0000
v 30.8198 -36.5146 3.0000
v 30.5198 -36.5146 3.0000
v 30.5198 -36.9647 3.0000
v 30.8198 -36.9647 3.0000
v 50.3698 -36.6388 0.0000
v 50.3698 -36.3388 0.0000
v 49.4698 -36.3388 0.0000
v 49.4698 -36.6388 0.0000
v 50.3698 -36.6388 3.0000
v 50.3698 -36.3388 3.0000
v 49.4698 -36.3388 3.0000
v 49.4698 -36.6388 3.0000
v 49.6198 -36.4888 0.0000
v 49.3198 -36.4888 0.0000
v 49.3198 -36.9888 0.0000
v 49.6198 -36.9888 0.0000
v 49.6198 -36.4888 3.0000
v 49.3198 -36.4888 3.0000
v 49.3198 -36.9888 3.0000
v 49.6198 -36.9888 3.0000
v 49.4698 -36.8388 0.0000
v 49.4698 -37.1388 0.0000
v 50.3698 -37.1388 0.0000
v 50.3698 -36.8388 0.0000
v 49.4698 -36.8388 3.0000
v 49.4698 -37.1388 3.0000
v 50.3698 -37.1388 3.0000
v 50.3698 -36.8388 3.0000
v 50.2198 -36.9888 0.0000
v 50.5198 -36.9888 0.0000
v 50.5198 -36.4888 0.0000
v 50.2198 -36.4888 0.0000
v 50.2198 -36.9888 3.0000
v 50.5198 -36.9888 3.0000
v 50.5198 -36.4888 3.0000
v 50.2198 -36.4888 3.0000
v 49.4948 -36.8147 0.0000
v 49.4948 -37.1147 0.0000
v 50.3448 -37.1147 0.0000
v 50.3448 -36.8147 0.0000
v 49.4948 -36.8147 3.0000
v 49.4948 -37.1147 3.0000
v 50.3448 -37.1147 3.0000
v 50.3448 -36.8147 3.0000
v 50.1948 -36.9647 0.0000
v 50.4948 -36.9647 0.0000
v 50.4948 -36.5146 0.0000
v 50.1948 -36.5146 0.0000
v 50.1948 -36.9647 3.0000
v 50.4948 -36.9647 3.0000
v 50.4948 -36.5146 3.0000
v 50.1948 -36.5146 3.0000
v 50.3448 -36.6646 0.0000
v 50.3448 -36.3646 0.0000
v 49.4948 -36.3646 0.0000
v 49.4948 -36.6646 0.0000
v 50.3448 -36.6646 3.0000
v 50.3448 -36.3646 3.0000
v 49.4948 -36.3646 3.0000
v 49.4948 -36.6646 3.0000
v 49.6448 -36.5146 0.0000
v 49.3448 -36.5146 0.0000
v 49.3448 -36.9647 0.0000
v 49.6448 -36.9647 0.0000
v 49.6448 -36.5146 3.0000
v 49.3448 -36.5146 3.0000
v 49.3448 -36.9647 3.0000
v 49.6448 -36.9647 3.0000
v 57.4834 -36.6388 0.0000
v 57.4834 -36.3388 0.0000
v 56.5834 -36.3388 0.0000
v 56.5834 -36.6388 0.0000
v 57.4834 -36.6388 3.0000
v 57.4834 -36.3388 3.0000
v 56.5834 -36.3388 3.0000
v 56.5834 -36.6388 3.0000
v 56.7334 -36.4888 0.0000
v 56.4334 -36.4888 0.0000
v 56.4334 -36.9888 0.0000
v 56.7334 -36.9888 0.0000
v 56.7334 -36.4888 3.0000
v 56.4334 -36.4888 3.0000
v 56.4334 -36.9888 3.0000
v 56.7334 -36.9888 3.0000
v 56.5834 -36.8388 0.0000
v 56.5834 -37.1388 0.0000
v 57.4834 -37.1388 0.0000
v 57.4834 -36.8388 0.0000
v 56.5834 -36.8388 3.0000
v 56.5834 -37.1388 3.0000
v 57.4834 -37.1388 3.0000
v 57.4834 -36.8388 3.0000
v 57.3334 -36.9888 0.0000
v 57.6334 -36.9888 0.0000
v 57.6334 -36.4888 0.0000
v 57.3334 -36.4888 0.0000
v 57.3334 -36.9888 3.0000
v 57.6334 -36.9888 3.0000
v 57.6334 -36.4888 3.0000
v 57.3334 -36.4888 3.0000
v 56.6084 -36.8147 0.0000
v 56.6084 -37.1147 0.0000
v 57.4584 -37.1147 0.0000
v 57.4584 -36.8147 0.0000
v 56.6084 -36.8147 3.0000
v 56.6084 -37.1147 3.0000
v 57.4584 -37.1147 3.0000
v 57.4584 -36.8147 3.0000
v 57.3084 -36.9647 0.0000
v 57.6084 -36.9647 0.0000
v 57.6084 -36.5146 0.0000
v 57.3084 -36.5146 0.0000
v 57.3084 -36.9647 3.0000
v 57.6084 -36.9647 3.0000
v 57.6084 -36.5146 3.0000
v 57.3084 -36.5146 3.0000
v 57.4584 -36.6646 0.0000
v 57.4584 -36.3646 0.0000
v 56.6084 -36.3646 0.0000
v 56.6084 -36.6646 0.0000
v 57.4584 -36.6646 3.0000
v 57.4584 -36.3646 3.0000
v 56.6084 -36.3646 3.0000
v 56.6084 -36.6646 3.0000
v 56.7584 -36.5146 0.0000
v 56.4584 -36.5146 0.0000
v 56.4584 -36.9647 0.0000
v 56.7584 -36.9647 0.0000
v 56.7584 -36.5146 3.0000
v 56.4584 -36.5146 3.0000
v 56.4584 -36.9647 3.0000
v 56.7584 -36.9647 3.0000
v 49.5198 -32.8081 0.0000
v 50.0198 -32.8081 0.0000
v 50.0198 -32.3081 0.0000
v 49.5198 -32.3081 0.0000
v 49.5198 -32.8081 3.0000
v 50.0198 -32.8081 3.0000
v 50.0198 -32.3081 3.0000
v 49.5198 -32.3081 3.0000
v 49.4948 -32.8340 0.0000
v 49.9449 -32.8340 0.0000
v 49.9449 -32.3839 0.0000
v 49.4948 -32.3839 0.0000
v 49.4948 -32.8340 3.0000
v 49.9449 -32.8340 3.0000
v 49.9449 -32.3839 3.0000
v 49.4948 -32.3839 3.0000
v 57.0334 -32.8081 0.0000
v 57.5334 -32.8081 0.0000
v 57.5334 -32.3081 0.0000
v 57.0334 -32.3081 0.0000
v 57.0334 -32.8081 3.0000
v 57.5334 -32.8081 3.0000
v 57.5334 -32.3081 3.0000
v 57.0334 -32.3081 3.0000
v 57.0084 -32.8340 0.0000
v 57.4585 -32.8340 0.0000
v 57.4585 -32.3839 0.0000
v 57.0084 -32.3839 0.0000
v 57.0084 -32.8340 3.0000
v 57.4585 -32.8340 3.0000
v 57.4585 -32.3839 3.0000
v 57.0084 -32.3839 3.0000
v 49.5198 -26.6981 0.0000
v 50.0198 -26.6981 0.0000
v 50.0198 -26.1981 0.0000
v 49.5198 -26.1981 0.0000
v 49.5198 -26.6981 3.0000
v 50.0198 -26.6981 3.0000
v 50.0198 -26.1981 3.0000
v 49.5198 -26.1981 3.0000
v 49.4948 -26.7240 0.0000
v 49.9449 -26.7240 0.0000
v 49.9449 -26.2739 0.0000
v 49.4948 -26.2739 0.0000
v 49.4948 -26.7240 3.0000
v 49.9449 -26.7240 3.0000
v 49.9449 -26.2739 3.0000
v 49.4948 -26.2739 3.0000
v 57.0334 -26.6981 0.0000
v 57.5334 -26.6981 0.0000
v 57.5334 -26.1981 0.0000
v 57.0334 -26.1981 0.0000
v 57.0334 -26.6981 3.0000
v 57.5334 -26.6981 3.0000
v 57.5334 -26.1981 3.0000
v 57.0334 -26.1981 3.0000
v 57.0084 -26.7240 0.0000
v 57.4585 -26.7240 0.0000
v 57.4585 -26.2739 0.0000
v 57.0084 -26.2739 0.0000
v 57.0084 -26.7240 3.0000
v 57.4585 -26.7240 3.0000
v 57.4585 -26.2739 3.0000
v 57.0084 -26.2739 3.0000
v 49.5198 -21.6181 0.0000
v 50.0198 -21.6181 0.0000
v 50.0198 -21.1181 0.0000
v 49.5198 -21.1181 0.0000
v 49.5198 -21.6181 3.0000
v 50.0198 -21.6181 3.0000
v 50.0198 -21.1181 3.0000
v 49.5198 -21.1181 3.0000
v 49.4948 -21.6440 0.0000
v 49.9449 -21.6440 0.0000
v 49.9449 -21.1939 0.0000
v 49.4948 -21.1939 0.0000
v 49.4948 -21.6440 3.0000
v 49.9449 -21.6440 3.0000
v 49.9449 -21.1939 3.0000
v 49.4948 -21.1939 3.0000
v 57.0334 -21.6181 0.0000
v 57.5334 -21.6181 0.0000
v 57.5334 -21.1181 0.0000
v 57.0334 -21.1181 0.0000
v 57.0334 -21.6181 3.0000
v 57.5334 -21.6181 3.0000
v 57.5334 -21.1181 3.0000
v 57.0334 -21.1181 3.0000
v 57.0084 -21.6440 0.0000
v 57.4585 -21.6440 0.0000
v 57.4585 -21.1939 0.0000
v 57.0084 -21.1939 0.0000
v 57.0084 -21.6440 3.0000
v 57.4585 -21.6440 3.0000
v 57.4585 -21.1939 3.0000
v 57.0084 -21.1939 3.0000
v 49.5198 -16.5381 0.0000
v 50.0198 -16.5381 0.0000
v 50.0198 -16.0381 0.0000
v 49.5198 -16.0381 0.0000
v 49.5198 -16.5381 3.0000
v 50.0198 -16.5381 3.0000
v 50.0198 -16.0381 3.0000
v 49.5198 -16.0381 3.0000
v 49.4948 -16.5640 0.0000
v 49.9449 -16.5640 0.0000
v 49.9449 -16.1139 0.0000
v 49.4948 -16.1139 0.0000
v 49.4948 -16.5640 3.0000
v 49.9449 -16.5640 3.0000
v 49.9449 -16.1139 3.0000
v 49.4948 -16.1139 3.0000
v 57.0334 -16.5381 0.0000
v 57.5334 -16.5381 0.0000
v 57.5334 -16.0381 0.0000
v 57.0334 -16.0381 0.0000
v 57.0334 -16.5381 3.0000
v 57.5334 -16.5381 3.0000
v 57.5334 -16.0381 3.0000
v 57.0334 -16.0381 3.0000
v 57.0084 -16.5640 0.0000
v 57.4585 -16.5640 0.0000
v 57.4585 -16.1139 0.0000
v 57.0084 -16.1139 0.0000
v 57.0084 -16.5640 3.0000
v 57.4585 -16.5640 3.0000
v 57.4585 -16.1139 3.0000
v 57.0084 -16.1139 3.0000
v 49.5198 -11.4581 0.0000
v 50.0198 -11.4581 0.0000
v 50.0198 -10.9581 0.0000
v 49.5198 -10.9581 0.0000
v 49.5198 -11.4581 3.0000
v 50.0198 -11.4581 3.0000
v 50.0198 -10.9581 3.0000
v 49.5198 -10.9581 3.0000
v 49.4948 -11.4840 0.0000
v 49.9449 -11.4840 0.0000
v 49.9449 -11.0339 0.0000
v 49.4948 -11.0339 0.0000
v 49.4948 -11.4840 3.0000
v 49.9449 -11.4840 3.0000
v 49.9449 -11.0339 3.0000
v 49.4948 -11.0339 3.0000
v 57.0334 -11.4581 0.0000
v 57.5334 -11.4581 0.0000
v 57.5334 -10.9581 0.0000
v 57.0334 -10.9581 0.0000
v 57.0334 -11.4581 3.0000
v 57.5334 -11.4581 3.0000
v 57.5334 -10.9581 3.0000
v 57.0334 -10.9581 3.0000
v 57.0084 -11.4840 0.0000
v 57.4585 -11.4840 0.0000
v 57.4585 -11.0339 0.0000
v 57.0084 -11.0339 0.0000
v 57.0084 -11.4840 3.0000
v 57.4585 -11.4840 3.0000
v 57.4585 -11.0339 3.0000
v 57.0084 -11.0339 3.0000
v 49.5198 -6.3781 0.0000
v 50.0198 -6.3781 0.0000
v 50.0198 -5.8781 0.0000
v 49.5198 -5.8781 0.0000
v 49.5198 -6.3781 3.0000
v 50.0198 -6.3781 3.0000
v 50.0198 -5.8781 3.0000
v 49.5198 -5.8781 3.0000
v 49.4948 -6.4040 0.0000
v 49.9449 -6.4040 0.0000
v 49.9449 -5.9539 0.0000
v 49.4948 -5.9539 0.0000
v 49.4948 -6.4040 3.0000
v 49.9449 -6.4040 3.0000
v 49.9449 -5.9539 3.0000
v 49.4948 -5.9539 3.0000
v 57.0334 -6.3781 0.0000
v 57.5334 -6.3781 0.0000
v 57.5334 -5.8781 0.0000
v 57.0334 -5.8781 0.0000
v 57.0334 -6.3781 3.0000
v 57.5334 -6.3781 3.0000
v 57.5334 -5.8781 3.0000
v 57.0334 -5.8781 3.0000
v 57.0084 -6.4040 0.0000
v 57.4585 -6.4040 0.0000
v 57.4585 -5.9539 0.0000
v 57.0084 -5.9539 0.0000
v 57.0084 -6.4040 3.0000
v 57.4585 -6.4040 3.0000
v 57.4585 -5.9539 3.0000
v 57.0084 -5.9539 3.0000
v 49.5198 -1.2981 0.0000
v 50.0198 -1.2981 0.0000
v 50.0198 -0.7981 0.0000
v 49.5198 -0.7981 0.0000
v 49.5198 -1.2981 3.0000
v 50.0198 -1.2981 3.0000
v 50.0198 -0.7981 3.0000
v 49.5198 -0.7981 3.0000
v 49.4948 -1.3240 0.0000
v 49.9449 -1.3240 0.0000
v 49.9449 -0.8739 0.0000
v 49.4948 -0.8739 0.0000
v 49.4948 -1.3240 3.0000
v 49.9449 -1.3240 3.0000
v 49.9449 -0.8739 3.0000
v 49.4948 -0.8739 3.0000
v 57.0334 -1.2981 0.0000
v 57.5334 -1.2981 0.0000
v 57.5334 -0.7981 0.0000
v 57.0334 -0.7981 0.0000
v 57.0334 -1.2981 3.0000
v 57.5334 -1.2981 3.0000
v 57.5334 -0.7981 3.0000
v 57.0334 -0.7981 3.0000
v 57.0084 -1.3240 0.0000
v 57.4585 -1.3240 0.0000
v 57.4585 -0.8739 0.0000
v 57.0084 -0.8739 0.0000
v 57.0084 -1.3240 3.0000
v 57.4585 -1.3240 3.0000
v 57.4585 -0.8739 3.0000
v 57.0084 -0.8739 3.0000
v 49.5198 3.7819 0.0000
v 50.0198 3.7819 0.0000
v 50.0198 4.2819 0.0000
v 49.5198 4.2819 0.0000
v 49.5198 3.7819 3.0000
v 50.0198 3.7819 3.0000
v 50.0198 4.2819 3.0000
v 49.5198 4.2819 3.0000
v 49.4948 3.7560 0.0000
v 49.9449 3.7560 0.0000
v 49.9449 4.2061 0.0000
v 49.4948 4.2061 0.0000
v 49.4948 3.7560 3.0000
v 49.9449 3.7560 3.0000
v 49.9449 4.2061 3.0000
v 49.4948 4.2061 3.0000
v 57.0334 3.7819 0.0000
v 57.5334 3.7819 0.0000
v 57.5334 4.2819 0.0000
v 57.0334 4.2819 0.0000
v 57.0334 3.7819 3.0000
v 57.5334 3.7819 3.0000
v 57.5334 4.2819 3.0000
v 57.0334 4.2819 3.0000
v 57.0084 3.7560 0.0000
v 57.4585 3.7560 0.0000
v 57.4585 4.2061 0.0000
v 57.0084 4.2061 0.0000
v 57.0084 3.7560 3.0000
v 57.4585 3.7560 3.0000
v 57.4585 4.2061 3.0000
v 57.0084 4.2061 3.0000
v 49.5198 8.8619 0.0000
v 50.0198 8.8619 0.0000
v 50.0198 9.3619 0.0000
v 49.5198 9.3619 0.0000
v 49.5198 8.8619 3.0000
v 50.0198 8.8619 3.0000
v 50.0198 9.3619 3.0000
v 49.5198 9.3619 3.0000
v 49.4948 8.8360 0.0000
v 49.9449 8.8360 0.0000
v 49.9449 9.2861 0.0000
v 49.4948 9.2861 0.0000
v 49.4948 8.8360 3.0000
v 49.9449 8.8360 3.0000
v 49.9449 9.2861 3.0000
v 49.4948 9.2861 3.0000
v 57.0334 8.8619 0.0000
v 57.5334 8.8619 0.0000
v 57.5334 9.3619 0.0000
v 57.0334 9.3619 0.0000
v 57.0334 8.8619 3.0000
v 57.5334 8.8619 3.0000
v 57.5334 9.3619 3.0000
v 57.0334 9.3619 3.0000
v 57.0084 8.8360 0.0000
v 57.4585 8.8360 0.0000
v 57.4585 9.2861 0.0000
v 57.0084 9.2861 0.0000
v 57.0084 8.8360 3.0000
v 57.4585 8.8360 3.0000
v 57.4585 9.2861 3.0000
v 57.0084 9.2861 3.0000
v 49.5198 13.9419 0.0000
v 50.0198 13.9419 0.0000
v 50.0198 14.4419 0.0000
v 49.5198 14.4419 0.0000
v 49.5198 13.9419 3.0000
v 50.0198 13.9419 3.0000
v 50.0198 14.4419 3.0000
v 49.5198 14.4419 3.0000
v 49.4948 13.9160 0.0000
v 49.9449 13.9160 0.0000
v 49.9449 14.3661 0.0000
v 49.4948 14.3661 0.0000
v 49.4948 13.9160 3.0000
v 49.9449 13.9160 3.0000
v 49.9449 14.3661 3.0000
v 49.4948 14.3661 3.0000
v 57.0334 13.9419 0.0000
v 57.5334 13.9419 0.0000
v 57.5334 14.4419 0.0000
v 57.0334 14.4419 0.0000
v 57.0334 13.9419 3.0000
v 57.5334 13.9419 3.0000
v 57.5334 14.4419 3.0000
v 57.0334 14.4419 3.0000
v 57.0084 13.9160 0.0000
v 57.4585 13.9160 0.0000
v 57.4585 14.3661 0.0000
v 57.0084 14.3661 0.0000
v 57.0084 13.9160 3.0000
v 57.4585 13.9160 3.0000
v 57.4585 14.3661 3.0000
v 57.0084 14.3661 3.0000
v 49.5198 16.8719 0.0000
v 50.0198 16.8719 0.0000
v 50.0198 17.3719 0.0000
v 49.5198 17.3719 0.0000
v 49.5198 16.8719 3.0000
v 50.0198 16.8719 3.0000
v 50.0198 17.3719 3.0000
v 49.5198 17.3719 3.0000
v 49.4948 16.8460 0.0000
v 49.9449 16.8460 0.0000
v 49.9449 17.2961 0.0000
v 49.4948 17.2961 0.0000
v 49.4948 16.8460 3.0000
v 49.9449 16.8460 3.0000
v 49.9449 17.2961 3.0000
v 49.4948 17.2961 3.0000
v 57.0334 16.8719 0.0000
v 57.5334 16.8719 0.0000
v 57.5334 17.3719 0.0000
v 57.0334 17.3719 0.0000
v 57.0334 16.8719 3.0000
v 57.5334 16.8719 3.0000
v 57.5334 17.3719 3.0000
v 57.0334 17.3719 3.0000
v 57.0084 16.8460 0.0000
v 57.4585 16.8460 0.0000
v 57.4585 17.2961 0.0000
v 57.0084 17.2961 0.0000
v 57.0084 16.8460 3.0000
v 57.4585 16.8460 3.0000
v 57.4585 17.2961 3.0000
v 57.0084 17.2961 3.0000
v 33.9923 -28.9456 0.0000
v 34.4923 -28.9456 0.0000
v 34.4923 -28.4456 0.0000
v 33.9923 -28.4456 0.0000
v 33.9923 -28.9456 3.0000
v 34.4923 -28.9456 3.0000
v 34.4923 -28.4456 3.0000
v 33.9923 -28.4456 3.0000
v 34.0682 -28.9706 0.0000
v 34.5182 -28.9706 0.0000
v 34.5182 -28.5206 0.0000
v 34.0682 -28.5206 0.0000
v 34.0682 -28.9706 3.0000
v 34.5182 -28.9706 3.0000
v 34.5182 -28.5206 3.0000
v 34.0682 -28.5206 3.0000
v 33.9923 -19.5131 0.0000
v 34.4923 -19.5131 0.0000
v 34.4923 -19.0131 0.0000
v 33.9923 -19.0131 0.0000
v 33.9923 -19.5131 3.0000
v 34.4923 -19.5131 3.0000
v 34.4923 -19.0131 3.0000
v 33.9923 -19.0131 3.0000
v 34.0682 -19.5381 0.0000
v 34.5182 -19.5381 0.0000
v 34.5182 -19.0881 0.0000
v 34.0682 -19.0881 0.0000
v 34.0682 -19.5381 3.0000
v 34.5182 -19.5381 3.0000
v 34.5182 -19.0881 3.0000
v 34.0682 -19.0881 3.0000
v 46.4198 -19.5131 0.0000
v 46.9198 -19.5131 0.0000
v 46.9198 -19.0131 0.0000
v 46.4198 -19.0131 0.0000
v 46.4198 -19.5131 3.0000
v 46.9198 -19.5131 3.0000
v 46.9198 -19.0131 3.0000
v 46.4198 -19.0131 3.0000
v 46.4957 -19.5381 0.0000
v 46.9457 -19.5381 0.0000
v 46.9457 -19.0881 0.0000
v 46.4957 -19.0881 0.0000
v 46.4957 -19.5381 3.0000
v 46.9457 -19.5381 3.0000
v 46.9457 -19.0881 3.0000
v 46.4957 -19.0881 3.0000
v 49.5198 25.5352 0.0000
v 50.0198 25.5352 0.0000
v 50.0198 26.0352 0.0000
v 49.5198 26.0352 0.0000
v 49.5198 25.5352 3.0000
v 50.0198 25.5352 3.0000
v 50.0198 26.0352 3.0000
v 49.5198 26.0352 3.0000
v 49.4948 25.5093 0.0000
v 49.9449 25.5093 0.0000
v 49.9449 25.9594 0.0000
v 49.4948 25.9594 0.0000
v 49.4948 25.5093 3.0000
v 49.9449 25.5093 3.0000
v 49.9449 25.9594 3.0000
v 49.4948 25.9594 3.0000
v 57.4834 25.8352 0.0000
v 57.4834 26.1352 0.0000
v 56.5834 26.1352 0.0000
v 56.5834 25.8352 0.0000
v 57.4834 25.8352 3.0000
v 57.4834 26.1352 3.0000
v 56.5834 26.1352 3.0000
v 56.5834 25.8352 3.0000
v 56.7334 25.9852 0.0000
v 56.4334 25.9852 0.0000
v 56.4334 25.4852 0.0000
v 56.7334 25.4852 0.0000
v 56.7334 25.9852 3.0000
v 56.4334 25.9852 3.0000
v 56.4334 25.4852 3.0000
v 56.7334 25.4852 3.0000
v 56.5834 25.6352 0.0000
v 56.5834 25.3352 0.0000
v 57.4834 25.3352 0.0000
v 57.4834 25.6352 0.0000
v 56.5834 25.6352 3.0000
v 56.5834 25.3352 3.0000
v 57.4834 25.3352 3.0000
v 57.4834 25.6352 3.0000
v 57.3334 25.4852 0.0000
v 57.6334 25.4852 0.0000
v 57.6334 25.9852 0.0000
v 57.3334 25.9852 0.0000
v 57.3334 25.4852 3.0000
v 57.6334 25.4852 3.0000
v 57.6334 25.9852 3.0000
v 57.3334 25.9852 3.0000
v 56.6084 25.6593 0.0000
v 56.6084 25.3593 0.0000
v 57.4584 25.3593 0.0000
v 57.4584 25.6593 0.0000
v 56.6084 25.6593 3.0000
v 56.6084 25.3593 3.0000
v 57.4584 25.3593 3.0000
v 57.4584 25.6593 3.0000
v 57.3084 25.5093 0.0000
v 57.6084 25.5093 0.0000
v 57.6084 25.9594 0.0000
v 57.3084 25.9594 0.0000
v 57.3084 25.5093 3.0000
v 57.6084 25.5093 3.0000
v 57.6084 25.9594 3.0000
v 57.3084 25.9594 3.0000
v 57.4584 25.8094 0.0000
v 57.4584 26.1094 0.0000
v 56.6084 26.1094 0.0000
v 56.6084 25.8094 0.0000
v 57.4584 25.8094 3.0000
v 57.4584 26.1094 3.0000
v 56.6084 26.1094 3.0000
v 56.6084 25.8094 3.0000
v 56.7584 25.9594 0.0000
v 56.4584 25.9594 0.0000
v 56.4584 25.5093 0.0000
v 56.7584 25.5093 0.0000
v 56.7584 25.9594 3.0000
v 56.4584 25.9594 3.0000
v 56.4584 25.5093 3.0000
v 56.7584 25.5093 3.0000
v 46.3398 16.7719 0.0000
v 47.0398 16.7719 0.0000
v 47.0398 17.4719 0.0000
v 46.3398 17.4719 0.0000
v 46.3398 16.7719 3.0000
v 47.0398 16.7719 3.0000
v 47.0398 17.4719 3.0000
v 46.3398 17.4719 3.0000
v 46.2948 16.7460 0.0000
v 46.9448 16.7460 0.0000
v 46.9448 17.3960 0.0000
v 46.2948 17.3960 0.0000
v 46.2948 16.7460 3.0000
v 46.9448 16.7460 3.0000
v 46.9448 17.3960 3.0000
v 46.2948 17.3960 3.0000
v 47.3698 25.8352 0.0000
v 47.3698 26.1352 0.0000
v 46.4698 26.1352 0.0000
v 46.4698 25.8352 0.0000
v 47.3698 25.8352 3.0000
v 47.3698 26.1352 3.0000
v 46.4698 26.1352 3.0000
v 46.4698 25.8352 3.0000
v 46.6198 25.9852 0.0000
v 46.3198 25.9852 0.0000
v 46.3198 25.4852 0.0000
v 46.6198 25.4852 0.0000
v 46.6198 25.9852 3.0000
v 46.3198 25.9852 3.0000
v 46.3198 25.4852 3.0000
v 46.6198 25.4852 3.0000
v 46.4698 25.6352 0.0000
v 46.4698 25.3352 0.0000
v 47.3698 25.3352 0.0000
v 47.3698 25.6352 0.0000
v 46.4698 25.6352 3.0000
v 46.4698 25.3352 3.0000
v 47.3698 25.3352 3.0000
v 47.3698 25.6352 3.0000
v 47.2198 25.4852 0.0000
v 47.5198 25.4852 0.0000
v 47.5198 25.9852 0.0000
v 47.2198 25.9852 0.0000
v 47.2198 25.4852 3.0000
v 47.5198 25.4852 3.0000
v 47.5198 25.9852 3.0000
v 47.2198 25.9852 3.0000
v 46.4948 25.6593 0.0000
v 46.4948 25.3593 0.0000
v 47.3448 25.3593 0.0000
v 47.3448 25.6593 0.0000
v 46.4948 25.6593 3.0000
v 46.4948 25.3593 3.0000
v 47.3448 25.3593 3.0000
v 47.3448 25.6593 3.0000
v 47.1948 25.5093 0.0000
v 47.4948 25.5093 0.0000
v 47.4948 25.9594 0.0000
v 47.1948 25.9594 0.0000
v 47.1948 25.5093 3.0000
v 47.4948 25.5093 3.0000
v 47.4948 25.9594 3.0000
v 47.1948 25.9594 3.0000
v 47.3448 25.8094 0.0000
v 47.3448 26.1094 0.0000
v 46.4948 26.1094 0.0000
v 46.4948 25.8094 0.0000
v 47.3448 25.8094 3.0000
v 47.3448 26.1094 3.0000
v 46.4948 26.1094 3.0000
v 46.4948 25.8094 3.0000
v 46.6448 25.9594 0.0000
v 46.3448 25.9594 0.0000
v 46.3448 25.5093 0.0000
v 46.6448 25.5093 0.0000
v 46.6448 25.9594 3.0000
v 46.3448 25.9594 3.0000
v 46.3448 25.5093 3.0000
v 46.6448 25.5093 3.0000
v 23.5812 16.8719 0.0000
v 24.0812 16.8719 0.0000
v 24.0812 17.3719 0.0000
v 23.5812 17.3719 0.0000
v 23.5812 16.8719 3.0000
v 24.0812 16.8719 3.0000
v 24.0812 17.3719 3.0000
v 23.5812 17.3719 3.0000
v 23.5562 16.8460 0.0000
v 24.0063 16.8460 0.0000
v 24.0063 17.2961 0.0000
v 23.5562 17.2961 0.0000
v 23.5562 16.8460 3.0000
v 24.0063 16.8460 3.0000
v 24.0063 17.2961 3.0000
v 23.5562 17.2961 3.0000
v 24.4312 25.8352 0.0000
v 24.4312 26.1352 0.0000
v 23.5312 26.1352 0.0000
v 23.5312 25.8352 0.0000
v 24.4312 25.8352 3.0000
v 24.4312 26.1352 3.0000
v 23.5312 26.1352 3.0000
v 23.5312 25.8352 3.0000
v 23.6812 25.9852 0.0000
v 23.3812 25.9852 0.0000
v 23.3812 25.4852 0.0000
v 23.6812 25.4852 0.0000
v 23.6812 25.9852 3.0000
v 23.3812 25.9852 3.0000
v 23.3812 25.4852 3.0000
v 23.6812 25.4852 3.0000
v 23.5312 25.6352 0.0000
v 23.5312 25.3352 0.0000
v 24.4312 25.3352 0.0000
v 24.4312 25.6352 0.0000
v 23.5312 25.6352 3.0000
v 23.5312 25.3352 3.0000
v 24.4312 25.3352 3.0000
v 24.4312 25.6352 3.0000
v 24.2812 25.4852 0.0000
v 24.5812 25.4852 0.0000
v 24.5812 25.9852 0.0000
v 24.2812 25.9852 0.0000
v 24.2812 25.4852 3.0000
v 24.5812 25.4852 3.0000
v 24.5812 25.9852 3.0000
v 24.2812 25.9852 3.0000
v 23.5562 25.6593 0.0000
v 23.5562 25.3593 0.0000
v 24.4062 25.3593 0.0000
v 24.4062 25.6593 0.0000
v 23.5562 25.6593 3.0000
v 23.5562 25.3593 3.0000
v 24.4062 25.3593 3.0000
v 24.4062 25.6593 3.0000
v 24.2562 25.5093 0.0000
v 24.5562 25.5093 0.0000
v 24.5562 25.9594 0.0000
v 24.2562 25.9594 0.0000
v 24.2562 25.5093 3.0000
v 24.5562 25.5093 3.0000
v 24.5562 25.9594 3.0000
v 24.2562 25.9594 3.0000
v 24.4062 25.8094 0.0000
v 24.4062 26.1094 0.0000
v 23.5562 26.1094 0.0000
v 23.5562 25.8094 0.0000
v 24.4062 25.8094 3.0000
v 24.4062 26.1094 3.0000
v 23.5562 26.1094 3.0000
v 23.5562 25.8094 3.0000
v 23.7062 25.9594 0.0000
v 23.4062 25.9594 0.0000
v 23.4062 25.5093 0.0000
v 23.7062 25.5093 0.0000
v 23.7062 25.9594 3.0000
v 23.4062 25.9594 3.0000
v 23.4062 25.5093 3.0000
v 23.7062 25.5093 3.0000
v 30.5348 25.5352 0.0000
v 31.0348 25.5352 0.0000
v 31.0348 26.0352 0.0000
v 30.5348 26.0352 0.0000
v 30.5348 25.5352 3.0000
v 31.0348 25.5352 3.0000
v 31.0348 26.0352 3.0000
v 30.5348 26.0352 3.0000
v 30.5098 25.5093 0.0000
v 30.9599 25.5093 0.0000
v 30.9599 25.9594 0.0000
v 30.5098 25.9594 0.0000
v 30.5098 25.5093 3.0000
v 30.9599 25.5093 3.0000
v 30.9599 25.9594 3.0000
v 30.5098 25.9594 3.0000
v 30.5348 16.8719 0.0000
v 31.0348 16.8719 0.0000
v 31.0348 17.3719 0.0000
v 30.5348 17.3719 0.0000
v 30.5348 16.8719 3.0000
v 31.0348 16.8719 3.0000
v 31.0348 17.3719 3.0000
v 30.5348 17.3719 3.0000
v 30.5098 16.8460 0.0000
v 30.9599 16.8460 0.0000
v 30.9599 17.2961 0.0000
v 30.5098 17.2961 0.0000
v 30.5098 16.8460 3.0000
v 30.9599 16.8460 3.0000
v 30.9599 17.2961 3.0000
v 30.5098 17.2961 3.0000
v 46.4198 -28.9456 0.0000
v 46.9198 -28.9456 0.0000
v 46.9198 -28.4456 0.0000
v 46.4198 -28.4456 0.0000
v 46.4198 -28.9456 3.0000
v 46.9198 -28.9456 3.0000
v 46.9198 -28.4456 3.0000
v 46.4198 -28.4456 3.0000
v 46.4957 -28.9706 0.0000
v 46.9457 -28.9706 0.0000
v 46.9457 -28.5206 0.0000
v 46.4957 -28.5206 0.0000
v 46.4957 -28.9706 3.0000
v 46.9457 -28.9706 3.0000
v 46.9457 -28.5206 3.0000
v 46.4957 -28.5206 3.0000
v 34.1148 16.7719 0.0000
v 34.8148 16.7719 0.0000
v 34.8148 17.4719 0.0000
v 34.1148 17.4719 0.0000
v 34.1148 16.7719 3.0000
v 34.8148 16.7719 3.0000
v 34.8148 17.4719 3.0000
v 34.1148 17.4719 3.0000
v 34.0698 16.7460 0.0000
v 34.7198 16.7460 0.0000
v 34.7198 17.3960 0.0000
v 34.0698 17.3960 0.0000
v 34.0698 16.7460 3.0000
v 34.7198 16.7460 3.0000
v 34.7198 17.3960 3.0000
v 34.0698 17.3960 3.0000
v 34.5448 25.8352 0.0000
v 34.5448 26.1352 0.0000
v 33.6448 26.1352 0.0000
v 33.6448 25.8352 0.0000
v 34.5448 25.8352 3.0000
v 34.5448 26.1352 3.0000
v 33.6448 26.1352 3.0000
v 33.6448 25.8352 3.0000
v 33.7948 25.9852 0.0000
v 33.4948 25.9852 0.0000
v 33.4948 25.4852 0.0000
v 33.7948 25.4852 0.0000
v 33.7948 25.9852 3.0000
v 33.4948 25.9852 3.0000
v 33.4948 25.4852 3.0000
v 33.7948 25.4852 3.0000
v 33.6448 25.6352 0.0000
v 33.6448 25.3352 0.0000
v 34.5448 25.3352 0.0000
v 34.5448 25.6352 0.0000
v 33.6448 25.6352 3.0000
v 33.6448 25.3352 3.0000
v 34.5448 25.3352 3.0000
v 34.5448 25.6352 3.0000
v 34.3948 25.4852 0.0000
v 34.6948 25.4852 0.0000
v 34.6948 25.9852 0.0000
v 34.3948 25.9852 0.0000
v 34.3948 25.4852 3.0000
v 34.6948 25.4852 3.0000
v 34.6948 25.9852 3.0000
v 34.3948 25.9852 3.0000
v 33.6698 25.6593 0.0000
v 33.6698 25.3593 0.0000
v 34.5198 25.3593 0.0000
v 34.5198 25.6593 0.0000
v 33.6698 25.6593 3.0000
v 33.6698 25.3593 3.0000
v 34.5198 25.3593 3.0000
v 34.5198 25.6593 3.0000
v 34.3698 25.5093 0.0000
v 34.6698 25.5093 0.0000
v 34.6698 25.9594 0.0000
v 34.3698 25.9594 0.0000
v 34.3698 25.5093 3.0000
v 34.6698 25.5093 3.0000
v 34.6698 25.9594 3.0000
v 34.3698 25.9594 3.0000
v 34.5198 25.8094 0.0000
v 34.5198 26.1094 0.0000
v 33.6698 26.1094 0.0000
v 33.6698 25.8094 0.0000
v 34.5198 25.8094 3.0000
v 34.5198 26.1094 3.0000
v 33.6698 26.1094 3.0000
v 33.6698 25.8094 3.0000
v 33.8198 25.9594 0.0000
v 33.5198 25.9594 0.0000
v 33.5198 25.5093 0.0000
v 33.8198 25.5093 0.0000
v 33.8198 25.9594 3.0000
v 33.5198 25.9594 3.0000
v 33.5198 25.5093 3.0000
v 33.8198 25.5093 3.0000
v 37.6023 -32.8081 0.0000
v 38.1023 -32.8081 0.0000
v 38.1023 -32.3081 0.0000
v 37.6023 -32.3081 0.0000
v 37.6023 -32.8081 3.0000
v 38.1023 -32.8081 3.0000
v 38.1023 -32.3081 3.0000
v 37.6023 -32.3081 3.0000
v 37.5773 -32.8340 0.0000
v 38.0274 -32.8340 0.0000
v 38.0274 -32.3839 0.0000
v 37.5773 -32.3839 0.0000
v 37.5773 -32.8340 3.0000
v 38.0274 -32.8340 3.0000
v 38.0274 -32.3839 3.0000
v 37.5773 -32.3839 3.0000
v 42.9098 -32.8081 0.0000
v 43.4098 -32.8081 0.0000
v 43.4098 -32.3081 0.0000
v 42.9098 -32.3081 0.0000
v 42.9098 -32.8081 3.0000
v 43.4098 -32.8081 3.0000
v 43.4098 -32.3081 3.0000
v 42.9098 -32.3081 3.0000
v 42.9857 -32.8331 0.0000
v 43.4357 -32.8331 0.0000
v 43.4357 -32.3831 0.0000
v 42.9857 -32.3831 0.0000
v 42.9857 -32.8331 3.0000
v 43.4357 -32.8331 3.0000
v 43.4357 -32.3831 3.0000
v 42.9857 -32.3831 3.0000
v 40.2061 -19.5131 0.0000
v 40.7061 -19.5131 0.0000
v 40.7061 -19.0131 0.0000
v 40.2061 -19.0131 0.0000
v 40.2061 -19.5131 3.0000
v 40.7061 -19.5131 3.0000
v 40.7061 -19.0131 3.0000
v 40.2061 -19.0131 3.0000
v 40.2819 -19.5381 0.0000
v 40.7320 -19.5381 0.0000
v 40.7320 -19.0881 0.0000
v 40.2819 -19.0881 0.0000
v 40.2819 -19.5381 3.0000
v 40.7320 -19.5381 3.0000
v 40.7320 -19.0881 3.0000
v 40.2819 -19.0881 3.0000
v 40.2061 -28.9456 0.0000
v 40.7061 -28.9456 0.0000
v 40.7061 -28.4456 0.0000
v 40.2061 -28.4456 0.0000
v 40.2061 -28.9456 3.0000
v 40.7061 -28.9456 3.0000
v 40.7061 -28.4456 3.0000
v 40.2061 -28.4456 3.0000
v 40.2819 -28.9706 0.0000
v 40.7320 -28.9706 0.0000
v 40.7320 -28.5206 0.0000
v 40.2819 -28.5206 0.0000
v 40.2819 -28.9706 3.0000
v 40.7320 -28.9706 3.0000
v 40.7320 -28.5206 3.0000
v 40.2819 -28.5206 3.0000
v -134.0840 -32.8081 0.0000
v -133.5840 -32.8081 0.0000
v -133.5840 -32.3081 0.0000
v -134.0840 -32.3081 0.0000
v -134.0840 -32.8081 3.0000
v -133.5840 -32.8081 3.0000
v -133.5840 -32.3081 3.0000
v -134.0840 -32.3081 3.0000
v -134.1091 -32.8340 0.0000
v -133.6590 -32.8340 0.0000
v -133.6590 -32.3839 0.0000
v -134.1091 -32.3839 0.0000
v -134.1091 -32.8340 3.0000
v -133.6590 -32.8340 3.0000
v -133.6590 -32.3839 3.0000
v -134.1091 -32.3839 3.0000
v -126.5704 -32.8081 0.0000
v -126.0704 -32.8081 0.0000
v -126.0704 -32.3081 0.0000
v -126.5704 -32.3081 0.0000
v -126.5704 -32.8081 3.0000
v -126.0704 -32.8081 3.0000
v -126.0704 -32.3081 3.0000
v -126.5704 -32.3081 3.0000
v -126.5955 -32.8340 0.0000
v -126.1454 -32.8340 0.0000
v -126.1454 -32.3839 0.0000
v -126.5955 -32.3839 0.0000
v -126.5955 -32.8340 3.0000
v -126.1454 -32.8340 3.0000
v -126.1454 -32.3839 3.0000
v -126.5955 -32.3839 3.0000
v -134.0840 -26.6981 0.0000
v -133.5840 -26.6981 0.0000
v -133.5840 -26.1981 0.0000
v -134.0840 -26.1981 0.0000
v -134.0840 -26.6981 3.0000
v -133.5840 -26.6981 3.0000
v -133.5840 -26.1981 3.0000
v -134.0840 -26.1981 3.0000
v -134.1091 -26.7240 0.0000
v -133.6590 -26.7240 0.0000
v -133.6590 -26.2739 0.0000
v -134.1091 -26.2739 0.0000
v -134.1091 -26.7240 3.0000
v -133.6590 -26.7240 3.0000
v -133.6590 -26.2739 3.0000
v -134.1091 -26.2739 3.0000
v -126.5704 -26.6981 0.0000
v -126.0704 -26.6981 0.0000
v -126.0704 -26.1981 0.0000
v -126.5704 -26.1981 0.0000
v -126.5704 -26.6981 3.0000
v -126.0704 -26.6981 3.0000
v -126.0704 -26.1981 3.0000
v -126.5704 -26.1981 3.0000
v -126.5955 -26.7240 0.0000
v -126.1454 -26.7240 0.0000
v -126.1454 -26.2739 0.0000
v -126.5955 -26.2739 0.0000
v -126.5955 -26.7240 3.0000
v -126.1454 -26.7240 3.0000
v -126.1454 -26.2739 3.0000
v -126.5955 -26.2739 3.0000
v -134.0840 -21.6181 0.0000
v -133.5840 -21.6181 0.0000
v -133.5840 -21.1181 0.0000
v -134.0840 -21.1181 0.0000
v -134.0840 -21.6181 3.0000
v -133.5840 -21.6181 3.0000
v -133.5840 -21.1181 3.0000
v -134.0840 -21.1181 3.0000
v -134.1091 -21.6440 0.0000
v -133.6590 -21.6440 0.0000
v -133.6590 -21.1939 0.0000
v -134.1091 -21.1939 0.0000
v -134.1091 -21.6440 3.0000
v -133.6590 -21.6440 3.0000
v -133.6590 -21.1939 3.0000
v -134.1091 -21.1939 3.0000
v -134.0840 -16.5381 0.0000
v -133.5840 -16.5381 0.0000
v -133.5840 -16.0381 0.0000
v -134.0840 -16.0381 0.0000
v -134.0840 -16.5381 3.0000
v -133.5840 -16.5381 3.0000
v -133.5840 -16.0381 3.0000
v -134.0840 -16.0381 3.0000
v -134.1091 -16.5640 0.0000
v -133.6590 -16.5640 0.0000
v -133.6590 -16.1139 0.0000
v -134.1091 -16.1139 0.0000
v -134.1091 -16.5640 3.0000
v -133.6590 -16.5640 3.0000
v -133.6590 -16.1139 3.0000
v -134.1091 -16.1139 3.0000
v -134.0840 -11.4581 0.0000
v -133.5840 -11.4581 0.0000
v -133.5840 -10.9581 0.0000
v -134.0840 -10.9581 0.0000
v -134.0840 -11.4581 3.0000
v -133.5840 -11.4581 3.0000
v -133.5840 -10.9581 3.0000
v -134.0840 -10.9581 3.0000
v -134.1091 -11.4840 0.0000
v -133.6590 -11.4840 0.0000
v -133.6590 -11.0339 0.0000
v -134.1091 -11.0339 0.0000
v -134.1091 -11.4840 3.0000
v -133.6590 -11.4840 3.0000
v -133.6590 -11.0339 3.0000
v -134.1091 -11.0339 3.0000
v -134.0840 -6.3781 0.0000
v -133.5840 -6.3781 0.0000
v -133.5840 -5.8781 0.0000
v -134.0840 -5.8781 0.0000
v -134.0840 -6.3781 3.0000
v -133.5840 -6.3781 3.0000
v -133.5840 -5.8781 3.0000
v -134.0840 -5.8781 3.0000
v -134.1091 -6.4040 0.0000
v -133.6590 -6.4040 0.0000
v -133.6590 -5.9539 0.0000
v -134.1091 -5.9539 0.0000
v -134.1091 -6.4040 3.0000
v -133.6590 -6.4040 3.0000
v -133.6590 -5.9539 3.0000
v -134.1091 -5.9539 3.0000
v -126.5704 -21.6181 0.0000
v -126.0704 -21.6181 0.0000
v -126.0704 -21.1181 0.0000
v -126.5704 -21.1181 0.0000
v -126.5704 -21.6181 3.0000
v -126.0704 -21.6181 3.0000
v -126.0704 -21.1181 3.0000
v -126.5704 -21.1181 3.0000
v -126.5955 -21.6440 0.0000
v -126.1454 -21.6440 0.0000
v -126.1454 -21.1939 0.0000
v -126.5955 -21.1939 0.0000
v -126.5955 -21.6440 3.0000
v -126.1454 -21.6440 3.0000
v -126.1454 -21.1939 3.0000
v -126.5955 -21.1939 3.0000
v -126.5704 -16.5381 0.0000
v -126.0704 -16.5381 0.0000
v -126.0704 -16.0381 0.0000
v -126.5704 -16.0381 0.0000
v -126.5704 -16.5381 3.0000
v -126.0704 -16.5381 3.0000
v -126.0704 -16.0381 3.0000
v -126.5704 -16.0381 3.0000
v -126.5955 -16.5640 0.0000
v -126.1454 -16.5640 0.0000
v -126.1454 -16.1139 0.0000
v -126.5955 -16.1139 0.0000
v -126.5955 -16.5640 3.0000
v -126.1454 -16.5640 3.0000
v -126.1454 -16.1139 3.0000
v -126.5955 -16.1139 3.0000
v -126.5704 -11.4581 0.0000
v -126.0704 -11.4581 0.0000
v -126.0704 -10.9581 0.0000
v -126.5704 -10.9581 0.0000
v -126.5704 -11.4581 3.0000
v -126.0704 -11.4581 3.0000
v -126.0704 -10.9581 3.0000
v -126.5704 -10.9581 3.0000
v -126.5955 -11.4840 0.0000
v -126.1454 -11.4840 0.0000
v -126.1454 -11.0339 0.0000
v -126.5955 -11.0339 0.0000
v -126.5955 -11.4840 3.0000
v -126.1454 -11.4840 3.0000
v -126.1454 -11.0339 3.0000
v -126.5955 -11.0339 3.0000
v -126.5704 -6.3781 0.0000
v -126.0704 -6.3781 0.0000
v -126.0704 -5.8781 0.0000
v -126.5704 -5.8781 0.0000
v -126.5704 -6.3781 3.0000
v -126.0704 -6.3781 3.0000
v -126.0704 -5.8781 3.0000
v -126.5704 -5.8781 3.0000
v -126.5955 -6.4040 0.0000
v -126.1454 -6.4040 0.0000
v -126.1454 -5.9539 0.0000
v -126.5955 -5.9539 0.0000
v -126.5955 -6.4040 3.0000
v -126.1454 -6.4040 3.0000
v -126.1454 -5.9539 3.0000
v -126.5955 -5.9539 3.0000
v -126.5704 -1.2981 0.0000
v -126.0704 -1.2981 0.0000
v -126.0704 -0.7981 0.0000
v -126.5704 -0.7981 0.0000
v -126.5704 -1.2981 3.0000
v -126.0704 -1.2981 3.0000
v -126.0704 -0.7981 3.0000
v -126.5704 -0.7981 3.0000
v -126.5955 -1.3240 0.0000
v -126.1454 -1.3240 0.0000
v -126.1454 -0.8739 0.0000
v -126.5955 -0.8739 0.0000
v -126.5955 -1.3240 3.0000
v -126.1454 -1.3240 3.0000
v -126.1454 -0.8739 3.0000
v -126.5955 -0.8739 3.0000
v -126.5704 3.7819 0.0000
v -126.0704 3.7819 0.0000
v -126.0704 4.2819 0.0000
v -126.5704 4.2819 0.0000
v -126.5704 3.7819 3.0000
v -126.0704 3.7819 3.0000
v -126.0704 4.2819 3.0000
v -126.5704 4.2819 3.0000
v -126.5955 3.7560 0.0000
v -126.1454 3.7560 0.0000
v -126.1454 4.2061 0.0000
v -126.5955 4.2061 0.0000
v -126.5955 3.7560 3.0000
v -126.1454 3.7560 3.0000
v -126.1454 4.2061 3.0000
v -126.5955 4.2061 3.0000
v -126.5704 8.8619 0.0000
v -126.0704 8.8619 0.0000
v -126.0704 9.3619 0.0000
v -126.5704 9.3619 0.0000
v -126.5704 8.8619 3.0000
v -126.0704 8.8619 3.0000
v -126.0704 9.3619 3.0000
v -126.5704 9.3619 3.0000
v -126.5955 8.8360 0.0000
v -126.1454 8.8360 0.0000
v -126.1454 9.2861 0.0000
v -126.5955 9.2861 0.0000
v -126.5955 8.8360 3.0000
v -126.1454 8.8360 3.0000
v -126.1454 9.2861 3.0000
v -126.5955 9.2861 3.0000
v -126.5704 13.9419 0.0000
v -126.0704 13.9419 0.0000
v -126.0704 14.4419 0.0000
v -126.5704 14.4419 0.0000
v -126.5704 13.9419 3.0000
v -126.0704 13.9419 3.0000
v -126.0704 14.4419 3.0000
v -126.5704 14.4419 3.0000
v -126.5955 13.9160 0.0000
v -126.1454 13.9160 0.0000
v -126.1454 14.3661 0.0000
v -126.5955 14.3661 0.0000
v -126.5955 13.9160 3.0000
v -126.1454 13.9160 3.0000
v -126.1454 14.3661 3.0000
v -126.5955 14.3661 3.0000
v -134.0840 -1.2981 0.0000
v -133.5840 -1.2981 0.0000
v -133.5840 -0.7981 0.0000
v -134.0840 -0.7981 0.0000
v -134.0840 -1.2981 3.0000
v -133.5840 -1.2981 3.0000
v -133.5840 -0.7981 3.0000
v -134.0840 -0.7981 3.0000
v -134.1091 -1.3240 0.0000
v -133.6590 -1.3240 0.0000
v -133.6590 -0.8739 0.0000
v -134.1091 -0.8739 0.0000
v -134.1091 -1.3240 3.0000
v -133.6590 -1.3240 3.0000
v -133.6590 -0.8739 3.0000
v -134.1091 -0.8739 3.0000
v -134.0840 3.7819 0.0000
v -133.5840 3.7819 0.0000
v -133.5840 4.2819 0.0000
v -134.0840 4.2819 0.0000
v -134.0840 3.7819 3.0000
v -133.5840 3.7819 3.0000
v -133.5840 4.2819 3.0000
v -134.0840 4.2819 3.0000
v -134.1091 3.7560 0.0000
v -133.6590 3.7560 0.0000
v -133.6590 4.2061 0.0000
v -134.1091 4.2061 0.0000
v -134.1091 3.7560 3.0000
v -133.6590 3.7560 3.0000
v -133.6590 4.2061 3.0000
v -134.1091 4.2061 3.0000
v -134.0840 8.8619 0.0000
v -133.5840 8.8619 0.0000
v -133.5840 9.3619 0.0000
v -134.0840 9.3619 0.0000
v -134.0840 8.8619 3.0000
v -133.5840 8.8619 3.0000
v -133.5840 9.3619 3.0000
v -134.0840 9.3619 3.0000
v -134.1091 8.8360 0.0000
v -133.6590 8.8360 0.0000
v -133.6590 9.2861 0.0000
v -134.1091 9.2861 0.0000
v -134.1091 8.8360 3.0000
v -133.6590 8.8360 3.0000
v -133.6590 9.2861 3.0000
v -134.1091 9.2861 3.0000
v -134.0840 13.9419 0.0000
v -133.5840 13.9419 0.0000
v -133.5840 14.4419 0.0000
v -134.0840 14.4419 0.0000
v -134.0840 13.9419 3.0000
v -133.5840 13.9419 3.0000
v -133.5840 14.4419 3.0000
v -134.0840 14.4419 3.0000
v -134.1091 13.9160 0.0000
v -133.6590 13.9160 0.0000
v -133.6590 14.3661 0.0000
v -134.1091 14.3661 0.0000
v -134.1091 13.9160 3.0000
v -133.6590 13.9160 3.0000
v -133.6590 14.3661 3.0000
v -134.1091 14.3661 3.0000
v 107.9829 -36.3388 0.0000
v 107.9829 -36.6388 0.0000
v 108.8829 -36.6388 0.0000
v 108.8829 -36.3388 0.0000
v 107.9829 -36.3388 3.0000
v 107.9829 -36.6388 3.0000
v 108.8829 -36.6388 3.0000
v 108.8829 -36.3388 3.0000
v 109.0329 -36.4888 0.0000
v 108.7329 -36.4888 0.0000
v 108.7329 -36.9888 0.0000
v 109.0329 -36.9888 0.0000
v 109.0329 -36.4888 3.0000
v 108.7329 -36.4888 3.0000
v 108.7329 -36.9888 3.0000
v 109.0329 -36.9888 3.0000
v 108.8829 -37.1388 0.0000
v 108.8829 -36.8388 0.0000
v 107.9829 -36.8388 0.0000
v 107.9829 -37.1388 0.0000
v 108.8829 -37.1388 3.0000
v 108.8829 -36.8388 3.0000
v 107.9829 -36.8388 3.0000
v 107.9829 -37.1388 3.0000
v 107.8329 -36.9888 0.0000
v 108.1329 -36.9888 0.0000
v 108.1329 -36.4888 0.0000
v 107.8329 -36.4888 0.0000
v 107.8329 -36.9888 3.0000
v 108.1329 -36.9888 3.0000
v 108.1329 -36.4888 3.0000
v 107.8329 -36.4888 3.0000
v 108.8579 -37.1147 0.0000
v 108.8579 -36.8147 0.0000
v 108.0079 -36.8147 0.0000
v 108.0079 -37.1147 0.0000
v 108.8579 -37.1147 3.0000
v 108.8579 -36.8147 3.0000
v 108.0079 -36.8147 3.0000
v 108.0079 -37.1147 3.0000
v 107.8579 -36.9647 0.0000
v 108.1579 -36.9647 0.0000
v 108.1579 -36.5146 0.0000
v 107.8579 -36.5146 0.0000
v 107.8579 -36.9647 3.0000
v 108.1579 -36.9647 3.0000
v 108.1579 -36.5146 3.0000
v 107.8579 -36.5146 3.0000
v 108.0079 -36.3646 0.0000
v 108.0079 -36.6646 0.0000
v 108.8579 -36.6646 0.0000
v 108.8579 -36.3646 0.0000
v 108.0079 -36.3646 3.0000
v 108.0079 -36.6646 3.0000
v 108.8579 -36.6646 3.0000
v 108.8579 -36.3646 3.0000
v 109.0079 -36.5146 0.0000
v 108.7079 -36.5146 0.0000
v 108.7079 -36.9647 0.0000
v 109.0079 -36.9647 0.0000
v 109.0079 -36.5146 3.0000
v 108.7079 -36.5146 3.0000
v 108.7079 -36.9647 3.0000
v 109.0079 -36.9647 3.0000
v 100.8693 -36.3388 0.0000
v 100.8693 -36.6388 0.0000
v 101.7693 -36.6388 0.0000
v 101.7693 -36.3388 0.0000
v 100.8693 -36.3388 3.0000
v 100.8693 -36.6388 3.0000
v 101.7693 -36.6388 3.0000
v 101.7693 -36.3388 3.0000
v 101.9193 -36.4888 0.0000
v 101.6193 -36.4888 0.0000
v 101.6193 -36.9888 0.0000
v 101.9193 -36.9888 0.0000
v 101.9193 -36.4888 3.0000
v 101.6193 -36.4888 3.0000
v 101.6193 -36.9888 3.0000
v 101.9193 -36.9888 3.0000
v 101.7693 -37.1388 0.0000
v 101.7693 -36.8388 0.0000
v 100.8693 -36.8388 0.0000
v 100.8693 -37.1388 0.0000
v 101.7693 -37.1388 3.0000
v 101.7693 -36.8388 3.0000
v 100.8693 -36.8388 3.0000
v 100.8693 -37.1388 3.0000
v 100.7193 -36.9888 0.0000
v 101.0193 -36.9888 0.0000
v 101.0193 -36.4888 0.0000
v 100.7193 -36.4888 0.0000
v 100.7193 -36.9888 3.0000
v 101.0193 -36.9888 3.0000
v 101.0193 -36.4888 3.0000
v 100.7193 -36.4888 3.0000
v 101.7443 -37.1147 0.0000
v 101.7443 -36.8147 0.0000
v 100.8943 -36.8147 0.0000
v 100.8943 -37.1147 0.0000
v 101.7443 -37.1147 3.0000
v 101.7443 -36.8147 3.0000
v 100.8943 -36.8147 3.0000
v 100.8943 -37.1147 3.0000
v 100.7443 -36.9647 0.0000
v 101.0443 -36.9647 0.0000
v 101.0443 -36.5146 0.0000
v 100.7443 -36.5146 0.0000
v 100.7443 -36.9647 3.0000
v 101.0443 -36.9647 3.0000
v 101.0443 -36.5146 3.0000
v 100.7443 -36.5146 3.0000
v 100.8943 -36.3646 0.0000
v 100.8943 -36.6646 0.0000
v 101.7443 -36.6646 0.0000
v 101.7443 -36.3646 0.0000
v 100.8943 -36.3646 3.0000
v 100.8943 -36.6646 3.0000
v 101.7443 -36.6646 3.0000
v 101.7443 -36.3646 3.0000
v 101.8943 -36.5146 0.0000
v 101.5943 -36.5146 0.0000
v 101.5943 -36.9647 0.0000
v 101.8943 -36.9647 0.0000
v 101.8943 -36.5146 3.0000
v 101.5943 -36.5146 3.0000
v 101.5943 -36.9647 3.0000
v 101.8943 -36.9647 3.0000
v 82.0443 -36.3388 0.0000
v 82.0443 -36.6388 0.0000
v 82.9443 -36.6388 0.0000
v 82.9443 -36.3388 0.0000
v 82.0443 -36.3388 3.0000
v 82.0443 -36.6388 3.0000
v 82.9443 -36.6388 3.0000
v 82.9443 -36.3388 3.0000
v 83.0943 -36.4888 0.0000
v 82.7943 -36.4888 0.0000
v 82.7943 -36.9888 0.0000
v 83.0943 -36.9888 0.0000
v 83.0943 -36.4888 3.0000
v 82.7943 -36.4888 3.0000
v 82.7943 -36.9888 3.0000
v 83.0943 -36.9888 3.0000
v 82.9443 -37.1388 0.0000
v 82.9443 -36.8388 0.0000
v 82.0443 -36.8388 0.0000
v 82.0443 -37.1388 0.0000
v 82.9443 -37.1388 3.0000
v 82.9443 -36.8388 3.0000
v 82.0443 -36.8388 3.0000
v 82.0443 -37.1388 3.0000
v 81.8943 -36.9888 0.0000
v 82.1943 -36.9888 0.0000
v 82.1943 -36.4888 0.0000
v 81.8943 -36.4888 0.0000
v 81.8943 -36.9888 3.0000
v 82.1943 -36.9888 3.0000
v 82.1943 -36.4888 3.0000
v 81.8943 -36.4888 3.0000
v 82.9193 -37.1147 0.0000
v 82.9193 -36.8147 0.0000
v 82.0693 -36.8147 0.0000
v 82.0693 -37.1147 0.0000
v 82.9193 -37.1147 3.0000
v 82.9193 -36.8147 3.0000
v 82.0693 -36.8147 3.0000
v 82.0693 -37.1147 3.0000
v 81.9193 -36.9647 0.0000
v 82.2193 -36.9647 0.0000
v 82.2193 -36.5146 0.0000
v 81.9193 -36.5146 0.0000
v 81.9193 -36.9647 3.0000
v 82.2193 -36.9647 3.0000
v 82.2193 -36.5146 3.0000
v 81.9193 -36.5146 3.0000
v 82.0693 -36.3646 0.0000
v 82.0693 -36.6646 0.0000
v 82.9193 -36.6646 0.0000
v 82.9193 -36.3646 0.0000
v 82.0693 -36.3646 3.0000
v 82.0693 -36.6646 3.0000
v 82.9193 -36.6646 3.0000
v 82.9193 -36.3646 3.0000
v 83.0693 -36.5146 0.0000
v 82.7693 -36.5146 0.0000
v 82.7693 -36.9647 0.0000
v 83.0693 -36.9647 0.0000
v 83.0693 -36.5146 3.0000
v 82.7693 -36.5146 3.0000
v 82.7693 -36.9647 3.0000
v 83.0693 -36.9647 3.0000
v 74.9307 -36.3388 0.0000
v 74.9307 -36.6388 0.0000
v 75.8307 -36.6388 0.0000
v 75.8307 -36.3388 0.0000
v 74.9307 -36.3388 3.0000
v 74.9307 -36.6388 3.0000
v 75.8307 -36.6388 3.0000
v 75.8307 -36.3388 3.0000
v 75.9807 -36.4888 0.0000
v 75.6807 -36.4888 0.0000
v 75.6807 -36.9888 0.0000
v 75.9807 -36.9888 0.0000
v 75.9807 -36.4888 3.0000
v 75.6807 -36.4888 3.0000
v 75.6807 -36.9888 3.0000
v 75.9807 -36.9888 3.0000
v 75.8307 -37.1388 0.0000
v 75.8307 -36.8388 0.0000
v 74.9307 -36.8388 0.0000
v 74.9307 -37.1388 0.0000
v 75.8307 -37.1388 3.0000
v 75.8307 -36.8388 3.0000
v 74.9307 -36.8388 3.0000
v 74.9307 -37.1388 3.0000
v 74.7807 -36.9888 0.0000
v 75.0807 -36.9888 0.0000
v 75.0807 -36.4888 0.0000
v 74.7807 -36.4888 0.0000
v 74.7807 -36.9888 3.0000
v 75.0807 -36.9888 3.0000
v 75.0807 -36.4888 3.0000
v 74.7807 -36.4888 3.0000
v 75.8057 -37.1147 0.0000
v 75.8057 -36.8147 0.0000
v 74.9557 -36.8147 0.0000
v 74.9557 -37.1147 0.0000
v 75.8057 -37.1147 3.0000
v 75.8057 -36.8147 3.0000
v 74.9557 -36.8147 3.0000
v 74.9557 -37.1147 3.0000
v 74.8057 -36.9647 0.0000
v 75.1057 -36.9647 0.0000
v 75.1057 -36.5146 0.0000
v 74.8057 -36.5146 0.0000
v 74.8057 -36.9647 3.0000
v 75.1057 -36.9647 3.0000
v 75.1057 -36.5146 3.0000
v 74.8057 -36.5146 3.0000
v 74.9557 -36.3646 0.0000
v 74.9557 -36.6646 0.0000
v 75.8057 -36.6646 0.0000
v 75.8057 -36.3646 0.0000
v 74.9557 -36.3646 3.0000
v 74.9557 -36.6646 3.0000
v 75.8057 -36.6646 3.0000
v 75.8057 -36.3646 3.0000
v 75.9557 -36.5146 0.0000
v 75.6557 -36.5146 0.0000
v 75.6557 -36.9647 0.0000
v 75.9557 -36.9647 0.0000
v 75.9557 -36.5146 3.0000
v 75.6557 -36.5146 3.0000
v 75.6557 -36.9647 3.0000
v 75.9557 -36.9647 3.0000
v -108.1454 -32.8081 0.0000
v -107.6454 -32.8081 0.0000
v -107.6454 -32.3081 0.0000
v -108.1454 -32.3081 0.0000
v -108.1454 -32.8081 3.0000
v -107.6454 -32.8081 3.0000
v -107.6454 -32.3081 3.0000
v -108.1454 -32.3081 3.0000
v -108.1705 -32.8340 0.0000
v -107.7204 -32.8340 0.0000
v -107.7204 -32.3839 0.0000
v -108.1705 -32.3839 0.0000
v -108.1705 -32.8340 3.0000
v -107.7204 -32.8340 3.0000
v -107.7204 -32.3839 3.0000
v -108.1705 -32.3839 3.0000
v -100.6318 -32.8081 0.0000
v -100.1318 -32.8081 0.0000
v -100.1318 -32.3081 0.0000
v -100.6318 -32.3081 0.0000
v -100.6318 -32.8081 3.0000
v -100.1318 -32.8081 3.0000
v -100.1318 -32.3081 3.0000
v -100.6318 -32.3081 3.0000
v -100.6569 -32.8340 0.0000
v -100.2068 -32.8340 0.0000
v -100.2068 -32.3839 0.0000
v -100.6569 -32.3839 0.0000
v -100.6569 -32.8340 3.0000
v -100.2068 -32.8340 3.0000
v -100.2068 -32.3839 3.0000
v -100.6569 -32.3839 3.0000
v -108.1454 -26.6981 0.0000
v -107.6454 -26.6981 0.0000
v -107.6454 -26.1981 0.0000
v -108.1454 -26.1981 0.0000
v -108.1454 -26.6981 3.0000
v -107.6454 -26.6981 3.0000
v -107.6454 -26.1981 3.0000
v -108.1454 -26.1981 3.0000
v -108.1705 -26.7240 0.0000
v -107.7204 -26.7240 0.0000
v -107.7204 -26.2739 0.0000
v -108.1705 -26.2739 0.0000
v -108.1705 -26.7240 3.0000
v -107.7204 -26.7240 3.0000
v -107.7204 -26.2739 3.0000
v -108.1705 -26.2739 3.0000
v -100.6318 -26.6981 0.0000
v -100.1318 -26.6981 0.0000
v -100.1318 -26.1981 0.0000
v -100.6318 -26.1981 0.0000
v -100.6318 -26.6981 3.0000
v -100.1318 -26.6981 3.0000
v -100.1318 -26.1981 3.0000
v -100.6318 -26.1981 3.0000
v -100.6569 -26.7240 0.0000
v -100.2068 -26.7240 0.0000
v -100.2068 -26.2739 0.0000
v -100.6569 -26.2739 0.0000
v -100.6569 -26.7240 3.0000
v -100.2068 -26.7240 3.0000
v -100.2068 -26.2739 3.0000
v -100.6569 -26.2739 3.0000
v -108.1454 -21.6181 0.0000
v -107.6454 -21.6181 0.0000
v -107.6454 -21.1181 0.0000
v -108.1454 -21.1181 0.0000
v -108.1454 -21.6181 3.0000
v -107.6454 -21.6181 3.0000
v -107.6454 -21.1181 3.0000
v -108.1454 -21.1181 3.0000
v -108.1705 -21.6440 0.0000
v -107.7204 -21.6440 0.0000
v -107.7204 -21.1939 0.0000
v -108.1705 -21.1939 0.0000
v -108.1705 -21.6440 3.0000
v -107.7204 -21.6440 3.0000
v -107.7204 -21.1939 3.0000
v -108.1705 -21.1939 3.0000
v -100.6318 -21.6181 0.0000
v -100.1318 -21.6181 0.0000
v -100.1318 -21.1181 0.0000
v -100.6318 -21.1181 0.0000
v -100.6318 -21.6181 3.0000
v -100.1318 -21.6181 3.0000
v -100.1318 -21.1181 3.0000
v -100.6318 -21.1181 3.0000
v -100.6569 -21.6440 0.0000
v -100.2068 -21.6440 0.0000
v -100.2068 -21.1939 0.0000
v -100.6569 -21.1939 0.0000
v -100.6569 -21.6440 3.0000
v -100.2068 -21.6440 3.0000
v -100.2068 -21.1939 3.0000
v -100.6569 -21.1939 3.0000
v -108.1454 -16.5381 0.0000
v -107.6454 -16.5381 0.0000
v -107.6454 -16.0381 0.0000
v -108.1454 -16.0381 0.0000
v -108.1454 -16.5381 3.0000
v -107.6454 -16.5381 3.0000
v -107.6454 -16.0381 3.0000
v -108.1454 -16.0381 3.0000
v -108.1705 -16.5640 0.0000
v -107.7204 -16.5640 0.0000
v -107.7204 -16.1139 0.0000
v -108.1705 -16.1139 0.0000
v -108.1705 -16.5640 3.0000
v -107.7204 -16.5640 3.0000
v -107.7204 -16.1139 3.0000
v -108.1705 -16.1139 3.0000
v -100.6318 -16.5381 0.0000
v -100.1318 -16.5381 0.0000
v -100.1318 -16.0381 0.0000
v -100.6318 -16.0381 0.0000
v -100.6318 -16.5381 3.0000
v -100.1318 -16.5381 3.0000
v -100.1318 -16.0381 3.0000
v -100.6318 -16.0381 3.0000
v -100.6569 -16.5640 0.0000
v -100.2068 -16.5640 0.0000
v -100.2068 -16.1139 0.0000
v -100.6569 -16.1139 0.0000
v -100.6569 -16.5640 3.0000
v -100.2068 -16.5640 3.0000
v -100.2068 -16.1139 3.0000
v -100.6569 -16.1139 3.0000
v -108.1454 -11.4581 0.0000
v -107.6454 -11.4581 0.0000
v -107.6454 -10.9581 0.0000
v -108.1454 -10.9581 0.0000
v -108.1454 -11.4581 3.0000
v -107.6454 -11.4581 3.0000
v -107.6454 -10.9581 3.0000
v -108.1454 -10.9581 3.0000
v -108.1705 -11.4840 0.0000
v -107.7204 -11.4840 0.0000
v -107.7204 -11.0339 0.0000
v -108.1705 -11.0339 0.0000
v -108.1705 -11.4840 3.0000
v -107.7204 -11.4840 3.0000
v -107.7204 -11.0339 3.0000
v -108.1705 -11.0339 3.0000
v -100.6318 -11.4581 0.0000
v -100.1318 -11.4581 0.0000
v -100.1318 -10.9581 0.0000
v -100.6318 -10.9581 0.0000
v -100.6318 -11.4581 3.0000
v -100.1318 -11.4581 3.0000
v -100.1318 -10.9581 3.0000
v -100.6318 -10.9581 3.0000
v -100.6569 -11.4840 0.0000
v -100.2068 -11.4840 0.0000
v -100.2068 -11.0339 0.0000
v -100.6569 -11.0339 0.0000
v -100.6569 -11.4840 3.0000
v -100.2068 -11.4840 3.0000
v -100.2068 -11.0339 3.0000
v -100.6569 -11.0339 3.0000
v -108.1454 -6.3781 0.0000
v -107.6454 -6.3781 0.0000
v -107.6454 -5.8781 0.0000
v -108.1454 -5.8781 0.0000
v -108.1454 -6.3781 3.0000
v -107.6454 -6.3781 3.0000
v -107.6454 -5.8781 3.0000
v -108.1454 -5.8781 3.0000
v -108.1705 -6.4040 0.0000
v -107.7204 -6.4040 0.0000
v -107.7204 -5.9539 0.0000
v -108.1705 -5.9539 0.0000
v -108.1705 -6.4040 3.0000
v -107.7204 -6.4040 3.0000
v -107.7204 -5.9539 3.0000
v -108.1705 -5.9539 3.0000
v -100.6318 -6.3781 0.0000
v -100.1318 -6.3781 0.0000
v -100.1318 -5.8781 0.0000
v -100.6318 -5.8781 0.0000
v -100.6318 -6.3781 3.0000
v -100.1318 -6.3781 3.0000
v -100.1318 -5.8781 3.0000
v -100.6318 -5.8781 3.0000
v -100.6569 -6.4040 0.0000
v -100.2068 -6.4040 0.0000
v -100.2068 -5.9539 0.0000
v -100.6569 -5.9539 0.0000
v -100.6569 -6.4040 3.0000
v -100.2068 -6.4040 3.0000
v -100.2068 -5.9539 3.0000
v -100.6569 -5.9539 3.0000
v -108.1454 -1.2981 0.0000
v -107.6454 -1.2981 0.0000
v -107.6454 -0.7981 0.0000
v -108.1454 -0.7981 0.0000
v -108.1454 -1.2981 3.0000
v -107.6454 -1.2981 3.0000
v -107.6454 -0.7981 3.0000
v -108.1454 -0.7981 3.0000
v -108.1705 -1.3240 0.0000
v -107.7204 -1.3240 0.0000
v -107.7204 -0.8739 0.0000
v -108.1705 -0.8739 0.0000
v -108.1705 -1.3240 3.0000
v -107.7204 -1.3240 3.0000
v -107.7204 -0.8739 3.0000
v -108.1705 -0.8739 3.0000
v -100.6318 -1.2981 0.0000
v -100.1318 -1.2981 0.0000
v -100.1318 -0.7981 0.0000
v -100.6318 -0.7981 0.0000
v -100.6318 -1.2981 3.0000
v -100.1318 -1.2981 3.0000
v -100.1318 -0.7981 3.0000
v -100.6318 -0.7981 3.0000
v -100.6569 -1.3240 0.0000
v -100.2068 -1.3240 0.0000
v -100.2068 -0.8739 0.0000
v -100.6569 -0.8739 0.0000
v -100.6569 -1.3240 3.0000
v -100.2068 -1.3240 3.0000
v -100.2068 -0.8739 3.0000
v -100.6569 -0.8739 3.0000
v -108.1454 3.7819 0.0000
v -107.6454 3.7819 0.0000
v -107.6454 4.2819 0.0000
v -108.1454 4.2819 0.0000
v -108.1454 3.7819 3.0000
v -107.6454 3.7819 3.0000
v -107.6454 4.2819 3.0000
v -108.1454 4.2819 3.0000
v -108.1705 3.7560 0.0000
v -107.7204 3.7560 0.0000
v -107.7204 4.2061 0.0000
v -108.1705 4.2061 0.0000
v -108.1705 3.7560 3.0000
v -107.7204 3.7560 3.0000
v -107.7204 4.2061 3.0000
v -108.1705 4.2061 3.0000
v -100.6318 3.7819 0.0000
v -100.1318 3.7819 0.0000
v -100.1318 4.2819 0.0000
v -100.6318 4.2819 0.0000
v -100.6318 3.7819 3.0000
v -100.1318 3.7819 3.0000
v -100.1318 4.2819 3.0000
v -100.6318 4.2819 3.0000
v -100.6569 3.7560 0.0000
v -100.2068 3.7560 0.0000
v -100.2068 4.2061 0.0000
v -100.6569 4.2061 0.0000
v -100.6569 3.7560 3.0000
v -100.2068 3.7560 3.0000
v -100.2068 4.2061 3.0000
v -100.6569 4.2061 3.0000
v -108.1454 8.8619 0.0000
v -107.6454 8.8619 0.0000
v -107.6454 9.3619 0.0000
v -108.1454 9.3619 0.0000
v -108.1454 8.8619 3.0000
v -107.6454 8.8619 3.0000
v -107.6454 9.3619 3.0000
v -108.1454 9.3619 3.0000
v -108.1705 8.8360 0.0000
v -107.7204 8.8360 0.0000
v -107.7204 9.2861 0.0000
v -108.1705 9.2861 0.0000
v -108.1705 8.8360 3.0000
v -107.7204 8.8360 3.0000
v -107.7204 9.2861 3.0000
v -108.1705 9.2861 3.0000
v -100.6318 8.8619 0.0000
v -100.1318 8.8619 0.0000
v -100.1318 9.3619 0.0000
v -100.6318 9.3619 0.0000
v -100.6318 8.8619 3.0000
v -100.1318 8.8619 3.0000
v -100.1318 9.3619 3.0000
v -100.6318 9.3619 3.0000
v -100.6569 8.8360 0.0000
v -100.2068 8.8360 0.0000
v -100.2068 9.2861 0.0000
v -100.6569 9.2861 0.0000
v -100.6569 8.8360 3.0000
v -100.2068 8.8360 3.0000
v -100.2068 9.2861 3.0000
v -100.6569 9.2861 3.0000
v -108.1454 13.9419 0.0000
v -107.6454 13.9419 0.0000
v -107.6454 14.4419 0.0000
v -108.1454 14.4419 0.0000
v -108.1454 13.9419 3.0000
v -107.6454 13.9419 3.0000
v -107.6454 14.4419 3.0000
v -108.1454 14.4419 3.0000
v -108.1705 13.9160 0.0000
v -107.7204 13.9160 0.0000
v -107.7204 14.3661 0.0000
v -108.1705 14.3661 0.0000
v -108.1705 13.9160 3.0000
v -107.7204 13.9160 3.0000
v -107.7204 14.3661 3.0000
v -108.1705 14.3661 3.0000
v -100.6318 13.9419 0.0000
v -100.1318 13.9419 0.0000
v -100.1318 14.4419 0.0000
v -100.6318 14.4419 0.0000
v -100.6318 13.9419 3.0000
v -100.1318 13.9419 3.0000
v -100.1318 14.4419 3.0000
v -100.6318 14.4419 3.0000
v -100.6569 13.9160 0.0000
v -100.2068 13.9160 0.0000
v -100.2068 14.3661 0.0000
v -100.6569 14.3661 0.0000
v -100.6569 13.9160 3.0000
v -100.2068 13.9160 3.0000
v -100.2068 14.3661 3.0000
v -100.6569 14.3661 3.0000
v -108.1454 16.8719 0.0000
v -107.6454 16.8719 0.0000
v -107.6454 17.3719 0.0000
v -108.1454 17.3719 0.0000
v -108.1454 16.8719 3.0000
v -107.6454 16.8719 3.0000
v -107.6454 17.3719 3.0000
v -108.1454 17.3719 3.0000
v -108.1705 16.8460 0.0000
v -107.7204 16.8460 0.0000
v -107.7204 17.2961 0.0000
v -108.1705 17.2961 0.0000
v -108.1705 16.8460 3.0000
v -107.7204 16.8460 3.0000
v -107.7204 17.2961 3.0000
v -108.1705 17.2961 3.0000
v -100.6318 16.8719 0.0000
v -100.1318 16.8719 0.0000
v -100.1318 17.3719 0.0000
v -100.6318 17.3719 0.0000
v -100.6318 16.8719 3.0000
v -100.1318 16.8719 3.0000
v -100.1318 17.3719 3.0000
v -100.6318 17.3719 3.0000
v -100.6569 16.8460 0.0000
v -100.2068 16.8460 0.0000
v -100.2068 17.2961 0.0000
v -100.6569 17.2961 0.0000
v -100.6569 16.8460 3.0000
v -100.2068 16.8460 3.0000
v -100.2068 17.2961 3.0000
v -100.6569 17.2961 3.0000
v -123.6729 -28.9456 0.0000
v -123.1729 -28.9456 0.0000
v -123.1729 -28.4456 0.0000
v -123.6729 -28.4456 0.0000
v -123.6729 -28.9456 3.0000
v -123.1729 -28.9456 3.0000
v -123.1729 -28.4456 3.0000
v -123.6729 -28.4456 3.0000
v -123.5971 -28.9706 0.0000
v -123.1471 -28.9706 0.0000
v -123.1471 -28.5206 0.0000
v -123.5971 -28.5206 0.0000
v -123.5971 -28.9706 3.0000
v -123.1471 -28.9706 3.0000
v -123.1471 -28.5206 3.0000
v -123.5971 -28.5206 3.0000
v -123.6729 -19.5131 0.0000
v -123.1729 -19.5131 0.0000
v -123.1729 -19.0131 0.0000
v -123.6729 -19.0131 0.0000
v -123.6729 -19.5131 3.0000
v -123.1729 -19.5131 3.0000
v -123.1729 -19.0131 3.0000
v -123.6729 -19.0131 3.0000
v -123.5971 -19.5381 0.0000
v -123.1471 -19.5381 0.0000
v -123.1471 -19.0881 0.0000
v -123.5971 -19.0881 0.0000
v -123.5971 -19.5381 3.0000
v -123.1471 -19.5381 3.0000
v -123.1471 -19.0881 3.0000
v -123.5971 -19.0881 3.0000
v -111.2454 -19.5131 0.0000
v -110.7454 -19.5131 0.0000
v -110.7454 -19.0131 0.0000
v -111.2454 -19.0131 0.0000
v -111.2454 -19.5131 3.0000
v -110.7454 -19.5131 3.0000
v -110.7454 -19.0131 3.0000
v -111.2454 -19.0131 3.0000
v -111.1696 -19.5381 0.0000
v -110.7196 -19.5381 0.0000
v -110.7196 -19.0881 0.0000
v -111.1696 -19.0881 0.0000
v -111.1696 -19.5381 3.0000
v -110.7196 -19.5381 3.0000
v -110.7196 -19.0881 3.0000
v -111.1696 -19.0881 3.0000
v -108.1454 25.5352 0.0000
v -107.6454 25.5352 0.0000
v -107.6454 26.0352 0.0000
v -108.1454 26.0352 0.0000
v -108.1454 25.5352 3.0000
v -107.6454 25.5352 3.0000
v -107.6454 26.0352 3.0000
v -108.1454 26.0352 3.0000
v -108.1705 25.5093 0.0000
v -107.7204 25.5093 0.0000
v -107.7204 25.9594 0.0000
v -108.1705 25.9594 0.0000
v -108.1705 25.5093 3.0000
v -107.7204 25.5093 3.0000
v -107.7204 25.9594 3.0000
v -108.1705 25.9594 3.0000
v 74.9307 26.1352 0.0000
v 74.9307 25.8352 0.0000
v 75.8307 25.8352 0.0000
v 75.8307 26.1352 0.0000
v 74.9307 26.1352 3.0000
v 74.9307 25.8352 3.0000
v 75.8307 25.8352 3.0000
v 75.8307 26.1352 3.0000
v 75.9807 25.9852 0.0000
v 75.6807 25.9852 0.0000
v 75.6807 25.4852 0.0000
v 75.9807 25.4852 0.0000
v 75.9807 25.9852 3.0000
v 75.6807 25.9852 3.0000
v 75.6807 25.4852 3.0000
v 75.9807 25.4852 3.0000
v 75.8307 25.3352 0.0000
v 75.8307 25.6352 0.0000
v 74.9307 25.6352 0.0000
v 74.9307 25.3352 0.0000
v 75.8307 25.3352 3.0000
v 75.8307 25.6352 3.0000
v 74.9307 25.6352 3.0000
v 74.9307 25.3352 3.0000
v 74.7807 25.4852 0.0000
v 75.0807 25.4852 0.0000
v 75.0807 25.9852 0.0000
v 74.7807 25.9852 0.0000
v 74.7807 25.4852 3.0000
v 75.0807 25.4852 3.0000
v 75.0807 25.9852 3.0000
v 74.7807 25.9852 3.0000
v 75.8057 25.3593 0.0000
v 75.8057 25.6593 0.0000
v 74.9557 25.6593 0.0000
v 74.9557 25.3593 0.0000
v 75.8057 25.3593 3.0000
v 75.8057 25.6593 3.0000
v 74.9557 25.6593 3.0000
v 74.9557 25.3593 3.0000
v 74.8057 25.5093 0.0000
v 75.1057 25.5093 0.0000
v 75.1057 25.9594 0.0000
v 74.8057 25.9594 0.0000
v 74.8057 25.5093 3.0000
v 75.1057 25.5093 3.0000
v 75.1057 25.9594 3.0000
v 74.8057 25.9594 3.0000
v 74.9557 26.1094 0.0000
v 74.9557 25.8094 0.0000
v 75.8057 25.8094 0.0000
v 75.8057 26.1094 0.0000
v 74.9557 26.1094 3.0000
v 74.9557 25.8094 3.0000
v 75.8057 25.8094 3.0000
v 75.8057 26.1094 3.0000
v 75.9557 25.9594 0.0000
v 75.6557 25.9594 0.0000
v 75.6557 25.5093 0.0000
v 75.9557 25.5093 0.0000
v 75.9557 25.9594 3.0000
v 75.6557 25.9594 3.0000
v 75.6557 25.5093 3.0000
v 75.9557 25.5093 3.0000
v -111.3254 16.7719 0.0000
v -110.6254 16.7719 0.0000
v -110.6254 17.4719 0.0000
v -111.3254 17.4719 0.0000
v -111.3254 16.7719 3.0000
v -110.6254 16.7719 3.0000
v -110.6254 17.4719 3.0000
v -111.3254 17.4719 3.0000
v -111.3704 16.7460 0.0000
v -110.7204 16.7460 0.0000
v -110.7204 17.3960 0.0000
v -111.3704 17.3960 0.0000
v -111.3704 16.7460 3.0000
v -110.7204 16.7460 3.0000
v -110.7204 17.3960 3.0000
v -111.3704 17.3960 3.0000
v 85.0443 26.1352 0.0000
v 85.0443 25.8352 0.0000
v 85.9443 25.8352 0.0000
v 85.9443 26.1352 0.0000
v 85.0443 26.1352 3.0000
v 85.0443 25.8352 3.0000
v 85.9443 25.8352 3.0000
v 85.9443 26.1352 3.0000
v 86.0943 25.9852 0.0000
v 85.7943 25.9852 0.0000
v 85.7943 25.4852 0.0000
v 86.0943 25.4852 0.0000
v 86.0943 25.9852 3.0000
v 85.7943 25.9852 3.0000
v 85.7943 25.4852 3.0000
v 86.0943 25.4852 3.0000
v 85.9443 25.3352 0.0000
v 85.9443 25.6352 0.0000
v 85.0443 25.6352 0.0000
v 85.0443 25.3352 0.0000
v 85.9443 25.3352 3.0000
v 85.9443 25.6352 3.0000
v 85.0443 25.6352 3.0000
v 85.0443 25.3352 3.0000
v 84.8943 25.4852 0.0000
v 85.1943 25.4852 0.0000
v 85.1943 25.9852 0.0000
v 84.8943 25.9852 0.0000
v 84.8943 25.4852 3.0000
v 85.1943 25.4852 3.0000
v 85.1943 25.9852 3.0000
v 84.8943 25.9852 3.0000
v 85.9193 25.3593 0.0000
v 85.9193 25.6593 0.0000
v 85.0693 25.6593 0.0000
v 85.0693 25.3593 0.0000
v 85.9193 25.3593 3.0000
v 85.9193 25.6593 3.0000
v 85.0693 25.6593 3.0000
v 85.0693 25.3593 3.0000
v 84.9193 25.5093 0.0000
v 85.2193 25.5093 0.0000
v 85.2193 25.9594 0.0000
v 84.9193 25.9594 0.0000
v 84.9193 25.5093 3.0000
v 85.2193 25.5093 3.0000
v 85.2193 25.9594 3.0000
v 84.9193 25.9594 3.0000
v 85.0693 26.1094 0.0000
v 85.0693 25.8094 0.0000
v 85.9193 25.8094 0.0000
v 85.9193 26.1094 0.0000
v 85.0693 26.1094 3.0000
v 85.0693 25.8094 3.0000
v 85.9193 25.8094 3.0000
v 85.9193 26.1094 3.0000
v 86.0693 25.9594 0.0000
v 85.7693 25.9594 0.0000
v 85.7693 25.5093 0.0000
v 86.0693 25.5093 0.0000
v 86.0693 25.9594 3.0000
v 85.7693 25.9594 3.0000
v 85.7693 25.5093 3.0000
v 86.0693 25.5093 3.0000
v -134.0840 16.8719 0.0000
v -133.5840 16.8719 0.0000
v -133.5840 17.3719 0.0000
v -134.0840 17.3719 0.0000
v -134.0840 16.8719 3.0000
v -133.5840 16.8719 3.0000
v -133.5840 17.3719 3.0000
v -134.0840 17.3719 3.0000
v -134.1091 16.8460 0.0000
v -133.6590 16.8460 0.0000
v -133.6590 17.2961 0.0000
v -134.1091 17.2961 0.0000
v -134.1091 16.8460 3.0000
v -133.6590 16.8460 3.0000
v -133.6590 17.2961 3.0000
v -134.1091 17.2961 3.0000
v 107.9829 26.1352 0.0000
v 107.9829 25.8352 0.0000
v 108.8829 25.8352 0.0000
v 108.8829 26.1352 0.0000
v 107.9829 26.1352 3.0000
v 107.9829 25.8352 3.0000
v 108.8829 25.8352 3.0000
v 108.8829 26.1352 3.0000
v 109.0329 25.9852 0.0000
v 108.7329 25.9852 0.0000
v 108.7329 25.4852 0.0000
v 109.0329 25.4852 0.0000
v 109.0329 25.9852 3.0000
v 108.7329 25.9852 3.0000
v 108.7329 25.4852 3.0000
v 109.0329 25.4852 3.0000
v 108.8829 25.3352 0.0000
v 108.8829 25.6352 0.0000
v 107.9829 25.6352 0.0000
v 107.9829 25.3352 0.0000
v 108.8829 25.3352 3.0000
v 108.8829 25.6352 3.0000
v 107.9829 25.6352 3.0000
v 107.9829 25.3352 3.0000
v 107.8329 25.4852 0.0000
v 108.1329 25.4852 0.0000
v 108.1329 25.9852 0.0000
v 107.8329 25.9852 0.0000
v 107.8329 25.4852 3.0000
v 108.1329 25.4852 3.0000
v 108.1329 25.9852 3.0000
v 107.8329 25.9852 3.0000
v 108.8579 25.3593 0.0000
v 108.8579 25.6593 0.0000
v 108.0079 25.6593 0.0000
v 108.0079 25.3593 0.0000
v 108.8579 25.3593 3.0000
v 108.8579 25.6593 3.0000
v 108.0079 25.6593 3.0000
v 108.0079 25.3593 3.0000
v 107.8579 25.5093 0.0000
v 108.1579 25.5093 0.0000
v 108.1579 25.9594 0.0000
v 107.8579 25.9594 0.0000
v 107.8579 25.5093 3.0000
v 108.1579 25.5093 3.0000
v 108.1579 25.9594 3.0000
v 107.8579 25.9594 3.0000
v 108.0079 26.1094 0.0000
v 108.0079 25.8094 0.0000
v 108.8579 25.8094 0.0000
v 108.8579 26.1094 0.0000
v 108.0079 26.1094 3.0000
v 108.0079 25.8094 3.0000
v 108.8579 25.8094 3.0000
v 108.8579 26.1094 3.0000
v 109.0079 25.9594 0.0000
v 108.7079 25.9594 0.0000
v 108.7079 25.5093 0.0000
v 109.0079 25.5093 0.0000
v 109.0079 25.9594 3.0000
v 108.7079 25.9594 3.0000
v 108.7079 25.5093 3.0000
v 109.0079 25.5093 3.0000
v -127.1304 25.5352 0.0000
v -126.6304 25.5352 0.0000
v -126.6304 26.0352 0.0000
v -127.1304 26.0352 0.0000
v -127.1304 25.5352 3.0000
v -126.6304 25.5352 3.0000
v -126.6304 26.0352 3.0000
v -127.1304 26.0352 3.0000
v -127.1555 25.5093 0.0000
v -126.7054 25.5093 0.0000
v -126.7054 25.9594 0.0000
v -127.1555 25.9594 0.0000
v -127.1555 25.5093 3.0000
v -126.7054 25.5093 3.0000
v -126.7054 25.9594 3.0000
v -127.1555 25.9594 3.0000
v -127.1304 16.8719 0.0000
v -126.6304 16.8719 0.0000
v -126.6304 17.3719 0.0000
v -127.1304 17.3719 0.0000
v -127.1304 16.8719 3.0000
v -126.6304 16.8719 3.0000
v -126.6304 17.3719 3.0000
v -127.1304 17.3719 3.0000
v -127.1555 16.8460 0.0000
v -126.7054 16.8460 0.0000
v -126.7054 17.2961 0.0000
v -127.1555 17.2961 0.0000
v -127.1555 16.8460 3.0000
v -126.7054 16.8460 3.0000
v -126.7054 17.2961 3.0000
v -127.1555 17.2961 3.0000
v -111.2454 -28.9456 0.0000
v -110.7454 -28.9456 0.0000
v -110.7454 -28.4456 0.0000
v -111.2454 -28.4456 0.0000
v -111.2454 -28.9456 3.0000
v -110.7454 -28.9456 3.0000
v -110.7454 -28.4456 3.0000
v -111.2454 -28.4456 3.0000
v -111.1696 -28.9706 0.0000
v -110.7196 -28.9706 0.0000
v -110.7196 -28.5206 0.0000
v -111.1696 -28.5206 0.0000
v -111.1696 -28.9706 3.0000
v -110.7196 -28.9706 3.0000
v -110.7196 -28.5206 3.0000
v -111.1696 -28.5206 3.0000
v -123.5504 16.7719 0.0000
v -122.8504 16.7719 0.0000
v -122.8504 17.4719 0.0000
v -123.5504 17.4719 0.0000
v -123.5504 16.7719 3.0000
v -122.8504 16.7719 3.0000
v -122.8504 17.4719 3.0000
v -123.5504 17.4719 3.0000
v -123.5954 16.7460 0.0000
v -122.9454 16.7460 0.0000
v -122.9454 17.3960 0.0000
v -123.5954 17.3960 0.0000
v -123.5954 16.7460 3.0000
v -122.9454 16.7460 3.0000
v -122.9454 17.3960 3.0000
v -123.5954 17.3960 3.0000
v 97.8693 26.1352 0.0000
v 97.8693 25.8352 0.0000
v 98.7693 25.8352 0.0000
v 98.7693 26.1352 0.0000
v 97.8693 26.1352 3.0000
v 97.8693 25.8352 3.0000
v 98.7693 25.8352 3.0000
v 98.7693 26.1352 3.0000
v 98.9193 25.9852 0.0000
v 98.6193 25.9852 0.0000
v 98.6193 25.4852 0.0000
v 98.9193 25.4852 0.0000
v 98.9193 25.9852 3.0000
v 98.6193 25.9852 3.0000
v 98.6193 25.4852 3.0000
v 98.9193 25.4852 3.0000
v 98.7693 25.3352 0.0000
v 98.7693 25.6352 0.0000
v 97.8693 25.6352 0.0000
v 97.8693 25.3352 0.0000
v 98.7693 25.3352 3.0000
v 98.7693 25.6352 3.0000
v 97.8693 25.6352 3.0000
v 97.8693 25.3352 3.0000
v 97.7193 25.4852 0.0000
v 98.0193 25.4852 0.0000
v 98.0193 25.9852 0.0000
v 97.7193 25.9852 0.0000
v 97.7193 25.4852 3.0000
v 98.0193 25.4852 3.0000
v 98.0193 25.9852 3.0000
v 97.7193 25.9852 3.0000
v 98.7443 25.3593 0.0000
v 98.7443 25.6593 0.0000
v 97.8943 25.6593 0.0000
v 97.8943 25.3593 0.0000
v 98.7443 25.3593 3.0000
v 98.7443 25.6593 3.0000
v 97.8943 25.6593 3.0000
v 97.8943 25.3593 3.0000
v 97.7443 25.5093 0.0000
v 98.0443 25.5093 0.0000
v 98.0443 25.9594 0.0000
v 97.7443 25.9594 0.0000
v 97.7443 25.5093 3.0000
v 98.0443 25.5093 3.0000
v 98.0443 25.9594 3.0000
v 97.7443 25.9594 3.0000
v 97.8943 26.1094 0.0000
v 97.8943 25.8094 0.0000
v 98.7443 25.8094 0.0000
v 98.7443 26.1094 0.0000
v 97.8943 26.1094 3.0000
v 97.8943 25.8094 3.0000
v 98.7443 25.8094 3.0000
v 98.7443 26.1094 3.0000
v 98.8943 25.9594 0.0000
v 98.5943 25.9594 0.0000
v 98.5943 25.5093 0.0000
v 98.8943 25.5093 0.0000
v 98.8943 25.9594 3.0000
v 98.5943 25.9594 3.0000
v 98.5943 25.5093 3.0000
v 98.8943 25.5093 3.0000
v -120.0629 -32.8081 0.0000
v -119.5629 -32.8081 0.0000
v -119.5629 -32.3081 0.0000
v -120.0629 -32.3081 0.0000
v -120.0629 -32.8081 3.0000
v -119.5629 -32.8081 3.0000
v -119.5629 -32.3081 3.0000
v -120.0629 -32.3081 3.0000
v -120.0880 -32.8340 0.0000
v -119.6379 -32.8340 0.0000
v -119.6379 -32.3839 0.0000
v -120.0880 -32.3839 0.0000
v -120.0880 -32.8340 3.0000
v -119.6379 -32.8340 3.0000
v -119.6379 -32.3839 3.0000
v -120.0880 -32.3839 3.0000
v -114.7554 -32.8081 0.0000
v -114.2554 -32.8081 0.0000
v -114.2554 -32.3081 0.0000
v -114.7554 -32.3081 0.0000
v -114.7554 -32.8081 3.0000
v -114.2554 -32.8081 3.0000
v -114.2554 -32.3081 3.0000
v -114.7554 -32.3081 3.0000
v -114.6796 -32.8331 0.0000
v -114.2296 -32.8331 0.0000
v -114.2296 -32.3831 0.0000
v -114.6796 -32.3831 0.0000
v -114.6796 -32.8331 3.0000
v -114.2296 -32.8331 3.0000
v -114.2296 -32.3831 3.0000
v -114.6796 -32.3831 3.0000
v -117.4592 -19.5131 0.0000
v -116.9592 -19.5131 0.0000
v -116.9592 -19.0131 0.0000
v -117.4592 -19.0131 0.0000
v -117.4592 -19.5131 3.0000
v -116.9592 -19.5131 3.0000
v -116.9592 -19.0131 3.0000
v -117.4592 -19.0131 3.0000
v -117.3834 -19.5381 0.0000
v -116.9333 -19.5381 0.0000
v -116.9333 -19.0881 0.0000
v -117.3834 -19.0881 0.0000
v -117.3834 -19.5381 3.0000
v -116.9333 -19.5381 3.0000
v -116.9333 -19.0881 3.0000
v -117.3834 -19.0881 3.0000
v -117.4592 -28.9456 0.0000
v -116.9592 -28.9456 0.0000
v -116.9592 -28.4456 0.0000
v -117.4592 -28.4456 0.0000
v -117.4592 -28.9456 3.0000
v -116.9592 -28.9456 3.0000
v -116.9592 -28.4456 3.0000
v -117.4592 -28.4456 3.0000
v -117.3834 -28.9706 0.0000
v -116.9333 -28.9706 0.0000
v -116.9333 -28.5206 0.0000
v -117.3834 -28.5206 0.0000
v -117.3834 -28.9706 3.0000
v -116.9333 -28.9706 3.0000
v -116.9333 -28.5206 3.0000
v -117.3834 -28.5206 3.0000
f 1 2 3 4
f 5 6 7 8
f 1 4 8 5
f 2 1 5 6
f 3 2 6 7
f 4 3 7 8
f 9 10 11 12
f 13 14 15 16
f 9 12 16 13
f 10 9 13 14
f 11 10 14 15
f 12 11 15 16
f 17 18 19 20
f 21 22 23 24
f 17 20 24 21
f 18 17 21 22
f 19 18 22 23
f 20 19 23 24
f 25 26 27 28
f 29 30 31 32
f 25 28 32 29
f 26 25 29 30
f 27 26 30 31
f 28 27 31 32
f 33 34 35 36
f 37 38 39 40
f 33 36 40 37
f 34 33 37 38
f 35 34 38 39
f 36 35 39 40
f 41 42 43 44
f 45 46 47 48
f 41 44 48 45
f 42 41 45 46
f 43 42 46 47
f 44 43 47 48
f 49 50 51 52
f 53 54 55 56
f 49 52 56 53
f 50 49 53 54
f 51 50 54 55
f 52 51 55 56
f 57 58 59 60
f 61 62 63 64
f 57 60 64 61
f 58 57 61 62
f 59 58 62 63
f 60 59 63 64
f 65 66 67 68
f 69 70 71 72
f 65 68 72 69
f 66 65 69 70
f 67 66 70 71
f 68 67 71 72
f 73 74 75 76
f 77 78 79 80
f 73 76 80 77
f 74 73 77 78
f 75 74 78 79
f 76 75 79 80
f 81 82 83 84
f 85 86 87 88
f 81 84 88 85
f 82 81 85 86
f 83 82 86 87
f 84 83 87 88
f 89 90 91 92
f 93 94 95 96
f 89 92 96 93
f 90 89 93 94
f 91 90 94 95
f 92 91 95 96
f 97 98 99 100
f 101 102 103 104
f 97 100 104 101
f 98 97 101 102
f 99 98 102 103
f 100 99 103 104
f 105 106 107 108
f 109 110 111 112
f 105 108 112 109
f 106 105 109 110
f 107 106 110 111
f 108 107 111 112
f 113 114 115 116
f 117 118 119 120
f 113 116 120 117
f 114 113 117 118
f 115 114 118 119
f 116 115 119 120
f 121 122 123 124
f 125 126 127 128
f 121 124 128 125
f 122 121 125 126
f 123 122 126 127
f 124 123 127 128
f 129 130 131 132
f 133 134 135 136
f 129 132 136 133
f 130 129 133 134
f 131 130 134 135
f 132 131 135 136
f 137 138 139 140
f 141 142 143 144
f 137 140 144 141
f 138 137 141 142
f 139 138 142 143
f 140 139 143 144
f 145 146 147 148
f 149 150 151 152
f 145 148 152 149
f 146 145 149 150
f 147 146 150 151
f 148 147 151 152
f 153 154 155 156
f 157 158 159 160
f 153 156 160 157
f 154 153 157 158
f 155 154 158 159
f 156 155 159 160
f 161 162 163 164
f 165 166 167 168
f 161 164 168 165
f 162 161 165 166
f 163 162 166 167
f 164 163 167 168
f 169 170 171 172
f 173 174 175 176
f 169 172 176 173
f 170 169 173 174
f 171 170 174 175
f 172 171 175 176
f 177 178 179 180
f 181 182 183 184
f 177 180 184 181
f 178 177 181 182
f 179 178 182 183
f 180 179 183 184
f 185 186 187 188
f 189 190 191 192
f 185 188 192 189
f 186 185 189 190
f 187 186 190 191
f 188 187 191 192
f 193 194 195 196
f 197 198 199 200
f 193 196 200 197
f 194 193 197 198
f 195 194 198 199
f 196 195 199 200
f 201 202 203 204
f 205 206 207 208
f 201 204 208 205
f 202 201 205 206
f 203 202 206 207
f 204 203 207 208
f 209 210 211 212
f 213 214 215 216
f 209 212 216 213
f 210 209 213 214
f 211 210 214 215
f 212 211 215 216
f 217 218 219 220
f 221 222 223 224
f 217 220 224 221
f 218 217 221 222
f 219 218 222 223
f 220 219 223 224
f 225 226 227 228
f 229 230 231 232
f 225 228 232 229
f 226 225 229 230
f 227 226 230 231
f 228 227 231 232
f 233 234 235 236
f 237 238 239 240
f 233 236 240 237
f 234 233 237 238
f 235 234 238 239
f 236 235 239 240
f 241 242 243 244
f 245 246 247 248
f 241 244 248 245
f 242 241 245 246
f 243 242 246 247
f 244 243 247 248
f 249 250 251 252
f 253 254 255 256
f 249 252 256 253
f 250 249 253 254
f 251 250 254 255
f 252 251 255 256
f 257 258 259 260
f 261 262 263 264
f 257 260 264 261
f 258 257 261 262
f 259 258 262 263
f 260 259 263 264
f 265 266 267 268
f 269 270 271 272
f 265 268 272 269
f 266 265 269 270
f 267 266 270 271
f 268 267 271 272
f 273 274 275 276
f 277 278 279 280
f 273 276 280 277
f 274 273 277 278
f 275 274 278 279
f 276 275 279 280
f 281 282 283 284
f 285 286 287 288
f 281 284 288 285
f 282 281 285 286
f 283 282 286 287
f 284 283 287 288
f 289 290 291 292
f 293 294 295 296
f 289 292 296 293
f 290 289 293 294
f 291 290 294 295
f 292 291 295 296
f 297 298 299 300
f 301 302 303 304
f 297 300 304 301
f 298 297 301 302
f 299 298 302 303
f 300 299 303 304
f 305 306 307 308
f 309 310 311 312
f 305 308 312 309
f 306 305 309 310
f 307 306 310 311
f 308 307 311 312
f 313 314 315 316
f 317 318 319 320
f 313 316 320 317
f 314 313 317 318
f 315 314 318 319
f 316 315 319 320
f 321 322 323 324
f 325 326 327 328
f 321 324 328 325
f 322 321 325 326
f 323 322 326 327
f 324 323 327 328
f 329 330 331 332
f 333 334 335 336
f 329 332 336 333
f 330 329 333 334
f 331 330 334 335
f 332 331 335 336
f 337 338 339 340
f 341 342 343 344
f 337 340 344 341
f 338 337 341 342
f 339 338 342 343
f 340 339 343 344
f 345 346 347 348
f 349 350 351 352
f 345 348 352 349
f 346 345 349 350
f 347 346 350 351
f 348 347 351 352
f 353 354 355 356
f 357 358 359 360
f 353 356 360 357
f 354 353 357 358
f 355 354 358 359
f 356 355 359 360
f 361 362 363 364
f 365 366 367 368
f 361 364 368 365
f 362 361 365 366
f 363 362 366 367
f 364 363 367 368
f 369 370 371 372
f 373 374 375 376
f 369 372 376 373
f 370 369 373 374
f 371 370 374 375
f 372 371 375 376
f 377 378 379 380
f 381 382 383 384
f 377 380 384 381
f 378 377 381 382
f 379 378 382 383
f 380 379 383 384
f 385 386 387 388
f 389 390 391 392
f 385 388 392 389
f 386 385 389 390
f 387 386 390 391
f 388 387 391 392
f 393 394 395 396
f 397 398 399 400
f 393 396 400 397
f 394 393 397 398
f 395 394 398 399
f 396 395 399 400
f 401 402 403 404
f 405 406 407 408
f 401 404 408 405
f 402 401 405 406
f 403 402 406 407
f 404 403 407 408
f 409 410 411 412
f 413 414 415 416
f 409 412 416 413
f 410 409 413 414
f 411 410 414 415
f 412 411 415 416
f 417 418 419 420
f 421 422 423 424
f 417 420 424 421
f 418 417 421 422
f 419 418 422 423
f 420 419 423 424
f 425 426 427 428
f 429 430 431 432
f 425 428 432 429
f 426 425 429 430
f 427 426 430 431
f 428 427 431 432
f 433 434 435 436
f 437 438 439 440
f 433 436 440 437
f 434 433 437 438
f 435 434 438 439
f 436 435 439 440
f 441 442 443 444
f 445 446 447 448
f 441 444 448 445
f 442 441 445 446
f 443 442 446 447
f 444 443 447 448
f 449 450 451 452
f 453 454 455 456
f 449 452 456 453
f 450 449 453 454
f 451 450 454 455
f 452 451 455 456
f 457 458 459 460
f 461 462 463 464
f 457 460 464 461
f 458 457 461 462
f 459 458 462 463
f 460 459 463 464
f 465 466 467 468
f 469 470 471 472
f 465 468 472 469
f 466 465 469 470
f 467 466 470 471
f 468 467 471 472
f 473 474 475 476
f 477 478 479 480
f 473 476 480 477
f 474 473 477 478
f 475 474 478 479
f 476 475 479 480
f 481 482 483 484
f 485 486 487 488
f 481 484 488 485
f 482 481 485 486
f 483 482 486 487
f 484 483 487 488
f 489 490 491 492
f 493 494 495 496
f 489 492 496 493
f 490 489 493 494
f 491 490 494 495
f 492 491 495 496
f 497 498 499 500
f 501 502 503 504
f 497 500 504 501
f 498 497 501 502
f 499 498 502 503
f 500 499 503 504
f 505 506 507 508
f 509 510 511 512
f 505 508 512 509
f 506 505 509 510
f 507 506 510 511
f 508 507 511 512
f 513 514 515 516
f 517 518 519 520
f 513 516 520 517
f 514 513 517 518
f 515 514 518 519
f 516 515 519 520
f 521 522 523 524
f 525 526 527 528
f 521 524 528 525
f 522 521 525 526
f 523 522 526 527
f 524 523 527 528
f 529 530 531 532
f 533 534 535 536
f 529 532 536 533
f 530 529 533 534
f 531 530 534 535
f 532 531 535 536
f 537 538 539 540
f 541 542 543 544
f 537 540 544 541
f 538 537 541 542
f 539 538 542 543
f 540 539 543 544
f 545 546 547 548
f 549 550 551 552
f 545 548 552 549
f 546 545 549 550
f 547 546 550 551
f 548 547 551 552
f 553 554 555 556
f 557 558 559 560
f 553 556 560 557
f 554 553 557 558
f 555 554 558 559
f 556 555 559 560
f 561 562 563 564
f 565 566 567 568
f 561 564 568 565
f 562 561 565 566
f 563 562 566 567
f 564 563 567 568
f 569 570 571 572
f 573 574 575 576
f 569 572 576 573
f 570 569 573 574
f 571 570 574 575
f 572 571 575 576
f 577 578 579 580
f 581 582 583 584
f 577 580 584 581
f 578 577 581 582
f 579 578 582 583
f 580 579 583 584
f 585 586 587 588
f 589 590 591 592
f 585 588 592 589
f 586 585 589 590
f 587 586 590 591
f 588 587 591 592
f 593 594 595 596
f 597 598 599 600
f 593 596 600 597
f 594 593 597 598
f 595 594 598 599
f 596 595 599 600
f 601 602 603 604
f 605 606 607 608
f 601 604 608 605
f 602 601 605 606
f 603 602 606 607
f 604 603 607 608
f 609 610 611 612
f 613 614 615 616
f 609 612 616 613
f 610 609 613 614
f 611 610 614 615
f 612 611 615 616
f 617 618 619 620
f 621 622 623 624
f 617 620 624 621
f 618 617 621 622
f 619 618 622 623
f 620 619 623 624
f 625 626 627 628
f 629 630 631 632
f 625 628 632 629
f 626 625 629 630
f 627 626 630 631
f 628 627 631 632
f 633 634 635 636
f 637 638 639 640
f 633 636 640 637
f 634 633 637 638
f 635 634 638 639
f 636 635 639 640
f 641 642 643 644
f 645 646 647 648
f 641 644 648 645
f 642 641 645 646
f 643 642 646 647
f 644 643 647 648
f 649 650 651 652
f 653 654 655 656
f 649 652 656 653
f 650 649 653 654
f 651 650 654 655
f 652 651 655 656
f 657 658 659 660
f 661 662 663 664
f 657 660 664 661
f 658 657 661 662
f 659 658 662 663
f 660 659 663 664
f 665 666 667 668
f 669 670 671 672
f 665 668 672 669
f 666 665 669 670
f 667 666 670 671
f 668 667 671 672
f 673 674 675 676
f 677 678 679 680
f 673 676 680 677
f 674 673 677 678
f 675 674 678 679
f 676 675 679 680
f 681 682 683 684
f 685 686 687 688
f 681 684 688 685
f 682 681 685 686
f 683 682 686 687
f 684 683 687 688
f 689 690 691 692
f 693 694 695 696
f 689 692 696 693
f 690 689 693 694
f 691 690 694 695
f 692 691 695 696
f 697 698 699 700
f 701 702 703 704
f 697 700 704 701
f 698 697 701 702
f 699 698 702 703
f 700 699 703 704
f 705 706 707 708
f 709 710 711 712
f 705 708 712 709
f 706 705 709 710
f 707 706 710 711
f 708 707 711 712
f 713 714 715 716
f 717 718 719 720
f 713 716 720 717
f 714 713 717 718
f 715 714 718 719
f 716 715 719 720
f 721 722 723 724
f 725 726 727 728
f 721 724 728 725
f 722 721 725 726
f 723 722 726 727
f 724 723 727 728
f 729 730 731 732
f 733 734 735 736
f 729 732 736 733
f 730 729 733 734
f 731 730 734 735
f 732 731 735 736
f 737 738 739 740
f 741 742 743 744
f 737 740 744 741
f 738 737 741 742
f 739 738 742 743
f 740 739 743 744
f 745 746 747 748
f 749 750 751 752
f 745 748 752 749
f 746 745 749 750
f 747 746 750 751
f 748 747 751 752
f 753 754 755 756
f 757 758 759 760
f 753 756 760 757
f 754 753 757 758
f 755 754 758 759
f 756 755 759 760
f 761 762 763 764
f 765 766 767 768
f 761 764 768 765
f 762 761 765 766
f 763 762 766 767
f 764 763 767 768
f 769 770 771 772
f 773 774 775 776
f 769 772 776 773
f 770 769 773 774
f 771 770 774 775
f 772 771 775 776
f 777 778 779 780
f 781 782 783 784
f 777 780 784 781
f 778 777 781 782
f 779 778 782 783
f 780 779 783 784
f 785 786 787 788
f 789 790 791 792
f 785 788 792 789
f 786 785 789 790
f 787 786 790 791
f 788 787 791 792
f 793 794 795 796
f 797 798 799 800
f 793 796 800 797
f 794 793 797 798
f 795 794 798 799
f 796 795 799 800
f 801 802 803 804
f 805 806 807 808
f 801 804 808 805
f 802 801 805 806
f 803 802 806 807
f 804 803 807 808
f 809 810 811 812
f 813 814 815 816
f 809 812 816 813
f 810 809 813 814
f 811 810 814 815
f 812 811 815 816
f 817 818 819 820
f 821 822 823 824
f 817 820 824 821
f 818 817 821 822
f 819 818 822 823
f 820 819 823 824
f 825 826 827 828
f 829 830 831 832
f 825 828 832 829
f 826 825 829 830
f 827 826 830 831
f 828 827 831 832
f 833 834 835 836
f 837 838 839 840
f 833 836 840 837
f 834 833 837 838
f 835 834 838 839
f 836 835 839 840
f 841 842 843 844
f 845 846 847 848
f 841 844 848 845
f 842 841 845 846
f 843 842 846 847
f 844 843 847 848
f 849 850 851 852
f 853 854 855 856
f 849 852 856 853
f 850 849 853 854
f 851 850 854 855
f 852 851 855 856
f 857 858 859 860
f 861 862 863 864
f 857 860 864 861
f 858 857 861 862
f 859 858 862 863
f 860 859 863 864
f 865 866 867 868
f 869 870 871 872
f 865 868 872 869
f 866 865 869 870
f 867 866 870 871
f 868 867 871 872
f 873 874 875 876
f 877 878 879 880
f 873 876 880 877
f 874 873 877 878
f 875 874 878 879
f 876 875 879 880
f 881 882 883 884
f 885 886 887 888
f 881 884 888 885
f 882 881 885 886
f 883 882 886 887
f 884 883 887 888
f 889 890 891 892
f 893 894 895 896
f 889 892 896 893
f 890 889 893 894
f 891 890 894 895
f 892 891 895 896
f 897 898 899 900
f 901 902 903 904
f 897 900 904 901
f 898 897 901 902
f 899 898 902 903
f 900 899 903 904
f 905 906 907 908
f 909 910 911 912
f 905 908 912 909
f 906 905 909 910
f 907 906 910 911
f 908 907 911 912
f 913 914 915 916
f 917 918 919 920
f 913 916 920 917
f 914 913 917 918
f 915 914 918 919
f 916 915 919 920
f 921 922 923 924
f 925 926 927 928
f 921 924 928 925
f 922 921 925 926
f 923 922 926 927
f 924 923 927 928
f 929 930 931 932
f 933 934 935 936
f 929 932 936 933
f 930 929 933 934
f 931 930 934 935
f 932 931 935 936
f 937 938 939 940
f 941 942 943 944
f 937 940 944 941
f 938 937 941 942
f 939 938 942 943
f 940 939 943 944
f 945 946 947 948
f 949 950 951 952
f 945 948 952 949
f 946 945 949 950
f 947 946 950 951
f 948 947 951 952
f 953 954 955 956
f 957 958 959 960
f 953 956 960 957
f 954 953 957 958
f 955 954 958 959
f 956 955 959 960
f 961 962 963 964
f 965 966 967 968
f 961 964 968 965
f 962 961 965 966
f 963 962 966 967
f 964 963 967 968
f 969 970 971 972
f 973 974 975 976
f 969 972 976 973
f 970 969 973 974
f 971 970 974 975
f 972 971 975 976
f 977 978 979 980
f 981 982 983 984
f 977 980 984 981
f 978 977 981 982
f 979 978 982 983
f 980 979 983 984
f 985 986 987 988
f 989 990 991 992
f 985 988 992 989
f 986 985 989 990
f 987 986 990 991
f 988 987 991 992
f 993 994 995 996
f 997 998 999 1000
f 993 996 1000 997
f 994 993 997 998
f 995 994 998 999
f 996 995 999 1000
f 1001 1002 1003 1004
f 1005 1006 1007 1008
f 1001 1004 1008 1005
f 1002 1001 1005 1006
f 1003 1002 1006 1007
f 1004 1003 1007 1008
f 1009 1010 1011 1012
f 1013 1014 1015 1016
f 1009 1012 1016 1013
f 1010 1009 1013 1014
f 1011 1010 1014 1015
f 1012 1011 1015 1016
f 1017 1018 1019 1020
f 1021 1022 1023 1024
f 1017 1020 1024 1021
f 1018 1017 1021 1022
f 1019 1018 1022 1023
f 1020 1019 1023 1024
f 1025 1026 1027 1028
f 1029 1030 1031 1032
f 1025 1028 1032 1029
f 1026 1025 1029 1030
f 1027 1026 1030 1031
f 1028 1027 1031 1032
f 1033 1034 1035 1036
f 1037 1038 1039 1040
f 1033 1036 1040 1037
f 1034 1033 1037 1038
f 1035 1034 1038 1039
f 1036 1035 1039 1040
f 1041 1042 1043 1044
f 1045 1046 1047 1048
f 1041 1044 1048 1045
f 1042 1041 1045 1046
f 1043 1042 1046 1047
f 1044 1043 1047 1048
f 1049 1050 1051 1052
f 1053 1054 1055 1056
f 1049 1052 1056 1053
f 1050 1049 1053 1054
f 1051 1050 1054 1055
f 1052 1051 1055 1056
f 1057 1058 1059 1060
f 1061 1062 1063 1064
f 1057 1060 1064 1061
f 1058 1057 1061 1062
f 1059 1058 1062 1063
f 1060 1059 1063 1064
f 1065 1066 1067 1068
f 1069 1070 1071 1072
f 1065 1068 1072 1069
f 1066 1065 1069 1070
f 1067 1066 1070 1071
f 1068 1067 1071 1072
f 1073 1074 1075 1076
f 1077 1078 1079 1080
f 1073 1076 1080 1077
f 1074 1073 1077 1078
f 1075 1074 1078 1079
f 1076 1075 1079 1080
f 1081 1082 1083 1084
f 1085 1086 1087 1088
f 1081 1084 1088 1085
f 1082 1081 1085 1086
f 1083 1082 1086 1087
f 1084 1083 1087 1088
f 1089 1090 1091 1092
f 1093 1094 1095 1096
f 1089 1092 1096 1093
f 1090 1089 1093 1094
f 1091 1090 1094 1095
f 1092 1091 1095 1096
f 1097 1098 1099 1100
f 1101 1102 1103 1104
f 1097 1100 1104 1101
f 1098 1097 1101 1102
f 1099 1098 1102 1103
f 1100 1099 1103 1104
f 1105 1106 1107 1108
f 1109 1110 1111 1112
f 1105 1108 1112 1109
f 1106 1105 1109 1110
f 1107 1106 1110 1111
f 1108 1107 1111 1112
f 1113 1114 1115 1116
f 1117 1118 1119 1120
f 1113 1116 1120 1117
f 1114 1113 1117 1118
f 1115 1114 1118 1119
f 1116 1115 1119 1120
f 1121 1122 1123 1124
f 1125 1126 1127 1128
f 1121 1124 1128 1125
f 1122 1121 1125 1126
f 1123 1122 1126 1127
f 1124 1123 1127 1128
f 1129 1130 1131 1132
f 1133 1134 1135 1136
f 1129 1132 1136 1133
f 1130 1129 1133 1134
f 1131 1130 1134 1135
f 1132 1131 1135 1136
f 1137 1138 1139 1140
f 1141 1142 1143 1144
f 1137 1140 1144 1141
f 1138 1137 1141 1142
f 1139 1138 1142 1143
f 1140 1139 1143 1144
f 1145 1146 1147 1148
f 1149 1150 1151 1152
f 1145 1148 1152 1149
f 1146 1145 1149 1150
f 1147 1146 1150 1151
f 1148 1147 1151 1152
f 1153 1154 1155 1156
f 1157 1158 1159 1160
f 1153 1156 1160 1157
f 1154 1153 1157 1158
f 1155 1154 1158 1159
f 1156 1155 1159 1160
f 1161 1162 1163 1164
f 1165 1166 1167 1168
f 1161 1164 1168 1165
f 1162 1161 1165 1166
f 1163 1162 1166 1167
f 1164 1163 1167 1168
f 1169 1170 1171 1172
f 1173 1174 1175 1176
f 1169 1172 1176 1173
f 1170 1169 1173 1174
f 1171 1170 1174 1175
f 1172 1171 1175 1176
f 1177 1178 1179 1180
f 1181 1182 1183 1184
f 1177 1180 1184 1181
f 1178 1177 1181 1182
f 1179 1178 1182 1183
f 1180 1179 1183 1184
f 1185 1186 1187 1188
f 1189 1190 1191 1192
f 1185 1188 1192 1189
f 1186 1185 1189 1190
f 1187 1186 1190 1191
f 1188 1187 1191 1192
f 1193 1194 1195 1196
f 1197 1198 1199 1200
f 1193 1196 1200 1197
f 1194 1193 1197 1198
f 1195 1194 1198 1199
f 1196 1195 1199 1200
f 1201 1202 1203 1204
f 1205 1206 1207 1208
f 1201 1204 1208 1205
f 1202 1201 1205 1206
f 1203 1202 1206 1207
f 1204 1203 1207 1208
f 1209 1210 1211 1212
f 1213 1214 1215 1216
f 1209 1212 1216 1213
f 1210 1209 1213 1214
f 1211 1210 1214 1215
f 1212 1211 1215 1216
f 1217 1218 1219 1220
f 1221 1222 1223 1224
f 1217 1220 1224 1221
f 1218 1217 1221 1222
f 1219 1218 1222 1223
f 1220 1219 1223 1224
f 1225 1226 1227 1228
f 1229 1230 1231 1232
f 1225 1228 1232 1229
f 1226 1225 1229 1230
f 1227 1226 1230 1231
f 1228 1227 1231 1232
f 1233 1234 1235 1236
f 1237 1238 1239 1240
f 1233 1236 1240 1237
f 1234 1233 1237 1238
f 1235 1234 1238 1239
f 1236 1235 1239 1240
f 1241 1242 1243 1244
f 1245 1246 1247 1248
f 1241 1244 1248 1245
f 1242 1241 1245 1246
f 1243 1242 1246 1247
f 1244 1243 1247 1248
f 1249 1250 1251 1252
f 1253 1254 1255 1256
f 1249 1252 1256 1253
f 1250 1249 1253 1254
f 1251 1250 1254 1255
f 1252 1251 1255 1256
f 1257 1258 1259 1260
f 1261 1262 1263 1264
f 1257 1260 1264 1261
f 1258 1257 1261 1262
f 1259 1258 1262 1263
f 1260 1259 1263 1264
f 1265 1266 1267 1268
f 1269 1270 1271 1272
f 1265 1268 1272 1269
f 1266 1265 1269 1270
f 1267 1266 1270 1271
f 1268 1267 1271 1272
f 1273 1274 1275 1276
f 1277 1278 1279 1280
f 1273 1276 1280 1277
f 1274 1273 1277 1278
f 1275 1274 1278 1279
f 1276 1275 1279 1280
f 1281 1282 1283 1284
f 1285 1286 1287 1288
f 1281 1284 1288 1285
f 1282 1281 1285 1286
f 1283 1282 1286 1287
f 1284 1283 1287 1288
f 1289 1290 1291 1292
f 1293 1294 1295 1296
f 1289 1292 1296 1293
f 1290 1289 1293 1294
f 1291 1290 1294 1295
f 1292 1291 1295 1296
f 1297 1298 1299 1300
f 1301 1302 1303 1304
f 1297 1300 1304 1301
f 1298 1297 1301 1302
f 1299 1298 1302 1303
f 1300 1299 1303 1304
f 1305 1306 1307 1308
f 1309 1310 1311 1312
f 1305 1308 1312 1309
f 1306 1305 1309 1310
f 1307 1306 1310 1311
f 1308 1307 1311 1312
f 1313 1314 1315 1316
f 1317 1318 1319 1320
f 1313 1316 1320 1317
f 1314 1313 1317 1318
f 1315 1314 1318 1319
f 1316 1315 1319 1320
f 1321 1322 1323 1324
f 1325 1326 1327 1328
f 1321 1324 1328 1325
f 1322 1321 1325 1326
f 1323 1322 1326 1327
f 1324 1323 1327 1328
f 1329 1330 1331 1332
f 1333 1334 1335 1336
f 1329 1332 1336 1333
f 1330 1329 1333 1334
f 1331 1330 1334 1335
f 1332 1331 1335 1336
f 1337 1338 1339 1340
f 1341 1342 1343 1344
f 1337 1340 1344 1341
f 1338 1337 1341 1342
f 1339 1338 1342 1343
f 1340 1339 1343 1344
f 1345 1346 1347 1348
f 1349 1350 1351 1352
f 1345 1348 1352 1349
f 1346 1345 1349 1350
f 1347 1346 1350 1351
f 1348 1347 1351 1352
f 1353 1354 1355 1356
f 1357 1358 1359 1360
f 1353 1356 1360 1357
f 1354 1353 1357 1358
f 1355 1354 1358 1359
f 1356 1355 1359 1360
f 1361 1362 1363 1364
f 1365 1366 1367 1368
f 1361 1364 1368 1365
f 1362 1361 1365 1366
f 1363 1362 1366 1367
f 1364 1363 1367 1368
f 1369 1370 1371 1372
f 1373 1374 1375 1376
f 1369 1372 1376 1373
f 1370 1369 1373 1374
f 1371 1370 1374 1375
f 1372 1371 1375 1376
f 1377 1378 1379 1380
f 1381 1382 1383 1384
f 1377 1380 1384 1381
f 1378 1377 1381 1382
f 1379 1378 1382 1383
f 1380 1379 1383 1384
f 1385 1386 1387 1388
f 1389 1390 1391 1392
f 1385 1388 1392 1389
f 1386 1385 1389 1390
f 1387 1386 1390 1391
f 1388 1387 1391 1392
f 1393 1394 1395 1396
f 1397 1398 1399 1400
f 1393 1396 1400 1397
f 1394 1393 1397 1398
f 1395 1394 1398 1399
f 1396 1395 1399 1400
f 1401 1402 1403 1404
f 1405 1406 1407 1408
f 1401 1404 1408 1405
f 1402 1401 1405 1406
f 1403 1402 1406 1407
f 1404 1403 1407 1408
f 1409 1410 1411 1412
f 1413 1414 1415 1416
f 1409 1412 1416 1413
f 1410 1409 1413 1414
f 1411 1410 1414 1415
f 1412 1411 1415 1416
f 1417 1418 1419 1420
f 1421 1422 1423 1424
f 1417 1420 1424 1421
f 1418 1417 1421 1422
f 1419 1418 1422 1423
f 1420 1419 1423 1424
f 1425 1426 1427 1428
f 1429 1430 1431 1432
f 1425 1428 1432 1429
f 1426 1425 1429 1430
f 1427 1426 1430 1431
f 1428 1427 1431 1432
f 1433 1434 1435 1436
f 1437 1438 1439 1440
f 1433 1436 1440 1437
f 1434 1433 1437 1438
f 1435 1434 1438 1439
f 1436 1435 1439 1440
f 1441 1442 1443 1444
f 1445 1446 1447 1448
f 1441 1444 1448 1445
f 1442 1441 1445 1446
f 1443 1442 1446 1447
f 1444 1443 1447 1448
f 1449 1450 1451 1452
f 1453 1454 1455 1456
f 1449 1452 1456 1453
f 1450 1449 1453 1454
f 1451 1450 1454 1455
f 1452 1451 1455 1456
f 1457 1458 1459 1460
f 1461 1462 1463 1464
f 1457 1460 1464 1461
f 1458 1457 1461 1462
f 1459 1458 1462 1463
f 1460 1459 1463 1464
f 1465 1466 1467 1468
f 1469 1470 1471 1472
f 1465 1468 1472 1469
f 1466 1465 1469 1470
f 1467 1466 1470 1471
f 1468 1467 1471 1472
f 1473 1474 1475 1476
f 1477 1478 1479 1480
f 1473 1476 1480 1477
f 1474 1473 1477 1478
f 1475 1474 1478 1479
f 1476 1475 1479 1480
f 1481 1482 1483 1484
f 1485 1486 1487 1488
f 1481 1484 1488 1485
f 1482 1481 1485 1486
f 1483 1482 1486 1487
f 1484 1483 1487 1488
f 1489 1490 1491 1492
f 1493 1494 1495 1496
f 1489 1492 1496 1493
f 1490 1489 1493 1494
f 1491 1490 1494 1495
f 1492 1491 1495 1496
f 1497 1498 1499 1500
f 1501 1502 1503 1504
f 1497 1500 1504 1501
f 1498 1497 1501 1502
f 1499 1498 1502 1503
f 1500 1499 1503 1504
f 1505 1506 1507 1508
f 1509 1510 1511 1512
f 1505 1508 1512 1509
f 1506 1505 1509 1510
f 1507 1506 1510 1511
f 1508 1507 1511 1512
f 1513 1514 1515 1516
f 1517 1518 1519 1520
f 1513 1516 1520 1517
f 1514 1513 1517 1518
f 1515 1514 1518 1519
f 1516 1515 1519 1520
f 1521 1522 1523 1524
f 1525 1526 1527 1528
f 1521 1524 1528 1525
f 1522 1521 1525 1526
f 1523 1522 1526 1527
f 1524 1523 1527 1528
f 1529 1530 1531 1532
f 1533 1534 1535 1536
f 1529 1532 1536 1533
f 1530 1529 1533 1534
f 1531 1530 1534 1535
f 1532 1531 1535 1536
f 1537 1538 1539 1540
f 1541 1542 1543 1544
f 1537 1540 1544 1541
f 1538 1537 1541 1542
f 1539 1538 1542 1543
f 1540 1539 1543 1544
f 1545 1546 1547 1548
f 1549 1550 1551 1552
f 1545 1548 1552 1549
f 1546 1545 1549 1550
f 1547 1546 1550 1551
f 1548 1547 1551 1552
f 1553 1554 1555 1556
f 1557 1558 1559 1560
f 1553 1556 1560 1557
f 1554 1553 1557 1558
f 1555 1554 1558 1559
f 1556 1555 1559 1560
f 1561 1562 1563 1564
f 1565 1566 1567 1568
f 1561 1564 1568 1565
f 1562 1561 1565 1566
f 1563 1562 1566 1567
f 1564 1563 1567 1568
f 1569 1570 1571 1572
f 1573 1574 1575 1576
f 1569 1572 1576 1573
f 1570 1569 1573 1574
f 1571 1570 1574 1575
f 1572 1571 1575 1576
f 1577 1578 1579 1580
f 1581 1582 1583 1584
f 1577 1580 1584 1581
f 1578 1577 1581 1582
f 1579 1578 1582 1583
f 1580 1579 1583 1584
f 1585 1586 1587 1588
f 1589 1590 1591 1592
f 1585 1588 1592 1589
f 1586 1585 1589 1590
f 1587 1586 1590 1591
f 1588 1587 1591 1592
f 1593 1594 1595 1596
f 1597 1598 1599 1600
f 1593 1596 1600 1597
f 1594 1593 1597 1598
f 1595 1594 1598 1599
f 1596 1595 1599 1600
f 1601 1602 1603 1604
f 1605 1606 1607 1608
f 1601 1604 1608 1605
f 1602 1601 1605 1606
f 1603 1602 1606 1607
f 1604 1603 1607 1608
f 1609 1610 1611 1612
f 1613 1614 1615 1616
f 1609 1612 1616 1613
f 1610 1609 1613 1614
f 1611 1610 1614 1615
f 1612 1611 1615 1616
f 1617 1618 1619 1620
f 1621 1622 1623 1624
f 1617 1620 1624 1621
f 1618 1617 1621 1622
f 1619 1618 1622 1623
f 1620 1619 1623 1624
f 1625 1626 1627 1628
f 1629 1630 1631 1632
f 1625 1628 1632 1629
f 1626 1625 1629 1630
f 1627 1626 1630 1631
f 1628 1627 1631 1632
f 1633 1634 1635 1636
f 1637 1638 1639 1640
f 1633 1636 1640 1637
f 1634 1633 1637 1638
f 1635 1634 1638 1639
f 1636 1635 1639 1640
f 1641 1642 1643 1644
f 1645 1646 1647 1648
f 1641 1644 1648 1645
f 1642 1641 1645 1646
f 1643 1642 1646 1647
f 1644 1643 1647 1648
f 1649 1650 1651 1652
f 1653 1654 1655 1656
f 1649 1652 1656 1653
f 1650 1649 1653 1654
f 1651 1650 1654 1655
f 1652 1651 1655 1656
f 1657 1658 1659 1660
f 1661 1662 1663 1664
f 1657 1660 1664 1661
f 1658 1657 1661 1662
f 1659 1658 1662 1663
f 1660 1659 1663 1664
f 1665 1666 1667 1668
f 1669 1670 1671 1672
f 1665 1668 1672 1669
f 1666 1665 1669 1670
f 1667 1666 1670 1671
f 1668 1667 1671 1672
f 1673 1674 1675 1676
f 1677 1678 1679 1680
f 1673 1676 1680 1677
f 1674 1673 1677 1678
f 1675 1674 1678 1679
f 1676 1675 1679 1680
f 1681 1682 1683 1684
f 1685 1686 1687 1688
f 1681 1684 1688 1685
f 1682 1681 1685 1686
f 1683 1682 1686 1687
f 1684 1683 1687 1688
f 1689 1690 1691 1692
f 1693 1694 1695 1696
f 1689 1692 1696 1693
f 1690 1689 1693 1694
f 1691 1690 1694 1695
f 1692 1691 1695 1696
f 1697 1698 1699 1700
f 1701 1702 1703 1704
f 1697 1700 1704 1701
f 1698 1697 1701 1702
f 1699 1698 1702 1703
f 1700 1699 1703 1704
f 1705 1706 1707 1708
f 1709 1710 1711 1712
f 1705 1708 1712 1709
f 1706 1705 1709 1710
f 1707 1706 1710 1711
f 1708 1707 1711 1712
f 1713 1714 1715 1716
f 1717 1718 1719 1720
f 1713 1716 1720 1717
f 1714 1713 1717 1718
f 1715 1714 1718 1719
f 1716 1715 1719 1720
f 1721 1722 1723 1724
f 1725 1726 1727 1728
f 1721 1724 1728 1725
f 1722 1721 1725 1726
f 1723 1722 1726 1727
f 1724 1723 1727 1728
f 1729 1730 1731 1732
f 1733 1734 1735 1736
f 1729 1732 1736 1733
f 1730 1729 1733 1734
f 1731 1730 1734 1735
f 1732 1731 1735 1736
f 1737 1738 1739 1740
f 1741 1742 1743 1744
f 1737 1740 1744 1741
f 1738 1737 1741 1742
f 1739 1738 1742 1743
f 1740 1739 1743 1744
f 1745 1746 1747 1748
f 1749 1750 1751 1752
f 1745 1748 1752 1749
f 1746 1745 1749 1750
f 1747 1746 1750 1751
f 1748 1747 1751 1752
f 1753 1754 1755 1756
f 1757 1758 1759 1760
f 1753 1756 1760 1757
f 1754 1753 1757 1758
f 1755 1754 1758 1759
f 1756 1755 1759 1760
f 1761 1762 1763 1764
f 1765 1766 1767 1768
f 1761 1764 1768 1765
f 1762 1761 1765 1766
f 1763 1762 1766 1767
f 1764 1763 1767 1768
f 1769 1770 1771 1772
f 1773 1774 1775 1776
f 1769 1772 1776 1773
f 1770 1769 1773 1774
f 1771 1770 1774 1775
f 1772 1771 1775 1776
f 1777 1778 1779 1780
f 1781 1782 1783 1784
f 1777 1780 1784 1781
f 1778 1777 1781 1782
f 1779 1778 1782 1783
f 1780 1779 1783 1784
f 1785 1786 1787 1788
f 1789 1790 1791 1792
f 1785 1788 1792 1789
f 1786 1785 1789 1790
f 1787 1786 1790 1791
f 1788 1787 1791 1792
f 1793 1794 1795 1796
f 1797 1798 1799 1800
f 1793 1796 1800 1797
f 1794 1793 1797 1798
f 1795 1794 1798 1799
f 1796 1795 1799 1800
f 1801 1802 1803 1804
f 1805 1806 1807 1808
f 1801 1804 1808 1805
f 1802 1801 1805 1806
f 1803 1802 1806 1807
f 1804 1803 1807 1808
f 1809 1810 1811 1812
f 1813 1814 1815 1816
f 1809 1812 1816 1813
f 1810 1809 1813 1814
f 1811 1810 1814 1815
f 1812 1811 1815 1816
f 1817 1818 1819 1820
f 1821 1822 1823 1824
f 1817 1820 1824 1821
f 1818 1817 1821 1822
f 1819 1818 1822 1823
f 1820 1819 1823 1824
f 1825 1826 1827 1828
f 1829 1830 1831 1832
f 1825 1828 1832 1829
f 1826 1825 1829 1830
f 1827 1826 1830 1831
f 1828 1827 1831 1832
f 1833 1834 1835 1836
f 1837 1838 1839 1840
f 1833 1836 1840 1837
f 1834 1833 1837 1838
f 1835 1834 1838 1839
f 1836 1835 1839 1840
f 1841 1842 1843 1844
f 1845 1846 1847 1848
f 1841 1844 1848 1845
f 1842 1841 1845 1846
f 1843 1842 1846 1847
f 1844 1843 1847 1848
f 1849 1850 1851 1852
f 1853 1854 1855 1856
f 1849 1852 1856 1853
f 1850 1849 1853 1854
f 1851 1850 1854 1855
f 1852 1851 1855 1856
f 1857 1858 1859 1860
f 1861 1862 1863 1864
f 1857 1860 1864 1861
f 1858 1857 1861 1862
f 1859 1858 1862 1863
f 1860 1859 1863 1864
f 1865 1866 1867 1868
f 1869 1870 1871 1872
f 1865 1868 1872 1869
f 1866 1865 1869 1870
f 1867 1866 1870 1871
f 1868 1867 1871 1872
f 1873 1874 1875 1876
f 1877 1878 1879 1880
f 1873 1876 1880 1877
f 1874 1873 1877 1878
f 1875 1874 1878 1879
f 1876 1875 1879 1880
f 1881 1882 1883 1884
f 1885 1886 1887 1888
f 1881 1884 1888 1885
f 1882 1881 1885 1886
f 1883 1882 1886 1887
f 1884 1883 1887 1888
f 1889 1890 1891 1892
f 1893 1894 1895 1896
f 1889 1892 1896 1893
f 1890 1889 1893 1894
f 1891 1890 1894 1895
f 1892 1891 1895 1896
f 1897 1898 1899 1900
f 1901 1902 1903 1904
f 1897 1900 1904 1901
f 1898 1897 1901 1902
f 1899 1898 1902 1903
f 1900 1899 1903 1904
f 1905 1906 1907 1908
f 1909 1910 1911 1912
f 1905 1908 1912 1909
f 1906 1905 1909 1910
f 1907 1906 1910 1911
f 1908 1907 1911 1912
f 1913 1914 1915 1916
f 1917 1918 1919 1920
f 1913 1916 1920 1917
f 1914 1913 1917 1918
f 1915 1914 1918 1919
f 1916 1915 1919 1920
f 1921 1922 1923 1924
f 1925 1926 1927 1928
f 1921 1924 1928 1925
f 1922 1921 1925 1926
f 1923 1922 1926 1927
f 1924 1923 1927 1928
f 1929 1930 1931 1932
f 1933 1934 1935 1936
f 1929 1932 1936 1933
f 1930 1929 1933 1934
f 1931 1930 1934 1935
f 1932 1931 1935 1936
f 1937 1938 1939 1940
f 1941 1942 1943 1944
f 1937 1940 1944 1941
f 1938 1937 1941 1942
f 1939 1938 1942 1943
f 1940 1939 1943 1944
f 1945 1946 1947 1948
f 1949 1950 1951 1952
f 1945 1948 1952 1949
f 1946 1945 1949 1950
f 1947 1946 1950 1951
f 1948 1947 1951 1952
f 1953 1954 1955 1956
f 1957 1958 1959 1960
f 1953 1956 1960 1957
f 1954 1953 1957 1958
f 1955 1954 1958 1959
f 1956 1955 1959 1960
f 1961 1962 1963 1964
f 1965 1966 1967 1968
f 1961 1964 1968 1965
f 1962 1961 1965 1966
f 1963 1962 1966 1967
f 1964 1963 1967 1968
f 1969 1970 1971 1972
f 1973 1974 1975 1976
f 1969 1972 1976 1973
f 1970 1969 1973 1974
f 1971 1970 1974 1975
f 1972 1971 1975 1976
f 1977 1978 1979 1980
f 1981 1982 1983 1984
f 1977 1980 1984 1981
f 1978 1977 1981 1982
f 1979 1978 1982 1983
f 1980 1979 1983 1984
f 1985 1986 1987 1988
f 1989 1990 1991 1992
f 1985 1988 1992 1989
f 1986 1985 1989 1990
f 1987 1986 1990 1991
f 1988 1987 1991 1992
f 1993 1994 1995 1996
f 1997 1998 1999 2000
f 1993 1996 2000 1997
f 1994 1993 1997 1998
f 1995 1994 1998 1999
f 1996 1995 1999 2000
f 2001 2002 2003 2004
f 2005 2006 2007 2008
f 2001 2004 2008 2005
f 2002 2001 2005 2006
f 2003 2002 2006 2007
f 2004 2003 2007 2008
f 2009 2010 2011 2012
f 2013 2014 2015 2016
f 2009 2012 2016 2013
f 2010 2009 2013 2014
f 2011 2010 2014 2015
f 2012 2011 2015 2016
f 2017 2018 2019 2020
f 2021 2022 2023 2024
f 2017 2020 2024 2021
f 2018 2017 2021 2022
f 2019 2018 2022 2023
f 2020 2019 2023 2024
f 2025 2026 2027 2028
f 2029 2030 2031 2032
f 2025 2028 2032 2029
f 2026 2025 2029 2030
f 2027 2026 2030 2031
f 2028 2027 2031 2032
f 2033 2034 2035 2036
f 2037 2038 2039 2040
f 2033 2036 2040 2037
f 2034 2033 2037 2038
f 2035 2034 2038 2039
f 2036 2035 2039 2040
f 2041 2042 2043 2044
f 2045 2046 2047 2048
f 2041 2044 2048 2045
f 2042 2041 2045 2046
f 2043 2042 2046 2047
f 2044 2043 2047 2048
f 2049 2050 2051 2052
f 2053 2054 2055 2056
f 2049 2052 2056 2053
f 2050 2049 2053 2054
f 2051 2050 2054 2055
f 2052 2051 2055 2056
f 2057 2058 2059 2060
f 2061 2062 2063 2064
f 2057 2060 2064 2061
f 2058 2057 2061 2062
f 2059 2058 2062 2063
f 2060 2059 2063 2064
f 2065 2066 2067 2068
f 2069 2070 2071 2072
f 2065 2068 2072 2069
f 2066 2065 2069 2070
f 2067 2066 2070 2071
f 2068 2067 2071 2072
f 2073 2074 2075 2076
f 2077 2078 2079 2080
f 2073 2076 2080 2077
f 2074 2073 2077 2078
f 2075 2074 2078 2079
f 2076 2075 2079 2080
f 2081 2082 2083 2084
f 2085 2086 2087 2088
f 2081 2084 2088 2085
f 2082 2081 2085 2086
f 2083 2082 2086 2087
f 2084 2083 2087 2088
f 2089 2090 2091 2092
f 2093 2094 2095 2096
f 2089 2092 2096 2093
f 2090 2089 2093 2094
f 2091 2090 2094 2095
f 2092 2091 2095 2096
f 2097 2098 2099 2100
f 2101 2102 2103 2104
f 2097 2100 2104 2101
f 2098 2097 2101 2102
f 2099 2098 2102 2103
f 2100 2099 2103 2104
f 2105 2106 2107 2108
f 2109 2110 2111 2112
f 2105 2108 2112 2109
f 2106 2105 2109 2110
f 2107 2106 2110 2111
f 2108 2107 2111 2112
f 2113 2114 2115 2116
f 2117 2118 2119 2120
f 2113 2116 2120 2117
f 2114 2113 2117 2118
f 2115 2114 2118 2119
f 2116 2115 2119 2120
f 2121 2122 2123 2124
f 2125 2126 2127 2128
f 2121 2124 2128 2125
f 2122 2121 2125 2126
f 2123 2122 2126 2127
f 2124 2123 2127 2128
f 2129 2130 2131 2132
f 2133 2134 2135 2136
f 2129 2132 2136 2133
f 2130 2129 2133 2134
f 2131 2130 2134 2135
f 2132 2131 2135 2136
f 2137 2138 2139 2140
f 2141 2142 2143 2144
f 2137 2140 2144 2141
f 2138 2137 2141 2142
f 2139 2138 2142 2143
f 2140 2139 2143 2144
f 2145 2146 2147 2148
f 2149 2150 2151 2152
f 2145 2148 2152 2149
f 2146 2145 2149 2150
f 2147 2146 2150 2151
f 2148 2147 2151 2152
f 2153 2154 2155 2156
f 2157 2158 2159 2160
f 2153 2156 2160 2157
f 2154 2153 2157 2158
f 2155 2154 2158 2159
f 2156 2155 2159 2160
f 2161 2162 2163 2164
f 2165 2166 2167 2168
f 2161 2164 2168 2165
f 2162 2161 2165 2166
f 2163 2162 2166 2167
f 2164 2163 2167 2168
f 2169 2170 2171 2172
f 2173 2174 2175 2176
f 2169 2172 2176 2173
f 2170 2169 2173 2174
f 2171 2170 2174 2175
f 2172 2171 2175 2176
f 2177 2178 2179 2180
f 2181 2182 2183 2184
f 2177 2180 2184 2181
f 2178 2177 2181 2182
f 2179 2178 2182 2183
f 2180 2179 2183 2184
f 2185 2186 2187 2188
f 2189 2190 2191 2192
f 2185 2188 2192 2189
f 2186 2185 2189 2190
f 2187 2186 2190 2191
f 2188 2187 2191 2192
f 2193 2194 2195 2196
f 2197 2198 2199 2200
f 2193 2196 2200 2197
f 2194 2193 2197 2198
f 2195 2194 2198 2199
f 2196 2195 2199 2200
f 2201 2202 2203 2204
f 2205 2206 2207 2208
f 2201 2204 2208 2205
f 2202 2201 2205 2206
f 2203 2202 2206 2207
f 2204 2203 2207 2208
f 2209 2210 2211 2212
f 2213 2214 2215 2216
f 2209 2212 2216 2213
f 2210 2209 2213 2214
f 2211 2210 2214 2215
f 2212 2211 2215 2216
f 2217 2218 2219 2220
f 2221 2222 2223 2224
f 2217 2220 2224 2221
f 2218 2217 2221 2222
f 2219 2218 2222 2223
f 2220 2219 2223 2224
f 2225 2226 2227 2228
f 2229 2230 2231 2232
f 2225 2228 2232 2229
f 2226 2225 2229 2230
f 2227 2226 2230 2231
f 2228 2227 2231 2232
f 2233 2234 2235 2236
f 2237 2238 2239 2240
f 2233 2236 2240 2237
f 2234 2233 2237 2238
f 2235 2234 2238 2239
f 2236 2235 2239 2240
f 2241 2242 2243 2244
f 2245 2246 2247 2248
f 2241 2244 2248 2245
f 2242 2241 2245 2246
f 2243 2242 2246 2247
f 2244 2243 2247 2248
f 2249 2250 2251 2252
f 2253 2254 2255 2256
f 2249 2252 2256 2253
f 2250 2249 2253 2254
f 2251 2250 2254 2255
f 2252 2251 2255 2256
f 2257 2258 2259 2260
f 2261 2262 2263 2264
f 2257 2260 2264 2261
f 2258 2257 2261 2262
f 2259 2258 2262 2263
f 2260 2259 2263 2264
f 2265 2266 2267 2268
f 2269 2270 2271 2272
f 2265 2268 2272 2269
f 2266 2265 2269 2270
f 2267 2266 2270 2271
f 2268 2267 2271 2272
f 2273 2274 2275 2276
f 2277 2278 2279 2280
f 2273 2276 2280 2277
f 2274 2273 2277 2278
f 2275 2274 2278 2279
f 2276 2275 2279 2280
f 2281 2282 2283 2284
f 2285 2286 2287 2288
f 2281 2284 2288 2285
f 2282 2281 2285 2286
f 2283 2282 2286 2287
f 2284 2283 2287 2288
f 2289 2290 2291 2292
f 2293 2294 2295 2296
f 2289 2292 2296 2293
f 2290 2289 2293 2294
f 2291 2290 2294 2295
f 2292 2291 2295 2296
f 2297 2298 2299 2300
f 2301 2302 2303 2304
f 2297 2300 2304 2301
f 2298 2297 2301 2302
f 2299 2298 2302 2303
f 2300 2299 2303 2304
f 2305 2306 2307 2308
f 2309 2310 2311 2312
f 2305 2308 2312 2309
f 2306 2305 2309 2310
f 2307 2306 2310 2311
f 2308 2307 2311 2312
f 2313 2314 2315 2316
f 2317 2318 2319 2320
f 2313 2316 2320 2317
f 2314 2313 2317 2318
f 2315 2314 2318 2319
f 2316 2315 2319 2320
f 2321 2322 2323 2324
f 2325 2326 2327 2328
f 2321 2324 2328 2325
f 2322 2321 2325 2326
f 2323 2322 2326 2327
f 2324 2323 2327 2328
f 2329 2330 2331 2332
f 2333 2334 2335 2336
f 2329 2332 2336 2333
f 2330 2329 2333 2334
f 2331 2330 2334 2335
f 2332 2331 2335 2336
f 2337 2338 2339 2340
f 2341 2342 2343 2344
f 2337 2340 2344 2341
f 2338 2337 2341 2342
f 2339 2338 2342 2343
f 2340 2339 2343 2344
f 2345 2346 2347 2348
f 2349 2350 2351 2352
f 2345 2348 2352 2349
f 2346 2345 2349 2350
f 2347 2346 2350 2351
f 2348 2347 2351 2352
f 2353 2354 2355 2356
f 2357 2358 2359 2360
f 2353 2356 2360 2357
f 2354 2353 2357 2358
f 2355 2354 2358 2359
f 2356 2355 2359 2360
f 2361 2362 2363 2364
f 2365 2366 2367 2368
f 2361 2364 2368 2365
f 2362 2361 2365 2366
f 2363 2362 2366 2367
f 2364 2363 2367 2368
f 2369 2370 2371 2372
f 2373 2374 2375 2376
f 2369 2372 2376 2373
f 2370 2369 2373 2374
f 2371 2370 2374 2375
f 2372 2371 2375 2376
f 2377 2378 2379 2380
f 2381 2382 2383 2384
f 2377 2380 2384 2381
f 2378 2377 2381 2382
f 2379 2378 2382 2383
f 2380 2379 2383 2384
f 2385 2386 2387 2388
f 2389 2390 2391 2392
f 2385 2388 2392 2389
f 2386 2385 2389 2390
f 2387 2386 2390 2391
f 2388 2387 2391 2392
f 2393 2394 2395 2396
f 2397 2398 2399 2400
f 2393 2396 2400 2397
f 2394 2393 2397 2398
f 2395 2394 2398 2399
f 2396 2395 2399 2400
f 2401 2402 2403 2404
f 2405 2406 2407 2408
f 2401 2404 2408 2405
f 2402 2401 2405 2406
f 2403 2402 2406 2407
f 2404 2403 2407 2408
f 2409 2410 2411 2412
f 2413 2414 2415 2416
f 2409 2412 2416 2413
f 2410 2409 2413 2414
f 2411 2410 2414 2415
f 2412 2411 2415 2416
f 2417 2418 2419 2420
f 2421 2422 2423 2424
f 2417 2420 2424 2421
f 2418 2417 2421 2422
f 2419 2418 2422 2423
f 2420 2419 2423 2424
f 2425 2426 2427 2428
f 2429 2430 2431 2432
f 2425 2428 2432 2429
f 2426 2425 2429 2430
f 2427 2426 2430 2431
f 2428 2427 2431 2432
f 2433 2434 2435 2436
f 2437 2438 2439 2440
f 2433 2436 2440 2437
f 2434 2433 2437 2438
f 2435 2434 2438 2439
f 2436 2435 2439 2440
f 2441 2442 2443 2444
f 2445 2446 2447 2448
f 2441 2444 2448 2445
f 2442 2441 2445 2446
f 2443 2442 2446 2447
f 2444 2443 2447 2448
f 2449 2450 2451 2452
f 2453 2454 2455 2456
f 2449 2452 2456 2453
f 2450 2449 2453 2454
f 2451 2450 2454 2455
f 2452 2451 2455 2456
f 2457 2458 2459 2460
f 2461 2462 2463 2464
f 2457 2460 2464 2461
f 2458 2457 2461 2462
f 2459 2458 2462 2463
f 2460 2459 2463 2464
f 2465 2466 2467 2468
f 2469 2470 2471 2472
f 2465 2468 2472 2469
f 2466 2465 2469 2470
f 2467 2466 2470 2471
f 2468 2467 2471 2472
f 2473 2474 2475 2476
f 2477 2478 2479 2480
f 2473 2476 2480 2477
f 2474 2473 2477 2478
f 2475 2474 2478 2479
f 2476 2475 2479 2480
f 2481 2482 2483 2484
f 2485 2486 2487 2488
f 2481 2484 2488 2485
f 2482 2481 2485 2486
f 2483 2482 2486 2487
f 2484 2483 2487 2488
f 2489 2490 2491 2492
f 2493 2494 2495 2496
f 2489 2492 2496 2493
f 2490 2489 2493 2494
f 2491 2490 2494 2495
f 2492 2491 2495 2496
f 2497 2498 2499 2500
f 2501 2502 2503 2504
f 2497 2500 2504 2501
f 2498 2497 2501 2502
f 2499 2498 2502 2503
f 2500 2499 2503 2504
f 2505 2506 2507 2508
f 2509 2510 2511 2512
f 2505 2508 2512 2509
f 2506 2505 2509 2510
f 2507 2506 2510 2511
f 2508 2507 2511 2512
f 2513 2514 2515 2516
f 2517 2518 2519 2520
f 2513 2516 2520 2517
f 2514 2513 2517 2518
f 2515 2514 2518 2519
f 2516 2515 2519 2520
f 2521 2522 2523 2524
f 2525 2526 2527 2528
f 2521 2524 2528 2525
f 2522 2521 2525 2526
f 2523 2522 2526 2527
f 2524 2523 2527 2528
f 2529 2530 2531 2532
f 2533 2534 2535 2536
f 2529 2532 2536 2533
f 2530 2529 2533 2534
f 2531 2530 2534 2535
f 2532 2531 2535 2536
f 2537 2538 2539 2540
f 2541 2542 2543 2544
f 2537 2540 2544 2541
f 2538 2537 2541 2542
f 2539 2538 2542 2543
f 2540 2539 2543 2544
f 2545 2546 2547 2548
f 2549 2550 2551 2552
f 2545 2548 2552 2549
f 2546 2545 2549 2550
f 2547 2546 2550 2551
f 2548 2547 2551 2552
f 2553 2554 2555 2556
f 2557 2558 2559 2560
f 2553 2556 2560 2557
f 2554 2553 2557 2558
f 2555 2554 2558 2559
f 2556 2555 2559 2560
f 2561 2562 2563 2564
f 2565 2566 2567 2568
f 2561 2564 2568 2565
f 2562 2561 2565 2566
f 2563 2562 2566 2567
f 2564 2563 2567 2568
f 2569 2570 2571 2572
f 2573 2574 2575 2576
f 2569 2572 2576 2573
f 2570 2569 2573 2574
f 2571 2570 2574 2575
f 2572 2571 2575 2576
f 2577 2578 2579 2580
f 2581 2582 2583 2584
f 2577 2580 2584 2581
f 2578 2577 2581 2582
f 2579 2578 2582 2583
f 2580 2579 2583 2584
f 2585 2586 2587 2588
f 2589 2590 2591 2592
f 2585 2588 2592 2589
f 2586 2585 2589 2590
f 2587 2586 2590 2591
f 2588 2587 2591 2592
f 2593 2594 2595 2596
f 2597 2598 2599 2600
f 2593 2596 2600 2597
f 2594 2593 2597 2598
f 2595 2594 2598 2599
f 2596 2595 2599 2600
f 2601 2602 2603 2604
f 2605 2606 2607 2608
f 2601 2604 2608 2605
f 2602 2601 2605 2606
f 2603 2602 2606 2607
f 2604 2603 2607 2608
f 2609 2610 2611 2612
f 2613 2614 2615 2616
f 2609 2612 2616 2613
f 2610 2609 2613 2614
f 2611 2610 2614 2615
f 2612 2611 2615 2616
f 2617 2618 2619 2620
f 2621 2622 2623 2624
f 2617 2620 2624 2621
f 2618 2617 2621 2622
f 2619 2618 2622 2623
f 2620 2619 2623 2624
f 2625 2626 2627 2628
f 2629 2630 2631 2632
f 2625 2628 2632 2629
f 2626 2625 2629 2630
f 2627 2626 2630 2631
f 2628 2627 2631 2632
f 2633 2634 2635 2636
f 2637 2638 2639 2640
f 2633 2636 2640 2637
f 2634 2633 2637 2638
f 2635 2634 2638 2639
f 2636 2635 2639 2640
f 2641 2642 2643 2644
f 2645 2646 2647 2648
f 2641 2644 2648 2645
f 2642 2641 2645 2646
f 2643 2642 2646 2647
f 2644 2643 2647 2648
f 2649 2650 2651 2652
f 2653 2654 2655 2656
f 2649 2652 2656 2653
f 2650 2649 2653 2654
f 2651 2650 2654 2655
f 2652 2651 2655 2656
f 2657 2658 2659 2660
f 2661 2662 2663 2664
f 2657 2660 2664 2661
f 2658 2657 2661 2662
f 2659 2658 2662 2663
f 2660 2659 2663 2664
f 2665 2666 2667 2668
f 2669 2670 2671 2672
f 2665 2668 2672 2669
f 2666 2665 2669 2670
f 2667 2666 2670 2671
f 2668 2667 2671 2672
f 2673 2674 2675 2676
f 2677 2678 2679 2680
f 2673 2676 2680 2677
f 2674 2673 2677 2678
f 2675 2674 2678 2679
f 2676 2675 2679 2680
f 2681 2682 2683 2684
f 2685 2686 2687 2688
f 2681 2684 2688 2685
f 2682 2681 2685 2686
f 2683 2682 2686 2687
f 2684 2683 2687 2688
f 2689 2690 2691 2692
f 2693 2694 2695 2696
f 2689 2692 2696 2693
f 2690 2689 2693 2694
f 2691 2690 2694 2695
f 2692 2691 2695 2696
f 2697 2698 2699 2700
f 2701 2702 2703 2704
f 2697 2700 2704 2701
f 2698 2697 2701 2702
f 2699 2698 2702 2703
f 2700 2699 2703 2704
f 2705 2706 2707 2708
f 2709 2710 2711 2712
f 2705 2708 2712 2709
f 2706 2705 2709 2710
f 2707 2706 2710 2711
f 2708 2707 2711 2712
f 2713 2714 2715 2716
f 2717 2718 2719 2720
f 2713 2716 2720 2717
f 2714 2713 2717 2718
f 2715 2714 2718 2719
f 2716 2715 2719 2720
f 2721 2722 2723 2724
f 2725 2726 2727 2728
f 2721 2724 2728 2725
f 2722 2721 2725 2726
f 2723 2722 2726 2727
f 2724 2723 2727 2728
f 2729 2730 2731 2732
f 2733 2734 2735 2736
f 2729 2732 2736 2733
f 2730 2729 2733 2734
f 2731 2730 2734 2735
f 2732 2731 2735 2736
f 2737 2738 2739 2740
f 2741 2742 2743 2744
f 2737 2740 2744 2741
f 2738 2737 2741 2742
f 2739 2738 2742 2743
f 2740 2739 2743 2744
f 2745 2746 2747 2748
f 2749 2750 2751 2752
f 2745 2748 2752 2749
f 2746 2745 2749 2750
f 2747 2746 2750 2751
f 2748 2747 2751 2752
f 2753 2754 2755 2756
f 2757 2758 2759 2760
f 2753 2756 2760 2757
f 2754 2753 2757 2758
f 2755 2754 2758 2759
f 2756 2755 2759 2760
f 2761 2762 2763 2764
f 2765 2766 2767 2768
f 2761 2764 2768 2765
f 2762 2761 2765 2766
f 2763 2762 2766 2767
f 2764 2763 2767 2768
f 2769 2770 2771 2772
f 2773 2774 2775 2776
f 2769 2772 2776 2773
f 2770 2769 2773 2774
f 2771 2770 2774 2775
f 2772 2771 2775 2776
f 2777 2778 2779 2780
f 2781 2782 2783 2784
f 2777 2780 2784 2781
f 2778 2777 2781 2782
f 2779 2778 2782 2783
f 2780 2779 2783 2784
f 2785 2786 2787 2788
f 2789 2790 2791 2792
f 2785 2788 2792 2789
f 2786 2785 2789 2790
f 2787 2786 2790 2791
f 2788 2787 2791 2792
f 2793 2794 2795 2796
f 2797 2798 2799 2800
f 2793 2796 2800 2797
f 2794 2793 2797 2798
f 2795 2794 2798 2799
f 2796 2795 2799 2800
f 2801 2802 2803 2804
f 2805 2806 2807 2808
f 2801 2804 2808 2805
f 2802 2801 2805 2806
f 2803 2802 2806 2807
f 2804 2803 2807 2808
f 2809 2810 2811 2812
f 2813 2814 2815 2816
f 2809 2812 2816 2813
f 2810 2809 2813 2814
f 2811 2810 2814 2815
f 2812 2811 2815 2816
f 2817 2818 2819 2820
f 2821 2822 2823 2824
f 2817 2820 2824 2821
f 2818 2817 2821 2822
f 2819 2818 2822 2823
f 2820 2819 2823 2824
f 2825 2826 2827 2828
f 2829 2830 2831 2832
f 2825 2828 2832 2829
f 2826 2825 2829 2830
f 2827 2826 2830 2831
f 2828 2827 2831 2832
f 2833 2834 2835 2836
f 2837 2838 2839 2840
f 2833 2836 2840 2837
f 2834 2833 2837 2838
f 2835 2834 2838 2839
f 2836 2835 2839 2840
f 2841 2842 2843 2844
f 2845 2846 2847 2848
f 2841 2844 2848 2845
f 2842 2841 2845 2846
f 2843 2842 2846 2847
f 2844 2843 2847 2848
f 2849 2850 2851 2852
f 2853 2854 2855 2856
f 2849 2852 2856 2853
f 2850 2849 2853 2854
f 2851 2850 2854 2855
f 2852 2851 2855 2856
f 2857 2858 2859 2860
f 2861 2862 2863 2864
f 2857 2860 2864 2861
f 2858 2857 2861 2862
f 2859 2858 2862 2863
f 2860 2859 2863 2864
f 2865 2866 2867 2868
f 2869 2870 2871 2872
f 2865 2868 2872 2869
f 2866 2865 2869 2870
f 2867 2866 2870 2871
f 2868 2867 2871 2872
f 2873 2874 2875 2876
f 2877 2878 2879 2880
f 2873 2876 2880 2877
f 2874 2873 2877 2878
f 2875 2874 2878 2879
f 2876 2875 2879 2880
f 2881 2882 2883 2884
f 2885 2886 2887 2888
f 2881 2884 2888 2885
f 2882 2881 2885 2886
f 2883 2882 2886 2887
f 2884 2883 2887 2888
f 2889 2890 2891 2892
f 2893 2894 2895 2896
f 2889 2892 2896 2893
f 2890 2889 2893 2894
f 2891 2890 2894 2895
f 2892 2891 2895 2896
f 2897 2898 2899 2900
f 2901 2902 2903 2904
f 2897 2900 2904 2901
f 2898 2897 2901 2902
f 2899 2898 2902 2903
f 2900 2899 2903 2904
f 2905 2906 2907 2908
f 2909 2910 2911 2912
f 2905 2908 2912 2909
f 2906 2905 2909 2910
f 2907 2906 2910 2911
f 2908 2907 2911 2912
f 2913 2914 2915 2916
f 2917 2918 2919 2920
f 2913 2916 2920 2917
f 2914 2913 2917 2918
f 2915 2914 2918 2919
f 2916 2915 2919 2920
f 2921 2922 2923 2924
f 2925 2926 2927 2928
f 2921 2924 2928 2925
f 2922 2921 2925 2926
f 2923 2922 2926 2927
f 2924 2923 2927 2928
f 2929 2930 2931 2932
f 2933 2934 2935 2936
f 2929 2932 2936 2933
f 2930 2929 2933 2934
f 2931 2930 2934 2935
f 2932 2931 2935 2936
f 2937 2938 2939 2940
f 2941 2942 2943 2944
f 2937 2940 2944 2941
f 2938 2937 2941 2942
f 2939 2938 2942 2943
f 2940 2939 2943 2944
f 2945 2946 2947 2948
f 2949 2950 2951 2952
f 2945 2948 2952 2949
f 2946 2945 2949 2950
f 2947 2946 2950 2951
f 2948 2947 2951 2952
f 2953 2954 2955 2956
f 2957 2958 2959 2960
f 2953 2956 2960 2957
f 2954 2953 2957 2958
f 2955 2954 2958 2959
f 2956 2955 2959 2960
f 2961 2962 2963 2964
f 2965 2966 2967 2968
f 2961 2964 2968 2965
f 2962 2961 2965 2966
f 2963 2962 2966 2967
f 2964 2963 2967 2968
f 2969 2970 2971 2972
f 2973 2974 2975 2976
f 2969 2972 2976 2973
f 2970 2969 2973 2974
f 2971 2970 2974 2975
f 2972 2971 2975 2976
f 2977 2978 2979 2980
f 2981 2982 2983 2984
f 2977 2980 2984 2981
f 2978 2977 2981 2982
f 2979 2978 2982 2983
f 2980 2979 2983 2984
f 2985 2986 2987 2988
f 2989 2990 2991 2992
f 2985 2988 2992 2989
f 2986 2985 2989 2990
f 2987 2986 2990 2991
f 2988 2987 2991 2992
f 2993 2994 2995 2996
f 2997 2998 2999 3000
f 2993 2996 3000 2997
f 2994 2993 2997 2998
f 2995 2994 2998 2999
f 2996 2995 2999 3000
f 3001 3002 3003 3004
f 3005 3006 3007 3008
f 3001 3004 3008 3005
f 3002 3001 3005 3006
f 3003 3002 3006 3007
f 3004 3003 3007 3008
f 3009 3010 3011 3012
f 3013 3014 3015 3016
f 3009 3012 3016 3013
f 3010 3009 3013 3014
f 3011 3010 3014 3015
f 3012 3011 3015 3016
f 3017 3018 3019 3020
f 3021 3022 3023 3024
f 3017 3020 3024 3021
f 3018 3017 3021 3022
f 3019 3018 3022 3023
f 3020 3019 3023 3024
f 3025 3026 3027 3028
f 3029 3030 3031 3032
f 3025 3028 3032 3029
f 3026 3025 3029 3030
f 3027 3026 3030 3031
f 3028 3027 3031 3032
f 3033 3034 3035 3036
f 3037 3038 3039 3040
f 3033 3036 3040 3037
f 3034 3033 3037 3038
f 3035 3034 3038 3039
f 3036 3035 3039 3040
f 3041 3042 3043 3044
f 3045 3046 3047 3048
f 3041 3044 3048 3045
f 3042 3041 3045 3046
f 3043 3042 3046 3047
f 3044 3043 3047 3048
f 3049 3050 3051 3052
f 3053 3054 3055 3056
f 3049 3052 3056 3053
f 3050 3049 3053 3054
f 3051 3050 3054 3055
f 3052 3051 3055 3056
f 3057 3058 3059 3060
f 3061 3062 3063 3064
f 3057 3060 3064 3061
f 3058 3057 3061 3062
f 3059 3058 3062 3063
f 3060 3059 3063 3064
f 3065 3066 3067 3068
f 3069 3070 3071 3072
f 3065 3068 3072 3069
f 3066 3065 3069 3070
f 3067 3066 3070 3071
f 3068 3067 3071 3072
f 3073 3074 3075 3076
f 3077 3078 3079 3080
f 3073 3076 3080 3077
f 3074 3073 3077 3078
f 3075 3074 3078 3079
f 3076 3075 3079 3080
f 3081 3082 3083 3084
f 3085 3086 3087 3088
f 3081 3084 3088 3085
f 3082 3081 3085 3086
f 3083 3082 3086 3087
f 3084 3083 3087 3088
f 3089 3090 3091 3092
f 3093 3094 3095 3096
f 3089 3092 3096 3093
f 3090 3089 3093 3094
f 3091 3090 3094 3095
f 3092 3091 3095 3096
f 3097 3098 3099 3100
f 3101 3102 3103 3104
f 3097 3100 3104 3101
f 3098 3097 3101 3102
f 3099 3098 3102 3103
f 3100 3099 3103 3104
f 3105 3106 3107 3108
f 3109 3110 3111 3112
f 3105 3108 3112 3109
f 3106 3105 3109 3110
f 3107 3106 3110 3111
f 3108 3107 3111 3112
f 3113 3114 3115 3116
f 3117 3118 3119 3120
f 3113 3116 3120 3117
f 3114 3113 3117 3118
f 3115 3114 3118 3119
f 3116 3115 3119 3120
f 3121 3122 3123 3124
f 3125 3126 3127 3128
f 3121 3124 3128 3125
f 3122 3121 3125 3126
f 3123 3122 3126 3127
f 3124 3123 3127 3128
f 3129 3130 3131 3132
f 3133 3134 3135 3136
f 3129 3132 3136 3133
f 3130 3129 3133 3134
f 3131 3130 3134 3135
f 3132 3131 3135 3136
f 3137 3138 3139 3140
f 3141 3142 3143 3144
f 3137 3140 3144 3141
f 3138 3137 3141 3142
f 3139 3138 3142 3143
f 3140 3139 3143 3144
f 3145 3146 3147 3148
f 3149 3150 3151 3152
f 3145 3148 3152 3149
f 3146 3145 3149 3150
f 3147 3146 3150 3151
f 3148 3147 3151 3152
f 3153 3154 3155 3156
f 3157 3158 3159 3160
f 3153 3156 3160 3157
f 3154 3153 3157 3158
f 3155 3154 3158 3159
f 3156 3155 3159 3160
f 3161 3162 3163 3164
f 3165 3166 3167 3168
f 3161 3164 3168 3165
f 3162 3161 3165 3166
f 3163 3162 3166 3167
f 3164 3163 3167 3168
f 3169 3170 3171 3172
f 3173 3174 3175 3176
f 3169 3172 3176 3173
f 3170 3169 3173 3174
f 3171 3170 3174 3175
f 3172 3171 3175 3176
f 3177 3178 3179 3180
f 3181 3182 3183 3184
f 3177 3180 3184 3181
f 3178 3177 3181 3182
f 3179 3178 3182 3183
f 3180 3179 3183 3184
f 3185 3186 3187 3188
f 3189 3190 3191 3192
f 3185 3188 3192 3189
f 3186 3185 3189 3190
f 3187 3186 3190 3191
f 3188 3187 3191 3192
f 3193 3194 3195 3196
f 3197 3198 3199 3200
f 3193 3196 3200 3197
f 3194 3193 3197 3198
f 3195 3194 3198 3199
f 3196 3195 3199 3200
f 3201 3202 3203 3204
f 3205 3206 3207 3208
f 3201 3204 3208 3205
f 3202 3201 3205 3206
f 3203 3202 3206 3207
f 3204 3203 3207 3208
f 3209 3210 3211 3212
f 3213 3214 3215 3216
f 3209 3212 3216 3213
f 3210 3209 3213 3214
f 3211 3210 3214 3215
f 3212 3211 3215 3216
f 3217 3218 3219 3220
f 3221 3222 3223 3224
f 3217 3220 3224 3221
f 3218 3217 3221 3222
f 3219 3218 3222 3223
f 3220 3219 3223 3224
f 3225 3226 3227 3228
f 3229 3230 3231 3232
f 3225 3228 3232 3229
f 3226 3225 3229 3230
f 3227 3226 3230 3231
f 3228 3227 3231 3232
f 3233 3234 3235 3236
f 3237 3238 3239 3240
f 3233 3236 3240 3237
f 3234 3233 3237 3238
f 3235 3234 3238 3239
f 3236 3235 3239 3240
f 3241 3242 3243 3244
f 3245 3246 3247 3248
f 3241 3244 3248 3245
f 3242 3241 3245 3246
f 3243 3242 3246 3247
f 3244 3243 3247 3248
f 3249 3250 3251 3252
f 3253 3254 3255 3256
f 3249 3252 3256 3253
f 3250 3249 3253 3254
f 3251 3250 3254 3255
f 3252 3251 3255 3256
f 3257 3258 3259 3260
f 3261 3262 3263 3264
f 3257 3260 3264 3261
f 3258 3257 3261 3262
f 3259 3258 3262 3263
f 3260 3259 3263 3264
f 3265 3266 3267 3268
f 3269 3270 3271 3272
f 3265 3268 3272 3269
f 3266 3265 3269 3270
f 3267 3266 3270 3271
f 3268 3267 3271 3272
f 3273 3274 3275 3276
f 3277 3278 3279 3280
f 3273 3276 3280 3277
f 3274 3273 3277 3278
f 3275 3274 3278 3279
f 3276 3275 3279 3280
f 3281 3282 3283 3284
f 3285 3286 3287 3288
f 3281 3284 3288 3285
f 3282 3281 3285 3286
f 3283 3282 3286 3287
f 3284 3283 3287 3288
f 3289 3290 3291 3292
f 3293 3294 3295 3296
f 3289 3292 3296 3293
f 3290 3289 3293 3294
f 3291 3290 3294 3295
f 3292 3291 3295 3296
f 3297 3298 3299 3300
f 3301 3302 3303 3304
f 3297 3300 3304 3301
f 3298 3297 3301 3302
f 3299 3298 3302 3303
f 3300 3299 3303 3304
f 3305 3306 3307 3308
f 3309 3310 3311 3312
f 3305 3308 3312 3309
f 3306 3305 3309 3310
f 3307 3306 3310 3311
f 3308 3307 3311 3312
f 3313 3314 3315 3316
f 3317 3318 3319 3320
f 3313 3316 3320 3317
f 3314 3313 3317 3318
f 3315 3314 3318 3319
f 3316 3315 3319 3320
f 3321 3322 3323 3324
f 3325 3326 3327 3328
f 3321 3324 3328 3325
f 3322 3321 3325 3326
f 3323 3322 3326 3327
f 3324 3323 3327 3328
f 3329 3330 3331 3332
f 3333 3334 3335 3336
f 3329 3332 3336 3333
f 3330 3329 3333 3334
f 3331 3330 3334 3335
f 3332 3331 3335 3336
f 3337 3338 3339 3340
f 3341 3342 3343 3344
f 3337 3340 3344 3341
f 3338 3337 3341 3342
f 3339 3338 3342 3343
f 3340 3339 3343 3344
f 3345 3346 3347 3348
f 3349 3350 3351 3352
f 3345 3348 3352 3349
f 3346 3345 3349 3350
f 3347 3346 3350 3351
f 3348 3347 3351 3352
f 3353 3354 3355 3356
f 3357 3358 3359 3360
f 3353 3356 3360 3357
f 3354 3353 3357 3358
f 3355 3354 3358 3359
f 3356 3355 3359 3360
f 3361 3362 3363 3364
f 3365 3366 3367 3368
f 3361 3364 3368 3365
f 3362 3361 3365 3366
f 3363 3362 3366 3367
f 3364 3363 3367 3368
f 3369 3370 3371 3372
f 3373 3374 3375 3376
f 3369 3372 3376 3373
f 3370 3369 3373 3374
f 3371 3370 3374 3375
f 3372 3371 3375 3376
f 3377 3378 3379 3380
f 3381 3382 3383 3384
f 3377 3380 3384 3381
f 3378 3377 3381 3382
f 3379 3378 3382 3383
f 3380 3379 3383 3384
f 3385 3386 3387 3388
f 3389 3390 3391 3392
f 3385 3388 3392 3389
f 3386 3385 3389 3390
f 3387 3386 3390 3391
f 3388 3387 3391 3392
f 3393 3394 3395 3396
f 3397 3398 3399 3400
f 3393 3396 3400 3397
f 3394 3393 3397 3398
f 3395 3394 3398 3399
f 3396 3395 3399 3400
f 3401 3402 3403 3404
f 3405 3406 3407 3408
f 3401 3404 3408 3405
f 3402 3401 3405 3406
f 3403 3402 3406 3407
f 3404 3403 3407 3408
f 3409 3410 3411 3412
f 3413 3414 3415 3416
f 3409 3412 3416 3413
f 3410 3409 3413 3414
f 3411 3410 3414 3415
f 3412 3411 3415 3416
f 3417 3418 3419 3420
f 3421 3422 3423 3424
f 3417 3420 3424 3421
f 3418 3417 3421 3422
f 3419 3418 3422 3423
f 3420 3419 3423 3424
f 3425 3426 3427 3428
f 3429 3430 3431 3432
f 3425 3428 3432 3429
f 3426 3425 3429 3430
f 3427 3426 3430 3431
f 3428 3427 3431 3432
f 3433 3434 3435 3436
f 3437 3438 3439 3440
f 3433 3436 3440 3437
f 3434 3433 3437 3438
f 3435 3434 3438 3439
f 3436 3435 3439 3440
f 3441 3442 3443 3444
f 3445 3446 3447 3448
f 3441 3444 3448 3445
f 3442 3441 3445 3446
f 3443 3442 3446 3447
f 3444 3443 3447 3448
f 3449 3450 3451 3452
f 3453 3454 3455 3456
f 3449 3452 3456 3453
f 3450 3449 3453 3454
f 3451 3450 3454 3455
f 3452 3451 3455 3456
f 3457 3458 3459 3460
f 3461 3462 3463 3464
f 3457 3460 3464 3461
f 3458 3457 3461 3462
f 3459 3458 3462 3463
f 3460 3459 3463 3464
f 3465 3466 3467 3468
f 3469 3470 3471 3472
f 3465 3468 3472 3469
f 3466 3465 3469 3470
f 3467 3466 3470 3471
f 3468 3467 3471 3472
f 3473 3474 3475 3476
f 3477 3478 3479 3480
f 3473 3476 3480 3477
f 3474 3473 3477 3478
f 3475 3474 3478 3479
f 3476 3475 3479 3480
f 3481 3482 3483 3484
f 3485 3486 3487 3488
f 3481 3484 3488 3485
f 3482 3481 3485 3486
f 3483 3482 3486 3487
f 3484 3483 3487 3488
f 3489 3490 3491 3492
f 3493 3494 3495 3496
f 3489 3492 3496 3493
f 3490 3489 3493 3494
f 3491 3490 3494 3495
f 3492 3491 3495 3496
f 3497 3498 3499 3500
f 3501 3502 3503 3504
f 3497 3500 3504 3501
f 3498 3497 3501 3502
f 3499 3498 3502 3503
f 3500 3499 3503 3504
f 3505 3506 3507 3508
f 3509 3510 3511 3512
f 3505 3508 3512 3509
f 3506 3505 3509 3510
f 3507 3506 3510 3511
f 3508 3507 3511 3512
f 3513 3514 3515 3516
f 3517 3518 3519 3520
f 3513 3516 3520 3517
f 3514 3513 3517 3518
f 3515 3514 3518 3519
f 3516 3515 3519 3520
f 3521 3522 3523 3524
f 3525 3526 3527 3528
f 3521 3524 3528 3525
f 3522 3521 3525 3526
f 3523 3522 3526 3527
f 3524 3523 3527 3528
f 3529 3530 3531 3532
f 3533 3534 3535 3536
f 3529 3532 3536 3533
f 3530 3529 3533 3534
f 3531 3530 3534 3535
f 3532 3531 3535 3536
f 3537 3538 3539 3540
f 3541 3542 3543 3544
f 3537 3540 3544 3541
f 3538 3537 3541 3542
f 3539 3538 3542 3543
f 3540 3539 3543 3544
f 3545 3546 3547 3548
f 3549 3550 3551 3552
f 3545 3548 3552 3549
f 3546 3545 3549 3550
f 3547 3546 3550 3551
f 3548 3547 3551 3552
f 3553 3554 3555 3556
f 3557 3558 3559 3560
f 3553 3556 3560 3557
f 3554 3553 3557 3558
f 3555 3554 3558 3559
f 3556 3555 3559 3560
f 3561 3562 3563 3564
f 3565 3566 3567 3568
f 3561 3564 3568 3565
f 3562 3561 3565 3566
f 3563 3562 3566 3567
f 3564 3563 3567 3568
f 3569 3570 3571 3572
f 3573 3574 3575 3576
f 3569 3572 3576 3573
f 3570 3569 3573 3574
f 3571 3570 3574 3575
f 3572 3571 3575 3576
f 3577 3578 3579 3580
f 3581 3582 3583 3584
f 3577 3580 3584 3581
f 3578 3577 3581 3582
f 3579 3578 3582 3583
f 3580 3579 3583 3584
f 3585 3586 3587 3588
f 3589 3590 3591 3592
f 3585 3588 3592 3589
f 3586 3585 3589 3590
f 3587 3586 3590 3591
f 3588 3587 3591 3592
f 3593 3594 3595 3596
f 3597 3598 3599 3600
f 3593 3596 3600 3597
f 3594 3593 3597 3598
f 3595 3594 3598 3599
f 3596 3595 3599 3600
f 3601 3602 3603 3604
f 3605 3606 3607 3608
f 3601 3604 3608 3605
f 3602 3601 3605 3606
f 3603 3602 3606 3607
f 3604 3603 3607 3608
f 3609 3610 3611 3612
f 3613 3614 3615 3616
f 3609 3612 3616 3613
f 3610 3609 3613 3614
f 3611 3610 3614 3615
f 3612 3611 3615 3616
f 3617 3618 3619 3620
f 3621 3622 3623 3624
f 3617 3620 3624 3621
f 3618 3617 3621 3622
f 3619 3618 3622 3623
f 3620 3619 3623 3624
f 3625 3626 3627 3628
f 3629 3630 3631 3632
f 3625 3628 3632 3629
f 3626 3625 3629 3630
f 3627 3626 3630 3631
f 3628 3627 3631 3632
f 3633 3634 3635 3636
f 3637 3638 3639 3640
f 3633 3636 3640 3637
f 3634 3633 3637 3638
f 3635 3634 3638 3639
f 3636 3635 3639 3640
f 3641 3642 3643 3644
f 3645 3646 3647 3648
f 3641 3644 3648 3645
f 3642 3641 3645 3646
f 3643 3642 3646 3647
f 3644 3643 3647 3648
f 3649 3650 3651 3652
f 3653 3654 3655 3656
f 3649 3652 3656 3653
f 3650 3649 3653 3654
f 3651 3650 3654 3655
f 3652 3651 3655 3656
f 3657 3658 3659 3660
f 3661 3662 3663 3664
f 3657 3660 3664 3661
f 3658 3657 3661 3662
f 3659 3658 3662 3663
f 3660 3659 3663 3664
f 3665 3666 3667 3668
f 3669 3670 3671 3672
f 3665 3668 3672 3669
f 3666 3665 3669 3670
f 3667 3666 3670 3671
f 3668 3667 3671 3672
f 3673 3674 3675 3676
f 3677 3678 3679 3680
f 3673 3676 3680 3677
f 3674 3673 3677 3678
f 3675 3674 3678 3679
f 3676 3675 3679 3680
f 3681 3682 3683 3684
f 3685 3686 3687 3688
f 3681 3684 3688 3685
f 3682 3681 3685 3686
f 3683 3682 3686 3687
f 3684 3683 3687 3688
f 3689 3690 3691 3692
f 3693 3694 3695 3696
f 3689 3692 3696 3693
f 3690 3689 3693 3694
f 3691 3690 3694 3695
f 3692 3691 3695 3696
f 3697 3698 3699 3700
f 3701 3702 3703 3704
f 3697 3700 3704 3701
f 3698 3697 3701 3702
f 3699 3698 3702 3703
f 3700 3699 3703 3704
f 3705 3706 3707 3708
f 3709 3710 3711 3712
f 3705 3708 3712 3709
f 3706 3705 3709 3710
f 3707 3706 3710 3711
f 3708 3707 3711 3712
f 3713 3714 3715 3716
f 3717 3718 3719 3720
f 3713 3716 3720 3717
f 3714 3713 3717 3718
f 3715 3714 3718 3719
f 3716 3715 3719 3720
f 3721 3722 3723 3724
f 3725 3726 3727 3728
f 3721 3724 3728 3725
f 3722 3721 3725 3726
f 3723 3722 3726 3727
f 3724 3723 3727 3728
f 3729 3730 3731 3732
f 3733 3734 3735 3736
f 3729 3732 3736 3733
f 3730 3729 3733 3734
f 3731 3730 3734 3735
f 3732 3731 3735 3736
f 3737 3738 3739 3740
f 3741 3742 3743 3744
f 3737 3740 3744 3741
f 3738 3737 3741 3742
f 3739 3738 3742 3743
f 3740 3739 3743 3744
f 3745 3746 3747 3748
f 3749 3750 3751 3752
f 3745 3748 3752 3749
f 3746 3745 3749 3750
f 3747 3746 3750 3751
f 3748 3747 3751 3752
f 3753 3754 3755 3756
f 3757 3758 3759 3760
f 3753 3756 3760 3757
f 3754 3753 3757 3758
f 3755 3754 3758 3759
f 3756 3755 3759 3760
f 3761 3762 3763 3764
f 3765 3766 3767 3768
f 3761 3764 3768 3765
f 3762 3761 3765 3766
f 3763 3762 3766 3767
f 3764 3763 3767 3768
f 3769 3770 3771 3772
f 3773 3774 3775 3776
f 3769 3772 3776 3773
f 3770 3769 3773 3774
f 3771 3770 3774 3775
f 3772 3771 3775 3776
f 3777 3778 3779 3780
f 3781 3782 3783 3784
f 3777 3780 3784 3781
f 3778 3777 3781 3782
f 3779 3778 3782 3783
f 3780 3779 3783 3784
f 3785 3786 3787 3788
f 3789 3790 3791 3792
f 3785 3788 3792 3789
f 3786 3785 3789 3790
f 3787 3786 3790 3791
f 3788 3787 3791 3792
f 3793 3794 3795 3796
f 3797 3798 3799 3800
f 3793 3796 3800 3797
f 3794 3793 3797 3798
f 3795 3794 3798 3799
f 3796 3795 3799 3800
f 3801 3802 3803 3804
f 3805 3806 3807 3808
f 3801 3804 3808 3805
f 3802 3801 3805 3806
f 3803 3802 3806 3807
f 3804 3803 3807 3808
f 3809 3810 3811 3812
f 3813 3814 3815 3816
f 3809 3812 3816 3813
f 3810 3809 3813 3814
f 3811 3810 3814 3815
f 3812 3811 3815 3816
f 3817 3818 3819 3820
f 3821 3822 3823 3824
f 3817 3820 3824 3821
f 3818 3817 3821 3822
f 3819 3818 3822 3823
f 3820 3819 3823 3824
f 3825 3826 3827 3828
f 3829 3830 3831 3832
f 3825 3828 3832 3829
f 3826 3825 3829 3830
f 3827 3826 3830 3831
f 3828 3827 3831 3832
f 3833 3834 3835 3836
f 3837 3838 3839 3840
f 3833 3836 3840 3837
f 3834 3833 3837 3838
f 3835 3834 3838 3839
f 3836 3835 3839 3840
f 3841 3842 3843 3844
f 3845 3846 3847 3848
f 3841 3844 3848 3845
f 3842 3841 3845 3846
f 3843 3842 3846 3847
f 3844 3843 3847 3848
f 3849 3850 3851 3852
f 3853 3854 3855 3856
f 3849 3852 3856 3853
f 3850 3849 3853 3854
f 3851 3850 3854 3855
f 3852 3851 3855 3856
f 3857 3858 3859 3860
f 3861 3862 3863 3864
f 3857 3860 3864 3861
f 3858 3857 3861 3862
f 3859 3858 3862 3863
f 3860 3859 3863 3864
f 3865 3866 3867 3868
f 3869 3870 3871 3872
f 3865 3868 3872 3869
f 3866 3865 3869 3870
f 3867 3866 3870 3871
f 3868 3867 3871 3872
f 3873 3874 3875 3876
f 3877 3878 3879 3880
f 3873 3876 3880 3877
f 3874 3873 3877 3878
f 3875 3874 3878 3879
f 3876 3875 3879 3880
f 3881 3882 3883 3884
f 3885 3886 3887 3888
f 3881 3884 3888 3885
f 3882 3881 3885 3886
f 3883 3882 3886 3887
f 3884 3883 3887 3888
f 3889 3890 3891 3892
f 3893 3894 3895 3896
f 3889 3892 3896 3893
f 3890 3889 3893 3894
f 3891 3890 3894 3895
f 3892 3891 3895 3896
f 3897 3898 3899 3900
f 3901 3902 3903 3904
f 3897 3900 3904 3901
f 3898 3897 3901 3902
f 3899 3898 3902 3903
f 3900 3899 3903 3904
f 3905 3906 3907 3908
f 3909 3910 3911 3912
f 3905 3908 3912 3909
f 3906 3905 3909 3910
f 3907 3906 3910 3911
f 3908 3907 3911 3912
f 3913 3914 3915 3916
f 3917 3918 3919 3920
f 3913 3916 3920 3917
f 3914 3913 3917 3918
f 3915 3914 3918 3919
f 3916 3915 3919 3920
f 3921 3922 3923 3924
f 3925 3926 3927 3928
f 3921 3924 3928 3925
f 3922 3921 3925 3926
f 3923 3922 3926 3927
f 3924 3923 3927 3928
f 3929 3930 3931 3932
f 3933 3934 3935 3936
f 3929 3932 3936 3933
f 3930 3929 3933 3934
f 3931 3930 3934 3935
f 3932 3931 3935 3936
f 3937 3938 3939 3940
f 3941 3942 3943 3944
f 3937 3940 3944 3941
f 3938 3937 3941 3942
f 3939 3938 3942 3943
f 3940 3939 3943 3944
f 3945 3946 3947 3948
f 3949 3950 3951 3952
f 3945 3948 3952 3949
f 3946 3945 3949 3950
f 3947 3946 3950 3951
f 3948 3947 3951 3952
f 3953 3954 3955 3956
f 3957 3958 3959 3960
f 3953 3956 3960 3957
f 3954 3953 3957 3958
f 3955 3954 3958 3959
f 3956 3955 3959 3960
f 3961 3962 3963 3964
f 3965 3966 3967 3968
f 3961 3964 3968 3965
f 3962 3961 3965 3966
f 3963 3962 3966 3967
f 3964 3963 3967 3968
f 3969 3970 3971 3972
f 3973 3974 3975 3976
f 3969 3972 3976 3973
f 3970 3969 3973 3974
f 3971 3970 3974 3975
f 3972 3971 3975 3976
f 3977 3978 3979 3980
f 3981 3982 3983 3984
f 3977 3980 3984 3981
f 3978 3977 3981 3982
f 3979 3978 3982 3983
f 3980 3979 3983 3984
f 3985 3986 3987 3988
f 3989 3990 3991 3992
f 3985 3988 3992 3989
f 3986 3985 3989 3990
f 3987 3986 3990 3991
f 3988 3987 3991 3992
f 3993 3994 3995 3996
f 3997 3998 3999 4000
f 3993 3996 4000 3997
f 3994 3993 3997 3998
f 3995 3994 3998 3999
f 3996 3995 3999 4000
f 4001 4002 4003 4004
f 4005 4006 4007 4008
f 4001 4004 4008 4005
f 4002 4001 4005 4006
f 4003 4002 4006 4007
f 4004 4003 4007 4008
f 4009 4010 4011 4012
f 4013 4014 4015 4016
f 4009 4012 4016 4013
f 4010 4009 4013 4014
f 4011 4010 4014 4015
f 4012 4011 4015 4016
f 4017 4018 4019 4020
f 4021 4022 4023 4024
f 4017 4020 4024 4021
f 4018 4017 4021 4022
f 4019 4018 4022 4023
f 4020 4019 4023 4024
f 4025 4026 4027 4028
f 4029 4030 4031 4032
f 4025 4028 4032 4029
f 4026 4025 4029 4030
f 4027 4026 4030 4031
f 4028 4027 4031 4032
f 4033 4034 4035 4036
f 4037 4038 4039 4040
f 4033 4036 4040 4037
f 4034 4033 4037 4038
f 4035 4034 4038 4039
f 4036 4035 4039 4040
f 4041 4042 4043 4044
f 4045 4046 4047 4048
f 4041 4044 4048 4045
f 4042 4041 4045 4046
f 4043 4042 4046 4047
f 4044 4043 4047 4048
f 4049 4050 4051 4052
f 4053 4054 4055 4056
f 4049 4052 4056 4053
f 4050 4049 4053 4054
f 4051 4050 4054 4055
f 4052 4051 4055 4056
f 4057 4058 4059 4060
f 4061 4062 4063 4064
f 4057 4060 4064 4061
f 4058 4057 4061 4062
f 4059 4058 4062 4063
f 4060 4059 4063 4064
f 4065 4066 4067 4068
f 4069 4070 4071 4072
f 4065 4068 4072 4069
f 4066 4065 4069 4070
f 4067 4066 4070 4071
f 4068 4067 4071 4072
f 4073 4074 4075 4076
f 4077 4078 4079 4080
f 4073 4076 4080 4077
f 4074 4073 4077 4078
f 4075 4074 4078 4079
f 4076 4075 4079 4080
f 4081 4082 4083 4084
f 4085 4086 4087 4088
f 4081 4084 4088 4085
f 4082 4081 4085 4086
f 4083 4082 4086 4087
f 4084 4083 4087 4088
f 4089 4090 4091 4092
f 4093 4094 4095 4096
f 4089 4092 4096 4093
f 4090 4089 4093 4094
f 4091 4090 4094 4095
f 4092 4091 4095 4096
f 4097 4098 4099 4100
f 4101 4102 4103 4104
f 4097 4100 4104 4101
f 4098 4097 4101 4102
f 4099 4098 4102 4103
f 4100 4099 4103 4104
f 4105 4106 4107 4108
f 4109 4110 4111 4112
f 4105 4108 4112 4109
f 4106 4105 4109 4110
f 4107 4106 4110 4111
f 4108 4107 4111 4112
f 4113 4114 4115 4116
f 4117 4118 4119 4120
f 4113 4116 4120 4117
f 4114 4113 4117 4118
f 4115 4114 4118 4119
f 4116 4115 4119 4120
f 4121 4122 4123 4124
f 4125 4126 4127 4128
f 4121 4124 4128 4125
f 4122 4121 4125 4126
f 4123 4122 4126 4127
f 4124 4123 4127 4128
f 4129 4130 4131 4132
f 4133 4134 4135 4136
f 4129 4132 4136 4133
f 4130 4129 4133 4134
f 4131 4130 4134 4135
f 4132 4131 4135 4136
f 4137 4138 4139 4140
f 4141 4142 4143 4144
f 4137 4140 4144 4141
f 4138 4137 4141 4142
f 4139 4138 4142 4143
f 4140 4139 4143 4144
f 4145 4146 4147 4148
f 4149 4150 4151 4152
f 4145 4148 4152 4149
f 4146 4145 4149 4150
f 4147 4146 4150 4151
f 4148 4147 4151 4152
f 4153 4154 4155 4156
f 4157 4158 4159 4160
f 4153 4156 4160 4157
f 4154 4153 4157 4158
f 4155 4154 4158 4159
f 4156 4155 4159 4160
f 4161 4162 4163 4164
f 4165 4166 4167 4168
f 4161 4164 4168 4165
f 4162 4161 4165 4166
f 4163 4162 4166 4167
f 4164 4163 4167 4168
f 4169 4170 4171 4172
f 4173 4174 4175 4176
f 4169 4172 4176 4173
f 4170 4169 4173 4174
f 4171 4170 4174 4175
f 4172 4171 4175 4176
f 4177 4178 4179 4180
f 4181 4182 4183 4184
f 4177 4180 4184 4181
f 4178 4177 4181 4182
f 4179 4178 4182 4183
f 4180 4179 4183 4184
f 4185 4186 4187 4188
f 4189 4190 4191 4192
f 4185 4188 4192 4189
f 4186 4185 4189 4190
f 4187 4186 4190 4191
f 4188 4187 4191 4192
f 4193 4194 4195 4196
f 4197 4198 4199 4200
f 4193 4196 4200 4197
f 4194 4193 4197 4198
f 4195 4194 4198 4199
f 4196 4195 4199 4200
f 4201 4202 4203 4204
f 4205 4206 4207 4208
f 4201 4204 4208 4205
f 4202 4201 4205 4206
f 4203 4202 4206 4207
f 4204 4203 4207 4208
f 4209 4210 4211 4212
f 4213 4214 4215 4216
f 4209 4212 4216 4213
f 4210 4209 4213 4214
f 4211 4210 4214 4215
f 4212 4211 4215 4216
f 4217 4218 4219 4220
f 4221 4222 4223 4224
f 4217 4220 4224 4221
f 4218 4217 4221 4222
f 4219 4218 4222 4223
f 4220 4219 4223 4224
f 4225 4226 4227 4228
f 4229 4230 4231 4232
f 4225 4228 4232 4229
f 4226 4225 4229 4230
f 4227 4226 4230 4231
f 4228 4227 4231 4232
f 4233 4234 4235 4236
f 4237 4238 4239 4240
f 4233 4236 4240 4237
f 4234 4233 4237 4238
f 4235 4234 4238 4239
f 4236 4235 4239 4240
f 4241 4242 4243 4244
f 4245 4246 4247 4248
f 4241 4244 4248 4245
f 4242 4241 4245 4246
f 4243 4242 4246 4247
f 4244 4243 4247 4248
f 4249 4250 4251 4252
f 4253 4254 4255 4256
f 4249 4252 4256 4253
f 4250 4249 4253 4254
f 4251 4250 4254 4255
f 4252 4251 4255 4256
f 4257 4258 4259 4260
f 4261 4262 4263 4264
f 4257 4260 4264 4261
f 4258 4257 4261 4262
f 4259 4258 4262 4263
f 4260 4259 4263 4264
f 4265 4266 4267 4268
f 4269 4270 4271 4272
f 4265 4268 4272 4269
f 4266 4265 4269 4270
f 4267 4266 4270 4271
f 4268 4267 4271 4272
f 4273 4274 4275 4276
f 4277 4278 4279 4280
f 4273 4276 4280 4277
f 4274 4273 4277 4278
f 4275 4274 4278 4279
f 4276 4275 4279 4280
f 4281 4282 4283 4284
f 4285 4286 4287 4288
f 4281 4284 4288 4285
f 4282 4281 4285 4286
f 4283 4282 4286 4287
f 4284 4283 4287 4288
f 4289 4290 4291 4292
f 4293 4294 4295 4296
f 4289 4292 4296 4293
f 4290 4289 4293 4294
f 4291 4290 4294 4295
f 4292 4291 4295 4296
f 4297 4298 4299 4300
f 4301 4302 4303 4304
f 4297 4300 4304 4301
f 4298 4297 4301 4302
f 4299 4298 4302 4303
f 4300 4299 4303 4304
f 4305 4306 4307 4308
f 4309 4310 4311 4312
f 4305 4308 4312 4309
f 4306 4305 4309 4310
f 4307 4306 4310 4311
f 4308 4307 4311 4312
f 4313 4314 4315 4316
f 4317 4318 4319 4320
f 4313 4316 4320 4317
f 4314 4313 4317 4318
f 4315 4314 4318 4319
f 4316 4315 4319 4320
f 4321 4322 4323 4324
f 4325 4326 4327 4328
f 4321 4324 4328 4325
f 4322 4321 4325 4326
f 4323 4322 4326 4327
f 4324 4323 4327 4328
f 4329 4330 4331 4332
f 4333 4334 4335 4336
f 4329 4332 4336 4333
f 4330 4329 4333 4334
f 4331 4330 4334 4335
f 4332 4331 4335 4336
f 4337 4338 4339 4340
f 4341 4342 4343 4344
f 4337 4340 4344 4341
f 4338 4337 4341 4342
f 4339 4338 4342 4343
f 4340 4339 4343 4344
f 4345 4346 4347 4348
f 4349 4350 4351 4352
f 4345 4348 4352 4349
f 4346 4345 4349 4350
f 4347 4346 4350 4351
f 4348 4347 4351 4352
f 4353 4354 4355 4356
f 4357 4358 4359 4360
f 4353 4356 4360 4357
f 4354 4353 4357 4358
f 4355 4354 4358 4359
f 4356 4355 4359 4360
f 4361 4362 4363 4364
f 4365 4366 4367 4368
f 4361 4364 4368 4365
f 4362 4361 4365 4366
f 4363 4362 4366 4367
f 4364 4363 4367 4368
f 4369 4370 4371 4372
f 4373 4374 4375 4376
f 4369 4372 4376 4373
f 4370 4369 4373 4374
f 4371 4370 4374 4375
f 4372 4371 4375 4376
f 4377 4378 4379 4380
f 4381 4382 4383 4384
f 4377 4380 4384 4381
f 4378 4377 4381 4382
f 4379 4378 4382 4383
f 4380 4379 4383 4384
f 4385 4386 4387 4388
f 4389 4390 4391 4392
f 4385 4388 4392 4389
f 4386 4385 4389 4390
f 4387 4386 4390 4391
f 4388 4387 4391 4392
f 4393 4394 4395 4396
f 4397 4398 4399 4400
f 4393 4396 4400 4397
f 4394 4393 4397 4398
f 4395 4394 4398 4399
f 4396 4395 4399 4400
f 4401 4402 4403 4404
f 4405 4406 4407 4408
f 4401 4404 4408 4405
f 4402 4401 4405 4406
f 4403 4402 4406 4407
f 4404 4403 4407 4408
f 4409 4410 4411 4412
f 4413 4414 4415 4416
f 4409 4412 4416 4413
f 4410 4409 4413 4414
f 4411 4410 4414 4415
f 4412 4411 4415 4416
f 4417 4418 4419 4420
f 4421 4422 4423 4424
f 4417 4420 4424 4421
f 4418 4417 4421 4422
f 4419 4418 4422 4423
f 4420 4419 4423 4424
f 4425 4426 4427 4428
f 4429 4430 4431 4432
f 4425 4428 4432 4429
f 4426 4425 4429 4430
f 4427 4426 4430 4431
f 4428 4427 4431 4432
f 4433 4434 4435 4436
f 4437 4438 4439 4440
f 4433 4436 4440 4437
f 4434 4433 4437 4438
f 4435 4434 4438 4439
f 4436 4435 4439 4440
f 4441 4442 4443 4444
f 4445 4446 4447 4448
f 4441 4444 4448 4445
f 4442 4441 4445 4446
f 4443 4442 4446 4447
f 4444 4443 4447 4448
f 4449 4450 4451 4452
f 4453 4454 4455 4456
f 4449 4452 4456 4453
f 4450 4449 4453 4454
f 4451 4450 4454 4455
f 4452 4451 4455 4456
f 4457 4458 4459 4460
f 4461 4462 4463 4464
f 4457 4460 4464 4461
f 4458 4457 4461 4462
f 4459 4458 4462 4463
f 4460 4459 4463 4464
f 4465 4466 4467 4468
f 4469 4470 4471 4472
f 4465 4468 4472 4469
f 4466 4465 4469 4470
f 4467 4466 4470 4471
f 4468 4467 4471 4472
f 4473 4474 4475 4476
f 4477 4478 4479 4480
f 4473 4476 4480 4477
f 4474 4473 4477 4478
f 4475 4474 4478 4479
f 4476 4475 4479 4480
f 4481 4482 4483 4484
f 4485 4486 4487 4488
f 4481 4484 4488 4485
f 4482 4481 4485 4486
f 4483 4482 4486 4487
f 4484 4483 4487 4488
f 4489 4490 4491 4492
f 4493 4494 4495 4496
f 4489 4492 4496 4493
f 4490 4489 4493 4494
f 4491 4490 4494 4495
f 4492 4491 4495 4496
f 4497 4498 4499 4500
f 4501 4502 4503 4504
f 4497 4500 4504 4501
f 4498 4497 4501 4502
f 4499 4498 4502 4503
f 4500 4499 4503 4504
f 4505 4506 4507 4508
f 4509 4510 4511 4512
f 4505 4508 4512 4509
f 4506 4505 4509 4510
f 4507 4506 4510 4511
f 4508 4507 4511 4512
f 4513 4514 4515 4516
f 4517 4518 4519 4520
f 4513 4516 4520 4517
f 4514 4513 4517 4518
f 4515 4514 4518 4519
f 4516 4515 4519 4520
f 4521 4522 4523 4524
f 4525 4526 4527 4528
f 4521 4524 4528 4525
f 4522 4521 4525 4526
f 4523 4522 4526 4527
f 4524 4523 4527 4528
f 4529 4530 4531 4532
f 4533 4534 4535 4536
f 4529 4532 4536 4533
f 4530 4529 4533 4534
f 4531 4530 4534 4535
f 4532 4531 4535 4536
f 4537 4538 4539 4540
f 4541 4542 4543 4544
f 4537 4540 4544 4541
f 4538 4537 4541 4542
f 4539 4538 4542 4543
f 4540 4539 4543 4544
f 4545 4546 4547 4548
f 4549 4550 4551 4552
f 4545 4548 4552 4549
f 4546 4545 4549 4550
f 4547 4546 4550 4551
f 4548 4547 4551 4552
f 4553 4554 4555 4556
f 4557 4558 4559 4560
f 4553 4556 4560 4557
f 4554 4553 4557 4558
f 4555 4554 4558 4559
f 4556 4555 4559 4560
f 4561 4562 4563 4564
f 4565 4566 4567 4568
f 4561 4564 4568 4565
f 4562 4561 4565 4566
f 4563 4562 4566 4567
f 4564 4563 4567 4568
f 4569 4570 4571 4572
f 4573 4574 4575 4576
f 4569 4572 4576 4573
f 4570 4569 4573 4574
f 4571 4570 4574 4575
f 4572 4571 4575 4576
f 4577 4578 4579 4580
f 4581 4582 4583 4584
f 4577 4580 4584 4581
f 4578 4577 4581 4582
f 4579 4578 4582 4583
f 4580 4579 4583 4584
f 4585 4586 4587 4588
f 4589 4590 4591 4592
f 4585 4588 4592 4589
f 4586 4585 4589 4590
f 4587 4586 4590 4591
f 4588 4587 4591 4592
f 4593 4594 4595 4596
f 4597 4598 4599 4600
f 4593 4596 4600 4597
f 4594 4593 4597 4598
f 4595 4594 4598 4599
f 4596 4595 4599 4600
f 4601 4602 4603 4604
f 4605 4606 4607 4608
f 4601 4604 4608 4605
f 4602 4601 4605 4606
f 4603 4602 4606 4607
f 4604 4603 4607 4608
f 4609 4610 4611 4612
f 4613 4614 4615 4616
f 4609 4612 4616 4613
f 4610 4609 4613 4614
f 4611 4610 4614 4615
f 4612 4611 4615 4616
f 4617 4618 4619 4620
f 4621 4622 4623 4624
f 4617 4620 4624 4621
f 4618 4617 4621 4622
f 4619 4618 4622 4623
f 4620 4619 4623 4624
f 4625 4626 4627 4628
f 4629 4630 4631 4632
f 4625 4628 4632 4629
f 4626 4625 4629 4630
f 4627 4626 4630 4631
f 4628 4627 4631 4632
f 4633 4634 4635 4636
f 4637 4638 4639 4640
f 4633 4636 4640 4637
f 4634 4633 4637 4638
f 4635 4634 4638 4639
f 4636 4635 4639 4640
f 4641 4642 4643 4644
f 4645 4646 4647 4648
f 4641 4644 4648 4645
f 4642 4641 4645 4646
f 4643 4642 4646 4647
f 4644 4643 4647 4648
f 4649 4650 4651 4652
f 4653 4654 4655 4656
f 4649 4652 4656 4653
f 4650 4649 4653 4654
f 4651 4650 4654 4655
f 4652 4651 4655 4656
f 4657 4658 4659 4660
f 4661 4662 4663 4664
f 4657 4660 4664 4661
f 4658 4657 4661 4662
f 4659 4658 4662 4663
f 4660 4659 4663 4664
f 4665 4666 4667 4668
f 4669 4670 4671 4672
f 4665 4668 4672 4669
f 4666 4665 4669 4670
f 4667 4666 4670 4671
f 4668 4667 4671 4672
f 4673 4674 4675 4676
f 4677 4678 4679 4680
f 4673 4676 4680 4677
f 4674 4673 4677 4678
f 4675 4674 4678 4679
f 4676 4675 4679 4680
f 4681 4682 4683 4684
f 4685 4686 4687 4688
f 4681 4684 4688 4685
f 4682 4681 4685 4686
f 4683 4682 4686 4687
f 4684 4683 4687 4688
f 4689 4690 4691 4692
f 4693 4694 4695 4696
f 4689 4692 4696 4693
f 4690 4689 4693 4694
f 4691 4690 4694 4695
f 4692 4691 4695 4696
f 4697 4698 4699 4700
f 4701 4702 4703 4704
f 4697 4700 4704 4701
f 4698 4697 4701 4702
f 4699 4698 4702 4703
f 4700 4699 4703 4704
f 4705 4706 4707 4708
f 4709 4710 4711 4712
f 4705 4708 4712 4709
f 4706 4705 4709 4710
f 4707 4706 4710 4711
f 4708 4707 4711 4712
f 4713 4714 4715 4716
f 4717 4718 4719 4720
f 4713 4716 4720 4717
f 4714 4713 4717 4718
f 4715 4714 4718 4719
f 4716 4715 4719 4720
f 4721 4722 4723 4724
f 4725 4726 4727 4728
f 4721 4724 4728 4725
f 4722 4721 4725 4726
f 4723 4722 4726 4727
f 4724 4723 4727 4728
f 4729 4730 4731 4732
f 4733 4734 4735 4736
f 4729 4732 4736 4733
f 4730 4729 4733 4734
f 4731 4730 4734 4735
f 4732 4731 4735 4736
f 4737 4738 4739 4740
f 4741 4742 4743 4744
f 4737 4740 4744 4741
f 4738 4737 4741 4742
f 4739 4738 4742 4743
f 4740 4739 4743 4744
f 4745 4746 4747 4748
f 4749 4750 4751 4752
f 4745 4748 4752 4749
f 4746 4745 4749 4750
f 4747 4746 4750 4751
f 4748 4747 4751 4752
f 4753 4754 4755 4756
f 4757 4758 4759 4760
f 4753 4756 4760 4757
f 4754 4753 4757 4758
f 4755 4754 4758 4759
f 4756 4755 4759 4760
f 4761 4762 4763 4764
f 4765 4766 4767 4768
f 4761 4764 4768 4765
f 4762 4761 4765 4766
f 4763 4762 4766 4767
f 4764 4763 4767 4768
f 4769 4770 4771 4772
f 4773 4774 4775 4776
f 4769 4772 4776 4773
f 4770 4769 4773 4774
f 4771 4770 4774 4775
f 4772 4771 4775 4776
f 4777 4778 4779 4780
f 4781 4782 4783 4784
f 4777 4780 4784 4781
f 4778 4777 4781 4782
f 4779 4778 4782 4783
f 4780 4779 4783 4784
f 4785 4786 4787 4788
f 4789 4790 4791 4792
f 4785 4788 4792 4789
f 4786 4785 4789 4790
f 4787 4786 4790 4791
f 4788 4787 4791 4792
f 4793 4794 4795 4796
f 4797 4798 4799 4800
f 4793 4796 4800 4797
f 4794 4793 4797 4798
f 4795 4794 4798 4799
f 4796 4795 4799 4800
f 4801 4802 4803 4804
f 4805 4806 4807 4808
f 4801 4804 4808 4805
f 4802 4801 4805 4806
f 4803 4802 4806 4807
f 4804 4803 4807 4808
f 4809 4810 4811 4812
f 4813 4814 4815 4816
f 4809 4812 4816 4813
f 4810 4809 4813 4814
f 4811 4810 4814 4815
f 4812 4811 4815 4816
f 4817 4818 4819 4820
f 4821 4822 4823 4824
f 4817 4820 4824 4821
f 4818 4817 4821 4822
f 4819 4818 4822 4823
f 4820 4819 4823 4824
f 4825 4826 4827 4828
f 4829 4830 4831 4832
f 4825 4828 4832 4829
f 4826 4825 4829 4830
f 4827 4826 4830 4831
f 4828 4827 4831 4832
f 4833 4834 4835 4836
f 4837 4838 4839 4840
f 4833 4836 4840 4837
f 4834 4833 4837 4838
f 4835 4834 4838 4839
f 4836 4835 4839 4840
f 4841 4842 4843 4844
f 4845 4846 4847 4848
f 4841 4844 4848 4845
f 4842 4841 4845 4846
f 4843 4842 4846 4847
f 4844 4843 4847 4848
f 4849 4850 4851 4852
f 4853 4854 4855 4856
f 4849 4852 4856 4853
f 4850 4849 4853 4854
f 4851 4850 4854 4855
f 4852 4851 4855 4856
f 4857 4858 4859 4860
f 4861 4862 4863 4864
f 4857 4860 4864 4861
f 4858 4857 4861 4862
f 4859 4858 4862 4863
f 4860 4859 4863 4864
f 4865 4866 4867 4868
f 4869 4870 4871 4872
f 4865 4868 4872 4869
f 4866 4865 4869 4870
f 4867 4866 4870 4871
f 4868 4867 4871 4872
f 4873 4874 4875 4876
f 4877 4878 4879 4880
f 4873 4876 4880 4877
f 4874 4873 4877 4878
f 4875 4874 4878 4879
f 4876 4875 4879 4880
f 4881 4882 4883 4884
f 4885 4886 4887 4888
f 4881 4884 4888 4885
f 4882 4881 4885 4886
f 4883 4882 4886 4887
f 4884 4883 4887 4888
f 4889 4890 4891 4892
f 4893 4894 4895 4896
f 4889 4892 4896 4893
f 4890 4889 4893 4894
f 4891 4890 4894 4895
f 4892 4891 4895 4896
f 4897 4898 4899 4900
f 4901 4902 4903 4904
f 4897 4900 4904 4901
f 4898 4897 4901 4902
f 4899 4898 4902 4903
f 4900 4899 4903 4904
f 4905 4906 4907 4908
f 4909 4910 4911 4912
f 4905 4908 4912 4909
f 4906 4905 4909 4910
f 4907 4906 4910 4911
f 4908 4907 4911 4912
f 4913 4914 4915 4916
f 4917 4918 4919 4920
f 4913 4916 4920 4917
f 4914 4913 4917 4918
f 4915 4914 4918 4919
f 4916 4915 4919 4920
f 4921 4922 4923 4924
f 4925 4926 4927 4928
f 4921 4924 4928 4925
f 4922 4921 4925 4926
f 4923 4922 4926 4927
f 4924 4923 4927 4928
f 4929 4930 4931 4932
f 4933 4934 4935 4936
f 4929 4932 4936 4933
f 4930 4929 4933 4934
f 4931 4930 4934 4935
f 4932 4931 4935 4936
f 4937 4938 4939 4940
f 4941 4942 4943 4944
f 4937 4940 4944 4941
f 4938 4937 4941 4942
f 4939 4938 4942 4943
f 4940 4939 4943 4944
f 4945 4946 4947 4948
f 4949 4950 4951 4952
f 4945 4948 4952 4949
f 4946 4945 4949 4950
f 4947 4946 4950 4951
f 4948 4947 4951 4952
f 4953 4954 4955 4956
f 4957 4958 4959 4960
f 4953 4956 4960 4957
f 4954 4953 4957 4958
f 4955 4954 4958 4959
f 4956 4955 4959 4960
f 4961 4962 4963 4964
f 4965 4966 4967 4968
f 4961 4964 4968 4965
f 4962 4961 4965 4966
f 4963 4962 4966 4967
f 4964 4963 4967 4968
f 4969 4970 4971 4972
f 4973 4974 4975 4976
f 4969 4972 4976 4973
f 4970 4969 4973 4974
f 4971 4970 4974 4975
f 4972 4971 4975 4976
f 4977 4978 4979 4980
f 4981 4982 4983 4984
f 4977 4980 4984 4981
f 4978 4977 4981 4982
f 4979 4978 4982 4983
f 4980 4979 4983 4984
f 4985 4986 4987 4988
f 4989 4990 4991 4992
f 4985 4988 4992 4989
f 4986 4985 4989 4990
f 4987 4986 4990 4991
f 4988 4987 4991 4992
f 4993 4994 4995 4996
f 4997 4998 4999 5000
f 4993 4996 5000 4997
f 4994 4993 4997 4998
f 4995 4994 4998 4999
f 4996 4995 4999 5000
f 5001 5002 5003 5004
f 5005 5006 5007 5008
f 5001 5004 5008 5005
f 5002 5001 5005 5006
f 5003 5002 5006 5007
f 5004 5003 5007 5008
f 5009 5010 5011 5012
f 5013 5014 5015 5016
f 5009 5012 5016 5013
f 5010 5009 5013 5014
f 5011 5010 5014 5015
f 5012 5011 5015 5016
f 5017 5018 5019 5020
f 5021 5022 5023 5024
f 5017 5020 5024 5021
f 5018 5017 5021 5022
f 5019 5018 5022 5023
f 5020 5019 5023 5024
f 5025 5026 5027 5028
f 5029 5030 5031 5032
f 5025 5028 5032 5029
f 5026 5025 5029 5030
f 5027 5026 5030 5031
f 5028 5027 5031 5032
f 5033 5034 5035 5036
f 5037 5038 5039 5040
f 5033 5036 5040 5037
f 5034 5033 5037 5038
f 5035 5034 5038 5039
f 5036 5035 5039 5040
f 5041 5042 5043 5044
f 5045 5046 5047 5048
f 5041 5044 5048 5045
f 5042 5041 5045 5046
f 5043 5042 5046 5047
f 5044 5043 5047 5048
f 5049 5050 5051 5052
f 5053 5054 5055 5056
f 5049 5052 5056 5053
f 5050 5049 5053 5054
f 5051 5050 5054 5055
f 5052 5051 5055 5056
f 5057 5058 5059 5060
f 5061 5062 5063 5064
f 5057 5060 5064 5061
f 5058 5057 5061 5062
f 5059 5058 5062 5063
f 5060 5059 5063 5064
f 5065 5066 5067 5068
f 5069 5070 5071 5072
f 5065 5068 5072 5069
f 5066 5065 5069 5070
f 5067 5066 5070 5071
f 5068 5067 5071 5072
f 5073 5074 5075 5076
f 5077 5078 5079 5080
f 5073 5076 5080 5077
f 5074 5073 5077 5078
f 5075 5074 5078 5079
f 5076 5075 5079 5080
f 5081 5082 5083 5084
f 5085 5086 5087 5088
f 5081 5084 5088 5085
f 5082 5081 5085 5086
f 5083 5082 5086 5087
f 5084 5083 5087 5088
f 5089 5090 5091 5092
f 5093 5094 5095 5096
f 5089 5092 5096 5093
f 5090 5089 5093 5094
f 5091 5090 5094 5095
f 5092 5091 5095 5096
f 5097 5098 5099 5100
f 5101 5102 5103 5104
f 5097 5100 5104 5101
f 5098 5097 5101 5102
f 5099 5098 5102 5103
f 5100 5099 5103 5104
f 5105 5106 5107 5108
f 5109 5110 5111 5112
f 5105 5108 5112 5109
f 5106 5105 5109 5110
f 5107 5106 5110 5111
f 5108 5107 5111 5112
f 5113 5114 5115 5116
f 5117 5118 5119 5120
f 5113 5116 5120 5117
f 5114 5113 5117 5118
f 5115 5114 5118 5119
f 5116 5115 5119 5120
f 5121 5122 5123 5124
f 5125 5126 5127 5128
f 5121 5124 5128 5125
f 5122 5121 5125 5126
f 5123 5122 5126 5127
f 5124 5123 5127 5128
f 5129 5130 5131 5132
f 5133 5134 5135 5136
f 5129 5132 5136 5133
f 5130 5129 5133 5134
f 5131 5130 5134 5135
f 5132 5131 5135 5136
f 5137 5138 5139 5140
f 5141 5142 5143 5144
f 5137 5140 5144 5141
f 5138 5137 5141 5142
f 5139 5138 5142 5143
f 5140 5139 5143 5144
f 5145 5146 5147 5148
f 5149 5150 5151 5152
f 5145 5148 5152 5149
f 5146 5145 5149 5150
f 5147 5146 5150 5151
f 5148 5147 5151 5152
f 5153 5154 5155 5156
f 5157 5158 5159 5160
f 5153 5156 5160 5157
f 5154 5153 5157 5158
f 5155 5154 5158 5159
f 5156 5155 5159 5160
f 5161 5162 5163 5164
f 5165 5166 5167 5168
f 5161 5164 5168 5165
f 5162 5161 5165 5166
f 5163 5162 5166 5167
f 5164 5163 5167 5168
f 5169 5170 5171 5172
f 5173 5174 5175 5176
f 5169 5172 5176 5173
f 5170 5169 5173 5174
f 5171 5170 5174 5175
f 5172 5171 5175 5176
f 5177 5178 5179 5180
f 5181 5182 5183 5184
f 5177 5180 5184 5181
f 5178 5177 5181 5182
f 5179 5178 5182 5183
f 5180 5179 5183 5184
f 5185 5186 5187 5188
f 5189 5190 5191 5192
f 5185 5188 5192 5189
f 5186 5185 5189 5190
f 5187 5186 5190 5191
f 5188 5187 5191 5192
f 5193 5194 5195 5196
f 5197 5198 5199 5200
f 5193 5196 5200 5197
f 5194 5193 5197 5198
f 5195 5194 5198 5199
f 5196 5195 5199 5200
f 5201 5202 5203 5204
f 5205 5206 5207 5208
f 5201 5204 5208 5205
f 5202 5201 5205 5206
f 5203 5202 5206 5207
f 5204 5203 5207 5208
f 5209 5210 5211 5212
f 5213 5214 5215 5216
f 5209 5212 5216 5213
f 5210 5209 5213 5214
f 5211 5210 5214 5215
f 5212 5211 5215 5216
f 5217 5218 5219 5220
f 5221 5222 5223 5224
f 5217 5220 5224 5221
f 5218 5217 5221 5222
f 5219 5218 5222 5223
f 5220 5219 5223 5224
f 5225 5226 5227 5228
f 5229 5230 5231 5232
f 5225 5228 5232 5229
f 5226 5225 5229 5230
f 5227 5226 5230 5231
f 5228 5227 5231 5232
f 5233 5234 5235 5236
f 5237 5238 5239 5240
f 5233 5236 5240 5237
f 5234 5233 5237 5238
f 5235 5234 5238 5239
f 5236 5235 5239 5240
f 5241 5242 5243 5244
f 5245 5246 5247 5248
f 5241 5244 5248 5245
f 5242 5241 5245 5246
f 5243 5242 5246 5247
f 5244 5243 5247 5248
f 5249 5250 5251 5252
f 5253 5254 5255 5256
f 5249 5252 5256 5253
f 5250 5249 5253 5254
f 5251 5250 5254 5255
f 5252 5251 5255 5256
f 5257 5258 5259 5260
f 5261 5262 5263 5264
f 5257 5260 5264 5261
f 5258 5257 5261 5262
f 5259 5258 5262 5263
f 5260 5259 5263 5264
f 5265 5266 5267 5268
f 5269 5270 5271 5272
f 5265 5268 5272 5269
f 5266 5265 5269 5270
f 5267 5266 5270 5271
f 5268 5267 5271 5272
f 5273 5274 5275 5276
f 5277 5278 5279 5280
f 5273 5276 5280 5277
f 5274 5273 5277 5278
f 5275 5274 5278 5279
f 5276 5275 5279 5280
f 5281 5282 5283 5284
f 5285 5286 5287 5288
f 5281 5284 5288 5285
f 5282 5281 5285 5286
f 5283 5282 5286 5287
f 5284 5283 5287 5288
f 5289 5290 5291 5292
f 5293 5294 5295 5296
f 5289 5292 5296 5293
f 5290 5289 5293 5294
f 5291 5290 5294 5295
f 5292 5291 5295 5296
f 5297 5298 5299 5300
f 5301 5302 5303 5304
f 5297 5300 5304 5301
f 5298 5297 5301 5302
f 5299 5298 5302 5303
f 5300 5299 5303 5304
f 5305 5306 5307 5308
f 5309 5310 5311 5312
f 5305 5308 5312 5309
f 5306 5305 5309 5310
f 5307 5306 5310 5311
f 5308 5307 5311 5312
f 5313 5314 5315 5316
f 5317 5318 5319 5320
f 5313 5316 5320 5317
f 5314 5313 5317 5318
f 5315 5314 5318 5319
f 5316 5315 5319 5320
f 5321 5322 5323 5324
f 5325 5326 5327 5328
f 5321 5324 5328 5325
f 5322 5321 5325 5326
f 5323 5322 5326 5327
f 5324 5323 5327 5328
f 5329 5330 5331 5332
f 5333 5334 5335 5336
f 5329 5332 5336 5333
f 5330 5329 5333 5334
f 5331 5330 5334 5335
f 5332 5331 5335 5336
f 5337 5338 5339 5340
f 5341 5342 5343 5344
f 5337 5340 5344 5341
f 5338 5337 5341 5342
f 5339 5338 5342 5343
f 5340 5339 5343 5344
f 5345 5346 5347 5348
f 5349 5350 5351 5352
f 5345 5348 5352 5349
f 5346 5345 5349 5350
f 5347 5346 5350 5351
f 5348 5347 5351 5352
f 5353 5354 5355 5356
f 5357 5358 5359 5360
f 5353 5356 5360 5357
f 5354 5353 5357 5358
f 5355 5354 5358 5359
f 5356 5355 5359 5360
f 5361 5362 5363 5364
f 5365 5366 5367 5368
f 5361 5364 5368 5365
f 5362 5361 5365 5366
f 5363 5362 5366 5367
f 5364 5363 5367 5368
f 5369 5370 5371 5372
f 5373 5374 5375 5376
f 5369 5372 5376 5373
f 5370 5369 5373 5374
f 5371 5370 5374 5375
f 5372 5371 5375 5376
f 5377 5378 5379 5380
f 5381 5382 5383 5384
f 5377 5380 5384 5381
f 5378 5377 5381 5382
f 5379 5378 5382 5383
f 5380 5379 5383 5384
f 5385 5386 5387 5388
f 5389 5390 5391 5392
f 5385 5388 5392 5389
f 5386 5385 5389 5390
f 5387 5386 5390 5391
f 5388 5387 5391 5392
f 5393 5394 5395 5396
f 5397 5398 5399 5400
f 5393 5396 5400 5397
f 5394 5393 5397 5398
f 5395 5394 5398 5399
f 5396 5395 5399 5400
f 5401 5402 5403 5404
f 5405 5406 5407 5408
f 5401 5404 5408 5405
f 5402 5401 5405 5406
f 5403 5402 5406 5407
f 5404 5403 5407 5408
f 5409 5410 5411 5412
f 5413 5414 5415 5416
f 5409 5412 5416 5413
f 5410 5409 5413 5414
f 5411 5410 5414 5415
f 5412 5411 5415 5416
f 5417 5418 5419 5420
f 5421 5422 5423 5424
f 5417 5420 5424 5421
f 5418 5417 5421 5422
f 5419 5418 5422 5423
f 5420 5419 5423 5424
f 5425 5426 5427 5428
f 5429 5430 5431 5432
f 5425 5428 5432 5429
f 5426 5425 5429 5430
f 5427 5426 5430 5431
f 5428 5427 5431 5432
f 5433 5434 5435 5436
f 5437 5438 5439 5440
f 5433 5436 5440 5437
f 5434 5433 5437 5438
f 5435 5434 5438 5439
f 5436 5435 5439 5440
f 5441 5442 5443 5444
f 5445 5446 5447 5448
f 5441 5444 5448 5445
f 5442 5441 5445 5446
f 5443 5442 5446 5447
f 5444 5443 5447 5448
f 5449 5450 5451 5452
f 5453 5454 5455 5456
f 5449 5452 5456 5453
f 5450 5449 5453 5454
f 5451 5450 5454 5455
f 5452 5451 5455 5456
f 5457 5458 5459 5460
f 5461 5462 5463 5464
f 5457 5460 5464 5461
f 5458 5457 5461 5462
f 5459 5458 5462 5463
f 5460 5459 5463 5464
f 5465 5466 5467 5468
f 5469 5470 5471 5472
f 5465 5468 5472 5469
f 5466 5465 5469 5470
f 5467 5466 5470 5471
f 5468 5467 5471 5472
f 5473 5474 5475 5476
f 5477 5478 5479 5480
f 5473 5476 5480 5477
f 5474 5473 5477 5478
f 5475 5474 5478 5479
f 5476 5475 5479 5480
f 5481 5482 5483 5484
f 5485 5486 5487 5488
f 5481 5484 5488 5485
f 5482 5481 5485 5486
f 5483 5482 5486 5487
f 5484 5483 5487 5488
f 5489 5490 5491 5492
f 5493 5494 5495 5496
f 5489 5492 5496 5493
f 5490 5489 5493 5494
f 5491 5490 5494 5495
f 5492 5491 5495 5496
f 5497 5498 5499 5500
f 5501 5502 5503 5504
f 5497 5500 5504 5501
f 5498 5497 5501 5502
f 5499 5498 5502 5503
f 5500 5499 5503 5504
f 5505 5506 5507 5508
f 5509 5510 5511 5512
f 5505 5508 5512 5509
f 5506 5505 5509 5510
f 5507 5506 5510 5511
f 5508 5507 5511 5512
f 5513 5514 5515 5516
f 5517 5518 5519 5520
f 5513 5516 5520 5517
f 5514 5513 5517 5518
f 5515 5514 5518 5519
f 5516 5515 5519 5520
f 5521 5522 5523 5524
f 5525 5526 5527 5528
f 5521 5524 5528 5525
f 5522 5521 5525 5526
f 5523 5522 5526 5527
f 5524 5523 5527 5528
f 5529 5530 5531 5532
f 5533 5534 5535 5536
f 5529 5532 5536 5533
f 5530 5529 5533 5534
f 5531 5530 5534 5535
f 5532 5531 5535 5536
f 5537 5538 5539 5540
f 5541 5542 5543 5544
f 5537 5540 5544 5541
f 5538 5537 5541 5542
f 5539 5538 5542 5543
f 5540 5539 5543 5544
f 5545 5546 5547 5548
f 5549 5550 5551 5552
f 5545 5548 5552 5549
f 5546 5545 5549 5550
f 5547 5546 5550 5551
f 5548 5547 5551 5552
f 5553 5554 5555 5556
f 5557 5558 5559 5560
f 5553 5556 5560 5557
f 5554 5553 5557 5558
f 5555 5554 5558 5559
f 5556 5555 5559 5560
f 5561 5562 5563 5564
f 5565 5566 5567 5568
f 5561 5564 5568 5565
f 5562 5561 5565 5566
f 5563 5562 5566 5567
f 5564 5563 5567 5568
f 5569 5570 5571 5572
f 5573 5574 5575 5576
f 5569 5572 5576 5573
f 5570 5569 5573 5574
f 5571 5570 5574 5575
f 5572 5571 5575 5576
f 5577 5578 5579 5580
f 5581 5582 5583 5584
f 5577 5580 5584 5581
f 5578 5577 5581 5582
f 5579 5578 5582 5583
f 5580 5579 5583 5584
f 5585 5586 5587 5588
f 5589 5590 5591 5592
f 5585 5588 5592 5589
f 5586 5585 5589 5590
f 5587 5586 5590 5591
f 5588 5587 5591 5592
f 5593 5594 5595 5596
f 5597 5598 5599 5600
f 5593 5596 5600 5597
f 5594 5593 5597 5598
f 5595 5594 5598 5599
f 5596 5595 5599 5600
f 5601 5602 5603 5604
f 5605 5606 5607 5608
f 5601 5604 5608 5605
f 5602 5601 5605 5606
f 5603 5602 5606 5607
f 5604 5603 5607 5608
f 5609 5610 5611 5612
f 5613 5614 5615 5616
f 5609 5612 5616 5613
f 5610 5609 5613 5614
f 5611 5610 5614 5615
f 5612 5611 5615 5616
f 5617 5618 5619 5620
f 5621 5622 5623 5624
f 5617 5620 5624 5621
f 5618 5617 5621 5622
f 5619 5618 5622 5623
f 5620 5619 5623 5624
f 5625 5626 5627 5628
f 5629 5630 5631 5632
f 5625 5628 5632 5629
f 5626 5625 5629 5630
f 5627 5626 5630 5631
f 5628 5627 5631 5632
f 5633 5634 5635 5636
f 5637 5638 5639 5640
f 5633 5636 5640 5637
f 5634 5633 5637 5638
f 5635 5634 5638 5639
f 5636 5635 5639 5640
f 5641 5642 5643 5644
f 5645 5646 5647 5648
f 5641 5644 5648 5645
f 5642 5641 5645 5646
f 5643 5642 5646 5647
f 5644 5643 5647 5648
f 5649 5650 5651 5652
f 5653 5654 5655 5656
f 5649 5652 5656 5653
f 5650 5649 5653 5654
f 5651 5650 5654 5655
f 5652 5651 5655 5656
f 5657 5658 5659 5660
f 5661 5662 5663 5664
f 5657 5660 5664 5661
f 5658 5657 5661 5662
f 5659 5658 5662 5663
f 5660 5659 5663 5664
f 5665 5666 5667 5668
f 5669 5670 5671 5672
f 5665 5668 5672 5669
f 5666 5665 5669 5670
f 5667 5666 5670 5671
f 5668 5667 5671 5672
f 5673 5674 5675 5676
f 5677 5678 5679 5680
f 5673 5676 5680 5677
f 5674 5673 5677 5678
f 5675 5674 5678 5679
f 5676 5675 5679 5680
f 5681 5682 5683 5684
f 5685 5686 5687 5688
f 5681 5684 5688 5685
f 5682 5681 5685 5686
f 5683 5682 5686 5687
f 5684 5683 5687 5688
f 5689 5690 5691 5692
f 5693 5694 5695 5696
f 5689 5692 5696 5693
f 5690 5689 5693 5694
f 5691 5690 5694 5695
f 5692 5691 5695 5696
f 5697 5698 5699 5700
f 5701 5702 5703 5704
f 5697 5700 5704 5701
f 5698 5697 5701 5702
f 5699 5698 5702 5703
f 5700 5699 5703 5704
f 5705 5706 5707 5708
f 5709 5710 5711 5712
f 5705 5708 5712 5709
f 5706 5705 5709 5710
f 5707 5706 5710 5711
f 5708 5707 5711 5712
f 5713 5714 5715 5716
f 5717 5718 5719 5720
f 5713 5716 5720 5717
f 5714 5713 5717 5718
f 5715 5714 5718 5719
f 5716 5715 5719 5720
f 5721 5722 5723 5724
f 5725 5726 5727 5728
f 5721 5724 5728 5725
f 5722 5721 5725 5726
f 5723 5722 5726 5727
f 5724 5723 5727 5728
f 5729 5730 5731 5732
f 5733 5734 5735 5736
f 5729 5732 5736 5733
f 5730 5729 5733 5734
f 5731 5730 5734 5735
f 5732 5731 5735 5736
f 5737 5738 5739 5740
f 5741 5742 5743 5744
f 5737 5740 5744 5741
f 5738 5737 5741 5742
f 5739 5738 5742 5743
f 5740 5739 5743 5744
f 5745 5746 5747 5748
f 5749 5750 5751 5752
f 5745 5748 5752 5749
f 5746 5745 5749 5750
f 5747 5746 5750 5751
f 5748 5747 5751 5752
f 5753 5754 5755 5756
f 5757 5758 5759 5760
f 5753 5756 5760 5757
f 5754 5753 5757 5758
f 5755 5754 5758 5759
f 5756 5755 5759 5760
f 5761 5762 5763 5764
f 5765 5766 5767 5768
f 5761 5764 5768 5765
f 5762 5761 5765 5766
f 5763 5762 5766 5767
f 5764 5763 5767 5768
f 5769 5770 5771 5772
f 5773 5774 5775 5776
f 5769 5772 5776 5773
f 5770 5769 5773 5774
f 5771 5770 5774 5775
f 5772 5771 5775 5776
f 5777 5778 5779 5780
f 5781 5782 5783 5784
f 5777 5780 5784 5781
f 5778 5777 5781 5782
f 5779 5778 5782 5783
f 5780 5779 5783 5784
f 5785 5786 5787 5788
f 5789 5790 5791 5792
f 5785 5788 5792 5789
f 5786 5785 5789 5790
f 5787 5786 5790 5791
f 5788 5787 5791 5792
f 5793 5794 5795 5796
f 5797 5798 5799 5800
f 5793 5796 5800 5797
f 5794 5793 5797 5798
f 5795 5794 5798 5799
f 5796 5795 5799 5800
f 5801 5802 5803 5804
f 5805 5806 5807 5808
f 5801 5804 5808 5805
f 5802 5801 5805 5806
f 5803 5802 5806 5807
f 5804 5803 5807 5808
f 5809 5810 5811 5812
f 5813 5814 5815 5816
f 5809 5812 5816 5813
f 5810 5809 5813 5814
f 5811 5810 5814 5815
f 5812 5811 5815 5816
f 5817 5818 5819 5820
f 5821 5822 5823 5824
f 5817 5820 5824 5821
f 5818 5817 5821 5822
f 5819 5818 5822 5823
f 5820 5819 5823 5824
f 5825 5826 5827 5828
f 5829 5830 5831 5832
f 5825 5828 5832 5829
f 5826 5825 5829 5830
f 5827 5826 5830 5831
f 5828 5827 5831 5832
f 5833 5834 5835 5836
f 5837 5838 5839 5840
f 5833 5836 5840 5837
f 5834 5833 5837 5838
f 5835 5834 5838 5839
f 5836 5835 5839 5840
f 5841 5842 5843 5844
f 5845 5846 5847 5848
f 5841 5844 5848 5845
f 5842 5841 5845 5846
f 5843 5842 5846 5847
f 5844 5843 5847 5848
f 5849 5850 5851 5852
f 5853 5854 5855 5856
f 5849 5852 5856 5853
f 5850 5849 5853 5854
f 5851 5850 5854 5855
f 5852 5851 5855 5856
f 5857 5858 5859 5860
f 5861 5862 5863 5864
f 5857 5860 5864 5861
f 5858 5857 5861 5862
f 5859 5858 5862 5863
f 5860 5859 5863 5864
f 5865 5866 5867 5868
f 5869 5870 5871 5872
f 5865 5868 5872 5869
f 5866 5865 5869 5870
f 5867 5866 5870 5871
f 5868 5867 5871 5872
f 5873 5874 5875 5876
f 5877 5878 5879 5880
f 5873 5876 5880 5877
f 5874 5873 5877 5878
f 5875 5874 5878 5879
f 5876 5875 5879 5880
f 5881 5882 5883 5884
f 5885 5886 5887 5888
f 5881 5884 5888 5885
f 5882 5881 5885 5886
f 5883 5882 5886 5887
f 5884 5883 5887 5888
f 5889 5890 5891 5892
f 5893 5894 5895 5896
f 5889 5892 5896 5893
f 5890 5889 5893 5894
f 5891 5890 5894 5895
f 5892 5891 5895 5896
f 5897 5898 5899 5900
f 5901 5902 5903 5904
f 5897 5900 5904 5901
f 5898 5897 5901 5902
f 5899 5898 5902 5903
f 5900 5899 5903 5904
f 5905 5906 5907 5908
f 5909 5910 5911 5912
f 5905 5908 5912 5909
f 5906 5905 5909 5910
f 5907 5906 5910 5911
f 5908 5907 5911 5912
f 5913 5914 5915 5916
f 5917 5918 5919 5920
f 5913 5916 5920 5917
f 5914 5913 5917 5918
f 5915 5914 5918 5919
f 5916 5915 5919 5920
f 5921 5922 5923 5924
f 5925 5926 5927 5928
f 5921 5924 5928 5925
f 5922 5921 5925 5926
f 5923 5922 5926 5927
f 5924 5923 5927 5928
f 5929 5930 5931 5932
f 5933 5934 5935 5936
f 5929 5932 5936 5933
f 5930 5929 5933 5934
f 5931 5930 5934 5935
f 5932 5931 5935 5936
f 5937 5938 5939 5940
f 5941 5942 5943 5944
f 5937 5940 5944 5941
f 5938 5937 5941 5942
f 5939 5938 5942 5943
f 5940 5939 5943 5944
f 5945 5946 5947 5948
f 5949 5950 5951 5952
f 5945 5948 5952 5949
f 5946 5945 5949 5950
f 5947 5946 5950 5951
f 5948 5947 5951 5952
f 5953 5954 5955 5956
f 5957 5958 5959 5960
f 5953 5956 5960 5957
f 5954 5953 5957 5958
f 5955 5954 5958 5959
f 5956 5955 5959 5960
f 5961 5962 5963 5964
f 5965 5966 5967 5968
f 5961 5964 5968 5965
f 5962 5961 5965 5966
f 5963 5962 5966 5967
f 5964 5963 5967 5968
f 5969 5970 5971 5972
f 5973 5974 5975 5976
f 5969 5972 5976 5973
f 5970 5969 5973 5974
f 5971 5970 5974 5975
f 5972 5971 5975 5976
f 5977 5978 5979 5980
f 5981 5982 5983 5984
f 5977 5980 5984 5981
f 5978 5977 5981 5982
f 5979 5978 5982 5983
f 5980 5979 5983 5984
f 5985 5986 5987 5988
f 5989 5990 5991 5992
f 5985 5988 5992 5989
f 5986 5985 5989 5990
f 5987 5986 5990 5991
f 5988 5987 5991 5992
f 5993 5994 5995 5996
f 5997 5998 5999 6000
f 5993 5996 6000 5997
f 5994 5993 5997 5998
f 5995 5994 5998 5999
f 5996 5995 5999 6000
f 6001 6002 6003 6004
f 6005 6006 6007 6008
f 6001 6004 6008 6005
f 6002 6001 6005 6006
f 6003 6002 6006 6007
f 6004 6003 6007 6008
f 6009 6010 6011 6012
f 6013 6014 6015 6016
f 6009 6012 6016 6013
f 6010 6009 6013 6014
f 6011 6010 6014 6015
f 6012 6011 6015 6016
f 6017 6018 6019 6020
f 6021 6022 6023 6024
f 6017 6020 6024 6021
f 6018 6017 6021 6022
f 6019 6018 6022 6023
f 6020 6019 6023 6024
f 6025 6026 6027 6028
f 6029 6030 6031 6032
f 6025 6028 6032 6029
f 6026 6025 6029 6030
f 6027 6026 6030 6031
f 6028 6027 6031 6032
f 6033 6034 6035 6036
f 6037 6038 6039 6040
f 6033 6036 6040 6037
f 6034 6033 6037 6038
f 6035 6034 6038 6039
f 6036 6035 6039 6040
f 6041 6042 6043 6044
f 6045 6046 6047 6048
f 6041 6044 6048 6045
f 6042 6041 6045 6046
f 6043 6042 6046 6047
f 6044 6043 6047 6048
f 6049 6050 6051 6052
f 6053 6054 6055 6056
f 6049 6052 6056 6053
f 6050 6049 6053 6054
f 6051 6050 6054 6055
f 6052 6051 6055 6056
f 6057 6058 6059 6060
f 6061 6062 6063 6064
f 6057 6060 6064 6061
f 6058 6057 6061 6062
f 6059 6058 6062 6063
f 6060 6059 6063 6064
f 6065 6066 6067 6068
f 6069 6070 6071 6072
f 6065 6068 6072 6069
f 6066 6065 6069 6070
f 6067 6066 6070 6071
f 6068 6067 6071 6072
f 6073 6074 6075 6076
f 6077 6078 6079 6080
f 6073 6076 6080 6077
f 6074 6073 6077 6078
f 6075 6074 6078 6079
f 6076 6075 6079 6080
f 6081 6082 6083 6084
f 6085 6086 6087 6088
f 6081 6084 6088 6085
f 6082 6081 6085 6086
f 6083 6082 6086 6087
f 6084 6083 6087 6088
f 6089 6090 6091 6092
f 6093 6094 6095 6096
f 6089 6092 6096 6093
f 6090 6089 6093 6094
f 6091 6090 6094 6095
f 6092 6091 6095 6096
f 6097 6098 6099 6100
f 6101 6102 6103 6104
f 6097 6100 6104 6101
f 6098 6097 6101 6102
f 6099 6098 6102 6103
f 6100 6099 6103 6104
f 6105 6106 6107 6108
f 6109 6110 6111 6112
f 6105 6108 6112 6109
f 6106 6105 6109 6110
f 6107 6106 6110 6111
f 6108 6107 6111 6112
f 6113 6114 6115 6116
f 6117 6118 6119 6120
f 6113 6116 6120 6117
f 6114 6113 6117 6118
f 6115 6114 6118 6119
f 6116 6115 6119 6120
f 6121 6122 6123 6124
f 6125 6126 6127 6128
f 6121 6124 6128 6125
f 6122 6121 6125 6126
f 6123 6122 6126 6127
f 6124 6123 6127 6128
f 6129 6130 6131 6132
f 6133 6134 6135 6136
f 6129 6132 6136 6133
f 6130 6129 6133 6134
f 6131 6130 6134 6135
f 6132 6131 6135 6136
f 6137 6138 6139 6140
f 6141 6142 6143 6144
f 6137 6140 6144 6141
f 6138 6137 6141 6142
f 6139 6138 6142 6143
f 6140 6139 6143 6144
f 6145 6146 6147 6148
f 6149 6150 6151 6152
f 6145 6148 6152 6149
f 6146 6145 6149 6150
f 6147 6146 6150 6151
f 6148 6147 6151 6152
f 6153 6154 6155 6156
f 6157 6158 6159 6160
f 6153 6156 6160 6157
f 6154 6153 6157 6158
f 6155 6154 6158 6159
f 6156 6155 6159 6160
f 6161 6162 6163 6164
f 6165 6166 6167 6168
f 6161 6164 6168 6165
f 6162 6161 6165 6166
f 6163 6162 6166 6167
f 6164 6163 6167 6168
f 6169 6170 6171 6172
f 6173 6174 6175 6176
f 6169 6172 6176 6173
f 6170 6169 6173 6174
f 6171 6170 6174 6175
f 6172 6171 6175 6176
f 6177 6178 6179 6180
f 6181 6182 6183 6184
f 6177 6180 6184 6181
f 6178 6177 6181 6182
f 6179 6178 6182 6183
f 6180 6179 6183 6184
f 6185 6186 6187 6188
f 6189 6190 6191 6192
f 6185 6188 6192 6189
f 6186 6185 6189 6190
f 6187 6186 6190 6191
f 6188 6187 6191 6192
f 6193 6194 6195 6196
f 6197 6198 6199 6200
f 6193 6196 6200 6197
f 6194 6193 6197 6198
f 6195 6194 6198 6199
f 6196 6195 6199 6200
f 6201 6202 6203 6204
f 6205 6206 6207 6208
f 6201 6204 6208 6205
f 6202 6201 6205 6206
f 6203 6202 6206 6207
f 6204 6203 6207 6208
f 6209 6210 6211 6212
f 6213 6214 6215 6216
f 6209 6212 6216 6213
f 6210 6209 6213 6214
f 6211 6210 6214 6215
f 6212 6211 6215 6216
f 6217 6218 6219 6220
f 6221 6222 6223 6224
f 6217 6220 6224 6221
f 6218 6217 6221 6222
f 6219 6218 6222 6223
f 6220 6219 6223 6224
f 6225 6226 6227 6228
f 6229 6230 6231 6232
f 6225 6228 6232 6229
f 6226 6225 6229 6230
f 6227 6226 6230 6231
f 6228 6227 6231 6232
f 6233 6234 6235 6236
f 6237 6238 6239 6240
f 6233 6236 6240 6237
f 6234 6233 6237 6238
f 6235 6234 6238 6239
f 6236 6235 6239 6240
f 6241 6242 6243 6244
f 6245 6246 6247 6248
f 6241 6244 6248 6245
f 6242 6241 6245 6246
f 6243 6242 6246 6247
f 6244 6243 6247 6248
f 6249 6250 6251 6252
f 6253 6254 6255 6256
f 6249 6252 6256 6253
f 6250 6249 6253 6254
f 6251 6250 6254 6255
f 6252 6251 6255 6256
f 6257 6258 6259 6260
f 6261 6262 6263 6264
f 6257 6260 6264 6261
f 6258 6257 6261 6262
f 6259 6258 6262 6263
f 6260 6259 6263 6264
f 6265 6266 6267 6268
f 6269 6270 6271 6272
f 6265 6268 6272 6269
f 6266 6265 6269 6270
f 6267 6266 6270 6271
f 6268 6267 6271 6272
f 6273 6274 6275 6276
f 6277 6278 6279 6280
f 6273 6276 6280 6277
f 6274 6273 6277 6278
f 6275 6274 6278 6279
f 6276 6275 6279 6280
f 6281 6282 6283 6284
f 6285 6286 6287 6288
f 6281 6284 6288 6285
f 6282 6281 6285 6286
f 6283 6282 6286 6287
f 6284 6283 6287 6288
f 6289 6290 6291 6292
f 6293 6294 6295 6296
f 6289 6292 6296 6293
f 6290 6289 6293 6294
f 6291 6290 6294 6295
f 6292 6291 6295 6296
f 6297 6298 6299 6300
f 6301 6302 6303 6304
f 6297 6300 6304 6301
f 6298 6297 6301 6302
f 6299 6298 6302 6303
f 6300 6299 6303 6304
f 6305 6306 6307 6308
f 6309 6310 6311 6312
f 6305 6308 6312 6309
f 6306 6305 6309 6310
f 6307 6306 6310 6311
f 6308 6307 6311 6312
f 6313 6314 6315 6316
f 6317 6318 6319 6320
f 6313 6316 6320 6317
f 6314 6313 6317 6318
f 6315 6314 6318 6319
f 6316 6315 6319 6320
f 6321 6322 6323 6324
f 6325 6326 6327 6328
f 6321 6324 6328 6325
f 6322 6321 6325 6326
f 6323 6322 6326 6327
f 6324 6323 6327 6328
f 6329 6330 6331 6332
f 6333 6334 6335 6336
f 6329 6332 6336 6333
f 6330 6329 6333 6334
f 6331 6330 6334 6335
f 6332 6331 6335 6336
f 6337 6338 6339 6340
f 6341 6342 6343 6344
f 6337 6340 6344 6341
f 6338 6337 6341 6342
f 6339 6338 6342 6343
f 6340 6339 6343 6344
f 6345 6346 6347 6348
f 6349 6350 6351 6352
f 6345 6348 6352 6349
f 6346 6345 6349 6350
f 6347 6346 6350 6351
f 6348 6347 6351 6352
f 6353 6354 6355 6356
f 6357 6358 6359 6360
f 6353 6356 6360 6357
f 6354 6353 6357 6358
f 6355 6354 6358 6359
f 6356 6355 6359 6360
f 6361 6362 6363 6364
f 6365 6366 6367 6368
f 6361 6364 6368 6365
f 6362 6361 6365 6366
f 6363 6362 6366 6367
f 6364 6363 6367 6368
f 6369 6370 6371 6372
f 6373 6374 6375 6376
f 6369 6372 6376 6373
f 6370 6369 6373 6374
f 6371 6370 6374 6375
f 6372 6371 6375 6376
f 6377 6378 6379 6380
f 6381 6382 6383 6384
f 6377 6380 6384 6381
f 6378 6377 6381 6382
f 6379 6378 6382 6383
f 6380 6379 6383 6384
f 6385 6386 6387 6388
f 6389 6390 6391 6392
f 6385 6388 6392 6389
f 6386 6385 6389 6390
f 6387 6386 6390 6391
f 6388 6387 6391 6392
f 6393 6394 6395 6396
f 6397 6398 6399 6400
f 6393 6396 6400 6397
f 6394 6393 6397 6398
f 6395 6394 6398 6399
f 6396 6395 6399 6400
f 6401 6402 6403 6404
f 6405 6406 6407 6408
f 6401 6404 6408 6405
f 6402 6401 6405 6406
f 6403 6402 6406 6407
f 6404 6403 6407 6408
f 6409 6410 6411 6412
f 6413 6414 6415 6416
f 6409 6412 6416 6413
f 6410 6409 6413 6414
f 6411 6410 6414 6415
f 6412 6411 6415 6416
f 6417 6418 6419 6420
f 6421 6422 6423 6424
f 6417 6420 6424 6421
f 6418 6417 6421 6422
f 6419 6418 6422 6423
f 6420 6419 6423 6424
f 6425 6426 6427 6428
f 6429 6430 6431 6432
f 6425 6428 6432 6429
f 6426 6425 6429 6430
f 6427 6426 6430 6431
f 6428 6427 6431 6432
f 6433 6434 6435 6436
f 6437 6438 6439 6440
f 6433 6436 6440 6437
f 6434 6433 6437 6438
f 6435 6434 6438 6439
f 6436 6435 6439 6440
f 6441 6442 6443 6444
f 6445 6446 6447 6448
f 6441 6444 6448 6445
f 6442 6441 6445 6446
f 6443 6442 6446 6447
f 6444 6443 6447 6448
f 6449 6450 6451 6452
f 6453 6454 6455 6456
f 6449 6452 6456 6453
f 6450 6449 6453 6454
f 6451 6450 6454 6455
f 6452 6451 6455 6456
f 6457 6458 6459 6460
f 6461 6462 6463 6464
f 6457 6460 6464 6461
f 6458 6457 6461 6462
f 6459 6458 6462 6463
f 6460 6459 6463 6464
f 6465 6466 6467 6468
f 6469 6470 6471 6472
f 6465 6468 6472 6469
f 6466 6465 6469 6470
f 6467 6466 6470 6471
f 6468 6467 6471 6472
f 6473 6474 6475 6476
f 6477 6478 6479 6480
f 6473 6476 6480 6477
f 6474 6473 6477 6478
f 6475 6474 6478 6479
f 6476 6475 6479 6480
f 6481 6482 6483 6484
f 6485 6486 6487 6488
f 6481 6484 6488 6485
f 6482 6481 6485 6486
f 6483 6482 6486 6487
f 6484 6483 6487 6488
f 6489 6490 6491 6492
f 6493 6494 6495 6496
f 6489 6492 6496 6493
f 6490 6489 6493 6494
f 6491 6490 6494 6495
f 6492 6491 6495 6496
f 6497 6498 6499 6500
f 6501 6502 6503 6504
f 6497 6500 6504 6501
f 6498 6497 6501 6502
f 6499 6498 6502 6503
f 6500 6499 6503 6504
f 6505 6506 6507 6508
f 6509 6510 6511 6512
f 6505 6508 6512 6509
f 6506 6505 6509 6510
f 6507 6506 6510 6511
f 6508 6507 6511 6512
f 6513 6514 6515 6516
f 6517 6518 6519 6520
f 6513 6516 6520 6517
f 6514 6513 6517 6518
f 6515 6514 6518 6519
f 6516 6515 6519 6520
f 6521 6522 6523 6524
f 6525 6526 6527 6528
f 6521 6524 6528 6525
f 6522 6521 6525 6526
f 6523 6522 6526 6527
f 6524 6523 6527 6528
f 6529 6530 6531 6532
f 6533 6534 6535 6536
f 6529 6532 6536 6533
f 6530 6529 6533 6534
f 6531 6530 6534 6535
f 6532 6531 6535 6536
f 6537 6538 6539 6540
f 6541 6542 6543 6544
f 6537 6540 6544 6541
f 6538 6537 6541 6542
f 6539 6538 6542 6543
f 6540 6539 6543 6544
f 6545 6546 6547 6548
f 6549 6550 6551 6552
f 6545 6548 6552 6549
f 6546 6545 6549 6550
f 6547 6546 6550 6551
f 6548 6547 6551 6552
f 6553 6554 6555 6556
f 6557 6558 6559 6560
f 6553 6556 6560 6557
f 6554 6553 6557 6558
f 6555 6554 6558 6559
f 6556 6555 6559 6560
f 6561 6562 6563 6564
f 6565 6566 6567 6568
f 6561 6564 6568 6565
f 6562 6561 6565 6566
f 6563 6562 6566 6567
f 6564 6563 6567 6568
f 6569 6570 6571 6572
f 6573 6574 6575 6576
f 6569 6572 6576 6573
f 6570 6569 6573 6574
f 6571 6570 6574 6575
f 6572 6571 6575 6576
f 6577 6578 6579 6580
f 6581 6582 6583 6584
f 6577 6580 6584 6581
f 6578 6577 6581 6582
f 6579 6578 6582 6583
f 6580 6579 6583 6584
f 6585 6586 6587 6588
f 6589 6590 6591 6592
f 6585 6588 6592 6589
f 6586 6585 6589 6590
f 6587 6586 6590 6591
f 6588 6587 6591 6592
f 6593 6594 6595 6596
f 6597 6598 6599 6600
f 6593 6596 6600 6597
f 6594 6593 6597 6598
f 6595 6594 6598 6599
f 6596 6595 6599 6600
f 6601 6602 6603 6604
f 6605 6606 6607 6608
f 6601 6604 6608 6605
f 6602 6601 6605 6606
f 6603 6602 6606 6607
f 6604 6603 6607 6608
f 6609 6610 6611 6612
f 6613 6614 6615 6616
f 6609 6612 6616 6613
f 6610 6609 6613 6614
f 6611 6610 6614 6615
f 6612 6611 6615 6616
f 6617 6618 6619 6620
f 6621 6622 6623 6624
f 6617 6620 6624 6621
f 6618 6617 6621 6622
f 6619 6618 6622 6623
f 6620 6619 6623 6624
f 6625 6626 6627 6628
f 6629 6630 6631 6632
f 6625 6628 6632 6629
f 6626 6625 6629 6630
f 6627 6626 6630 6631
f 6628 6627 6631 6632
f 6633 6634 6635 6636
f 6637 6638 6639 6640
f 6633 6636 6640 6637
f 6634 6633 6637 6638
f 6635 6634 6638 6639
f 6636 6635 6639 6640
f 6641 6642 6643 6644
f 6645 6646 6647 6648
f 6641 6644 6648 6645
f 6642 6641 6645 6646
f 6643 6642 6646 6647
f 6644 6643 6647 6648
f 6649 6650 6651 6652
f 6653 6654 6655 6656
f 6649 6652 6656 6653
f 6650 6649 6653 6654
f 6651 6650 6654 6655
f 6652 6651 6655 6656
f 6657 6658 6659 6660
f 6661 6662 6663 6664
f 6657 6660 6664 6661
f 6658 6657 6661 6662
f 6659 6658 6662 6663
f 6660 6659 6663 6664
f 6665 6666 6667 6668
f 6669 6670 6671 6672
f 6665 6668 6672 6669
f 6666 6665 6669 6670
f 6667 6666 6670 6671
f 6668 6667 6671 6672
f 6673 6674 6675 6676
f 6677 6678 6679 6680
f 6673 6676 6680 6677
f 6674 6673 6677 6678
f 6675 6674 6678 6679
f 6676 6675 6679 6680
f 6681 6682 6683 6684
f 6685 6686 6687 6688
f 6681 6684 6688 6685
f 6682 6681 6685 6686
f 6683 6682 6686 6687
f 6684 6683 6687 6688
f 6689 6690 6691 6692
f 6693 6694 6695 6696
f 6689 6692 6696 6693
f 6690 6689 6693 6694
f 6691 6690 6694 6695
f 6692 6691 6695 6696
f 6697 6698 6699 6700
f 6701 6702 6703 6704
f 6697 6700 6704 6701
f 6698 6697 6701 6702
f 6699 6698 6702 6703
f 6700 6699 6703 6704
f 6705 6706 6707 6708
f 6709 6710 6711 6712
f 6705 6708 6712 6709
f 6706 6705 6709 6710
f 6707 6706 6710 6711
f 6708 6707 6711 6712
f 6713 6714 6715 6716
f 6717 6718 6719 6720
f 6713 6716 6720 6717
f 6714 6713 6717 6718
f 6715 6714 6718 6719
f 6716 6715 6719 6720
f 6721 6722 6723 6724
f 6725 6726 6727 6728
f 6721 6724 6728 6725
f 6722 6721 6725 6726
f 6723 6722 6726 6727
f 6724 6723 6727 6728
f 6729 6730 6731 6732
f 6733 6734 6735 6736
f 6729 6732 6736 6733
f 6730 6729 6733 6734
f 6731 6730 6734 6735
f 6732 6731 6735 6736
f 6737 6738 6739 6740
f 6741 6742 6743 6744
f 6737 6740 6744 6741
f 6738 6737 6741 6742
f 6739 6738 6742 6743
f 6740 6739 6743 6744
f 6745 6746 6747 6748
f 6749 6750 6751 6752
f 6745 6748 6752 6749
f 6746 6745 6749 6750
f 6747 6746 6750 6751
f 6748 6747 6751 6752
f 6753 6754 6755 6756
f 6757 6758 6759 6760
f 6753 6756 6760 6757
f 6754 6753 6757 6758
f 6755 6754 6758 6759
f 6756 6755 6759 6760
f 6761 6762 6763 6764
f 6765 6766 6767 6768
f 6761 6764 6768 6765
f 6762 6761 6765 6766
f 6763 6762 6766 6767
f 6764 6763 6767 6768
f 6769 6770 6771 6772
f 6773 6774 6775 6776
f 6769 6772 6776 6773
f 6770 6769 6773 6774
f 6771 6770 6774 6775
f 6772 6771 6775 6776
f 6777 6778 6779 6780
f 6781 6782 6783 6784
f 6777 6780 6784 6781
f 6778 6777 6781 6782
f 6779 6778 6782 6783
f 6780 6779 6783 6784
f 6785 6786 6787 6788
f 6789 6790 6791 6792
f 6785 6788 6792 6789
f 6786 6785 6789 6790
f 6787 6786 6790 6791
f 6788 6787 6791 6792
f 6793 6794 6795 6796
f 6797 6798 6799 6800
f 6793 6796 6800 6797
f 6794 6793 6797 6798
f 6795 6794 6798 6799
f 6796 6795 6799 6800
f 6801 6802 6803 6804
f 6805 6806 6807 6808
f 6801 6804 6808 6805
f 6802 6801 6805 6806
f 6803 6802 6806 6807
f 6804 6803 6807 6808
f 6809 6810 6811 6812
f 6813 6814 6815 6816
f 6809 6812 6816 6813
f 6810 6809 6813 6814
f 6811 6810 6814 6815
f 6812 6811 6815 6816
f 6817 6818 6819 6820
f 6821 6822 6823 6824
f 6817 6820 6824 6821
f 6818 6817 6821 6822
f 6819 6818 6822 6823
f 6820 6819 6823 6824
f 6825 6826 6827 6828
f 6829 6830 6831 6832
f 6825 6828 6832 6829
f 6826 6825 6829 6830
f 6827 6826 6830 6831
f 6828 6827 6831 6832
f 6833 6834 6835 6836
f 6837 6838 6839 6840
f 6833 6836 6840 6837
f 6834 6833 6837 6838
f 6835 6834 6838 6839
f 6836 6835 6839 6840
f 6841 6842 6843 6844
f 6845 6846 6847 6848
f 6841 6844 6848 6845
f 6842 6841 6845 6846
f 6843 6842 6846 6847
f 6844 6843 6847 6848
f 6849 6850 6851 6852
f 6853 6854 6855 6856
f 6849 6852 6856 6853
f 6850 6849 6853 6854
f 6851 6850 6854 6855
f 6852 6851 6855 6856
f 6857 6858 6859 6860
f 6861 6862 6863 6864
f 6857 6860 6864 6861
f 6858 6857 6861 6862
f 6859 6858 6862 6863
f 6860 6859 6863 6864
f 6865 6866 6867 6868
f 6869 6870 6871 6872
f 6865 6868 6872 6869
f 6866 6865 6869 6870
f 6867 6866 6870 6871
f 6868 6867 6871 6872
f 6873 6874 6875 6876
f 6877 6878 6879 6880
f 6873 6876 6880 6877
f 6874 6873 6877 6878
f 6875 6874 6878 6879
f 6876 6875 6879 6880
f 6881 6882 6883 6884
f 6885 6886 6887 6888
f 6881 6884 6888 6885
f 6882 6881 6885 6886
f 6883 6882 6886 6887
f 6884 6883 6887 6888
f 6889 6890 6891 6892
f 6893 6894 6895 6896
f 6889 6892 6896 6893
f 6890 6889 6893 6894
f 6891 6890 6894 6895
f 6892 6891 6895 6896
f 6897 6898 6899 6900
f 6901 6902 6903 6904
f 6897 6900 6904 6901
f 6898 6897 6901 6902
f 6899 6898 6902 6903
f 6900 6899 6903 6904
f 6905 6906 6907 6908
f 6909 6910 6911 6912
f 6905 6908 6912 6909
f 6906 6905 6909 6910
f 6907 6906 6910 6911
f 6908 6907 6911 6912
f 6913 6914 6915 6916
f 6917 6918 6919 6920
f 6913 6916 6920 6917
f 6914 6913 6917 6918
f 6915 6914 6918 6919
f 6916 6915 6919 6920
f 6921 6922 6923 6924
f 6925 6926 6927 6928
f 6921 6924 6928 6925
f 6922 6921 6925 6926
f 6923 6922 6926 6927
f 6924 6923 6927 6928
f 6929 6930 6931 6932
f 6933 6934 6935 6936
f 6929 6932 6936 6933
f 6930 6929 6933 6934
f 6931 6930 6934 6935
f 6932 6931 6935 6936
f 6937 6938 6939 6940
f 6941 6942 6943 6944
f 6937 6940 6944 6941
f 6938 6937 6941 6942
f 6939 6938 6942 6943
f 6940 6939 6943 6944
f 6945 6946 6947 6948
f 6949 6950 6951 6952
f 6945 6948 6952 6949
f 6946 6945 6949 6950
f 6947 6946 6950 6951
f 6948 6947 6951 6952
f 6953 6954 6955 6956
f 6957 6958 6959 6960
f 6953 6956 6960 6957
f 6954 6953 6957 6958
f 6955 6954 6958 6959
f 6956 6955 6959 6960
f 6961 6962 6963 6964
f 6965 6966 6967 6968
f 6961 6964 6968 6965
f 6962 6961 6965 6966
f 6963 6962 6966 6967
f 6964 6963 6967 6968
f 6969 6970 6971 6972
f 6973 6974 6975 6976
f 6969 6972 6976 6973
f 6970 6969 6973 6974
f 6971 6970 6974 6975
f 6972 6971 6975 6976
f 6977 6978 6979 6980
f 6981 6982 6983 6984
f 6977 6980 6984 6981
f 6978 6977 6981 6982
f 6979 6978 6982 6983
f 6980 6979 6983 6984
f 6985 6986 6987 6988
f 6989 6990 6991 6992
f 6985 6988 6992 6989
f 6986 6985 6989 6990
f 6987 6986 6990 6991
f 6988 6987 6991 6992
f 6993 6994 6995 6996
f 6997 6998 6999 7000
f 6993 6996 7000 6997
f 6994 6993 6997 6998
f 6995 6994 6998 6999
f 6996 6995 6999 7000
f 7001 7002 7003 7004
f 7005 7006 7007 7008
f 7001 7004 7008 7005
f 7002 7001 7005 7006
f 7003 7002 7006 7007
f 7004 7003 7007 7008
f 7009 7010 7011 7012
f 7013 7014 7015 7016
f 7009 7012 7016 7013
f 7010 7009 7013 7014
f 7011 7010 7014 7015
f 7012 7011 7015 7016
f 7017 7018 7019 7020
f 7021 7022 7023 7024
f 7017 7020 7024 7021
f 7018 7017 7021 7022
f 7019 7018 7022 7023
f 7020 7019 7023 7024
f 7025 7026 7027 7028
f 7029 7030 7031 7032
f 7025 7028 7032 7029
f 7026 7025 7029 7030
f 7027 7026 7030 7031
f 7028 7027 7031 7032
f 7033 7034 7035 7036
f 7037 7038 7039 7040
f 7033 7036 7040 7037
f 7034 7033 7037 7038
f 7035 7034 7038 7039
f 7036 7035 7039 7040
f 7041 7042 7043 7044
f 7045 7046 7047 7048
f 7041 7044 7048 7045
f 7042 7041 7045 7046
f 7043 7042 7046 7047
f 7044 7043 7047 7048
f 7049 7050 7051 7052
f 7053 7054 7055 7056
f 7049 7052 7056 7053
f 7050 7049 7053 7054
f 7051 7050 7054 7055
f 7052 7051 7055 7056
f 7057 7058 7059 7060
f 7061 7062 7063 7064
f 7057 7060 7064 7061
f 7058 7057 7061 7062
f 7059 7058 7062 7063
f 7060 7059 7063 7064
f 7065 7066 7067 7068
f 7069 7070 7071 7072
f 7065 7068 7072 7069
f 7066 7065 7069 7070
f 7067 7066 7070 7071
f 7068 7067 7071 7072
f 7073 7074 7075 7076
f 7077 7078 7079 7080
f 7073 7076 7080 7077
f 7074 7073 7077 7078
f 7075 7074 7078 7079
f 7076 7075 7079 7080
f 7081 7082 7083 7084
f 7085 7086 7087 7088
f 7081 7084 7088 7085
f 7082 7081 7085 7086
f 7083 7082 7086 7087
f 7084 7083 7087 7088
f 7089 7090 7091 7092
f 7093 7094 7095 7096
f 7089 7092 7096 7093
f 7090 7089 7093 7094
f 7091 7090 7094 7095
f 7092 7091 7095 7096
f 7097 7098 7099 7100
f 7101 7102 7103 7104
f 7097 7100 7104 7101
f 7098 7097 7101 7102
f 7099 7098 7102 7103
f 7100 7099 7103 7104
f 7105 7106 7107 7108
f 7109 7110 7111 7112
f 7105 7108 7112 7109
f 7106 7105 7109 7110
f 7107 7106 7110 7111
f 7108 7107 7111 7112
f 7113 7114 7115 7116
f 7117 7118 7119 7120
f 7113 7116 7120 7117
f 7114 7113 7117 7118
f 7115 7114 7118 7119
f 7116 7115 7119 7120
f 7121 7122 7123 7124
f 7125 7126 7127 7128
f 7121 7124 7128 7125
f 7122 7121 7125 7126
f 7123 7122 7126 7127
f 7124 7123 7127 7128
f 7129 7130 7131 7132
f 7133 7134 7135 7136
f 7129 7132 7136 7133
f 7130 7129 7133 7134
f 7131 7130 7134 7135
f 7132 7131 7135 7136
f 7137 7138 7139 7140
f 7141 7142 7143 7144
f 7137 7140 7144 7141
f 7138 7137 7141 7142
f 7139 7138 7142 7143
f 7140 7139 7143 7144
f 7145 7146 7147 7148
f 7149 7150 7151 7152
f 7145 7148 7152 7149
f 7146 7145 7149 7150
f 7147 7146 7150 7151
f 7148 7147 7151 7152
f 7153 7154 7155 7156
f 7157 7158 7159 7160
f 7153 7156 7160 7157
f 7154 7153 7157 7158
f 7155 7154 7158 7159
f 7156 7155 7159 7160
f 7161 7162 7163 7164
f 7165 7166 7167 7168
f 7161 7164 7168 7165
f 7162 7161 7165 7166
f 7163 7162 7166 7167
f 7164 7163 7167 7168
f 7169 7170 7171 7172
f 7173 7174 7175 7176
f 7169 7172 7176 7173
f 7170 7169 7173 7174
f 7171 7170 7174 7175
f 7172 7171 7175 7176
f 7177 7178 7179 7180
f 7181 7182 7183 7184
f 7177 7180 7184 7181
f 7178 7177 7181 7182
f 7179 7178 7182 7183
f 7180 7179 7183 7184
f 7185 7186 7187 7188
f 7189 7190 7191 7192
f 7185 7188 7192 7189
f 7186 7185 7189 7190
f 7187 7186 7190 7191
f 7188 7187 7191 7192
f 7193 7194 7195 7196
f 7197 7198 7199 7200
f 7193 7196 7200 7197
f 7194 7193 7197 7198
f 7195 7194 7198 7199
f 7196 7195 7199 7200
f 7201 7202 7203 7204
f 7205 7206 7207 7208
f 7201 7204 7208 7205
f 7202 7201 7205 7206
f 7203 7202 7206 7207
f 7204 7203 7207 7208
f 7209 7210 7211 7212
f 7213 7214 7215 7216
f 7209 7212 7216 7213
f 7210 7209 7213 7214
f 7211 7210 7214 7215
f 7212 7211 7215 7216
f 7217 7218 7219 7220
f 7221 7222 7223 7224
f 7217 7220 7224 7221
f 7218 7217 7221 7222
f 7219 7218 7222 7223
f 7220 7219 7223 7224
f 7225 7226 7227 7228
f 7229 7230 7231 7232
f 7225 7228 7232 7229
f 7226 7225 7229 7230
f 7227 7226 7230 7231
f 7228 7227 7231 7232
f 7233 7234 7235 7236
f 7237 7238 7239 7240
f 7233 7236 7240 7237
f 7234 7233 7237 7238
f 7235 7234 7238 7239
f 7236 7235 7239 7240
f 7241 7242 7243 7244
f 7245 7246 7247 7248
f 7241 7244 7248 7245
f 7242 7241 7245 7246
f 7243 7242 7246 7247
f 7244 7243 7247 7248
f 7249 7250 7251 7252
f 7253 7254 7255 7256
f 7249 7252 7256 7253
f 7250 7249 7253 7254
f 7251 7250 7254 7255
f 7252 7251 7255 7256
f 7257 7258 7259 7260
f 7261 7262 7263 7264
f 7257 7260 7264 7261
f 7258 7257 7261 7262
f 7259 7258 7262 7263
f 7260 7259 7263 7264
f 7265 7266 7267 7268
f 7269 7270 7271 7272
f 7265 7268 7272 7269
f 7266 7265 7269 7270
f 7267 7266 7270 7271
f 7268 7267 7271 7272
f 7273 7274 7275 7276
f 7277 7278 7279 7280
f 7273 7276 7280 7277
f 7274 7273 7277 7278
f 7275 7274 7278 7279
f 7276 7275 7279 7280
f 7281 7282 7283 7284
f 7285 7286 7287 7288
f 7281 7284 7288 7285
f 7282 7281 7285 7286
f 7283 7282 7286 7287
f 7284 7283 7287 7288
f 7289 7290 7291 7292
f 7293 7294 7295 7296
f 7289 7292 7296 7293
f 7290 7289 7293 7294
f 7291 7290 7294 7295
f 7292 7291 7295 7296
f 7297 7298 7299 7300
f 7301 7302 7303 7304
f 7297 7300 7304 7301
f 7298 7297 7301 7302
f 7299 7298 7302 7303
f 7300 7299 7303 7304
f 7305 7306 7307 7308
f 7309 7310 7311 7312
f 7305 7308 7312 7309
f 7306 7305 7309 7310
f 7307 7306 7310 7311
f 7308 7307 7311 7312
f 7313 7314 7315 7316
f 7317 7318 7319 7320
f 7313 7316 7320 7317
f 7314 7313 7317 7318
f 7315 7314 7318 7319
f 7316 7315 7319 7320
f 7321 7322 7323 7324
f 7325 7326 7327 7328
f 7321 7324 7328 7325
f 7322 7321 7325 7326
f 7323 7322 7326 7327
f 7324 7323 7327 7328
f 7329 7330 7331 7332
f 7333 7334 7335 7336
f 7329 7332 7336 7333
f 7330 7329 7333 7334
f 7331 7330 7334 7335
f 7332 7331 7335 7336
f 7337 7338 7339 7340
f 7341 7342 7343 7344
f 7337 7340 7344 7341
f 7338 7337 7341 7342
f 7339 7338 7342 7343
f 7340 7339 7343 7344
f 7345 7346 7347 7348
f 7349 7350 7351 7352
f 7345 7348 7352 7349
f 7346 7345 7349 7350
f 7347 7346 7350 7351
f 7348 7347 7351 7352
f 7353 7354 7355 7356
f 7357 7358 7359 7360
f 7353 7356 7360 7357
f 7354 7353 7357 7358
f 7355 7354 7358 7359
f 7356 7355 7359 7360
f 7361 7362 7363 7364
f 7365 7366 7367 7368
f 7361 7364 7368 7365
f 7362 7361 7365 7366
f 7363 7362 7366 7367
f 7364 7363 7367 7368
f 7369 7370 7371 7372
f 7373 7374 7375 7376
f 7369 7372 7376 7373
f 7370 7369 7373 7374
f 7371 7370 7374 7375
f 7372 7371 7375 7376
f 7377 7378 7379 7380
f 7381 7382 7383 7384
f 7377 7380 7384 7381
f 7378 7377 7381 7382
f 7379 7378 7382 7383
f 7380 7379 7383 7384
f 7385 7386 7387 7388
f 7389 7390 7391 7392
f 7385 7388 7392 7389
f 7386 7385 7389 7390
f 7387 7386 7390 7391
f 7388 7387 7391 7392
f 7393 7394 7395 7396
f 7397 7398 7399 7400
f 7393 7396 7400 7397
f 7394 7393 7397 7398
f 7395 7394 7398 7399
f 7396 7395 7399 7400
f 7401 7402 7403 7404
f 7405 7406 7407 7408
f 7401 7404 7408 7405
f 7402 7401 7405 7406
f 7403 7402 7406 7407
f 7404 7403 7407 7408
f 7409 7410 7411 7412
f 7413 7414 7415 7416
f 7409 7412 7416 7413
f 7410 7409 7413 7414
f 7411 7410 7414 7415
f 7412 7411 7415 7416
f 7417 7418 7419 7420
f 7421 7422 7423 7424
f 7417 7420 7424 7421
f 7418 7417 7421 7422
f 7419 7418 7422 7423
f 7420 7419 7423 7424
f 7425 7426 7427 7428
f 7429 7430 7431 7432
f 7425 7428 7432 7429
f 7426 7425 7429 7430
f 7427 7426 7430 7431
f 7428 7427 7431 7432
f 7433 7434 7435 7436
f 7437 7438 7439 7440
f 7433 7436 7440 7437
f 7434 7433 7437 7438
f 7435 7434 7438 7439
f 7436 7435 7439 7440
f 7441 7442 7443 7444
f 7445 7446 7447 7448
f 7441 7444 7448 7445
f 7442 7441 7445 7446
f 7443 7442 7446 7447
f 7444 7443 7447 7448
f 7449 7450 7451 7452
f 7453 7454 7455 7456
f 7449 7452 7456 7453
f 7450 7449 7453 7454
f 7451 7450 7454 7455
f 7452 7451 7455 7456
f 7457 7458 7459 7460
f 7461 7462 7463 7464
f 7457 7460 7464 7461
f 7458 7457 7461 7462
f 7459 7458 7462 7463
f 7460 7459 7463 7464
f 7465 7466 7467 7468
f 7469 7470 7471 7472
f 7465 7468 7472 7469
f 7466 7465 7469 7470
f 7467 7466 7470 7471
f 7468 7467 7471 7472
f 7473 7474 7475 7476
f 7477 7478 7479 7480
f 7473 7476 7480 7477
f 7474 7473 7477 7478
f 7475 7474 7478 7479
f 7476 7475 7479 7480
f 7481 7482 7483 7484
f 7485 7486 7487 7488
f 7481 7484 7488 7485
f 7482 7481 7485 7486
f 7483 7482 7486 7487
f 7484 7483 7487 7488
f 7489 7490 7491 7492
f 7493 7494 7495 7496
f 7489 7492 7496 7493
f 7490 7489 7493 7494
f 7491 7490 7494 7495
f 7492 7491 7495 7496
f 7497 7498 7499 7500
f 7501 7502 7503 7504
f 7497 7500 7504 7501
f 7498 7497 7501 7502
f 7499 7498 7502 7503
f 7500 7499 7503 7504
f 7505 7506 7507 7508
f 7509 7510 7511 7512
f 7505 7508 7512 7509
f 7506 7505 7509 7510
f 7507 7506 7510 7511
f 7508 7507 7511 7512
f 7513 7514 7515 7516
f 7517 7518 7519 7520
f 7513 7516 7520 7517
f 7514 7513 7517 7518
f 7515 7514 7518 7519
f 7516 7515 7519 7520
f 7521 7522 7523 7524
f 7525 7526 7527 7528
f 7521 7524 7528 7525
f 7522 7521 7525 7526
f 7523 7522 7526 7527
f 7524 7523 7527 7528
f 7529 7530 7531 7532
f 7533 7534 7535 7536
f 7529 7532 7536 7533
f 7530 7529 7533 7534
f 7531 7530 7534 7535
f 7532 7531 7535 7536
f 7537 7538 7539 7540
f 7541 7542 7543 7544
f 7537 7540 7544 7541
f 7538 7537 7541 7542
f 7539 7538 7542 7543
f 7540 7539 7543 7544
f 7545 7546 7547 7548
f 7549 7550 7551 7552
f 7545 7548 7552 7549
f 7546 7545 7549 7550
f 7547 7546 7550 7551
f 7548 7547 7551 7552
f 7553 7554 7555 7556
f 7557 7558 7559 7560
f 7553 7556 7560 7557
f 7554 7553 7557 7558
f 7555 7554 7558 7559
f 7556 7555 7559 7560
f 7561 7562 7563 7564
f 7565 7566 7567 7568
f 7561 7564 7568 7565
f 7562 7561 7565 7566
f 7563 7562 7566 7567
f 7564 7563 7567 7568
f 7569 7570 7571 7572
f 7573 7574 7575 7576
f 7569 7572 7576 7573
f 7570 7569 7573 7574
f 7571 7570 7574 7575
f 7572 7571 7575 7576
f 7577 7578 7579 7580
f 7581 7582 7583 7584
f 7577 7580 7584 7581
f 7578 7577 7581 7582
f 7579 7578 7582 7583
f 7580 7579 7583 7584
f 7585 7586 7587 7588
f 7589 7590 7591 7592
f 7585 7588 7592 7589
f 7586 7585 7589 7590
f 7587 7586 7590 7591
f 7588 7587 7591 7592
f 7593 7594 7595 7596
f 7597 7598 7599 7600
f 7593 7596 7600 7597
f 7594 7593 7597 7598
f 7595 7594 7598 7599
f 7596 7595 7599 7600
f 7601 7602 7603 7604
f 7605 7606 7607 7608
f 7601 7604 7608 7605
f 7602 7601 7605 7606
f 7603 7602 7606 7607
f 7604 7603 7607 7608
f 7609 7610 7611 7612
f 7613 7614 7615 7616
f 7609 7612 7616 7613
f 7610 7609 7613 7614
f 7611 7610 7614 7615
f 7612 7611 7615 7616
f 7617 7618 7619 7620
f 7621 7622 7623 7624
f 7617 7620 7624 7621
f 7618 7617 7621 7622
f 7619 7618 7622 7623
f 7620 7619 7623 7624
f 7625 7626 7627 7628
f 7629 7630 7631 7632
f 7625 7628 7632 7629
f 7626 7625 7629 7630
f 7627 7626 7630 7631
f 7628 7627 7631 7632
f 7633 7634 7635 7636
f 7637 7638 7639 7640
f 7633 7636 7640 7637
f 7634 7633 7637 7638
f 7635 7634 7638 7639
f 7636 7635 7639 7640
f 7641 7642 7643 7644
f 7645 7646 7647 7648
f 7641 7644 7648 7645
f 7642 7641 7645 7646
f 7643 7642 7646 7647
f 7644 7643 7647 7648
f 7649 7650 7651 7652
f 7653 7654 7655 7656
f 7649 7652 7656 7653
f 7650 7649 7653 7654
f 7651 7650 7654 7655
f 7652 7651 7655 7656
f 7657 7658 7659 7660
f 7661 7662 7663 7664
f 7657 7660 7664 7661
f 7658 7657 7661 7662
f 7659 7658 7662 7663
f 7660 7659 7663 7664
f 7665 7666 7667 7668
f 7669 7670 7671 7672
f 7665 7668 7672 7669
f 7666 7665 7669 7670
f 7667 7666 7670 7671
f 7668 7667 7671 7672
f 7673 7674 7675 7676
f 7677 7678 7679 7680
f 7673 7676 7680 7677
f 7674 7673 7677 7678
f 7675 7674 7678 7679
f 7676 7675 7679 7680
f 7681 7682 7683 7684
f 7685 7686 7687 7688
f 7681 7684 7688 7685
f 7682 7681 7685 7686
f 7683 7682 7686 7687
f 7684 7683 7687 7688
f 7689 7690 7691 7692
f 7693 7694 7695 7696
f 7689 7692 7696 7693
f 7690 7689 7693 7694
f 7691 7690 7694 7695
f 7692 7691 7695 7696
f 7697 7698 7699 7700
f 7701 7702 7703 7704
f 7697 7700 7704 7701
f 7698 7697 7701 7702
f 7699 7698 7702 7703
f 7700 7699 7703 7704
f 7705 7706 7707 7708
f 7709 7710 7711 7712
f 7705 7708 7712 7709
f 7706 7705 7709 7710
f 7707 7706 7710 7711
f 7708 7707 7711 7712
f 7713 7714 7715 7716
f 7717 7718 7719 7720
f 7713 7716 7720 7717
f 7714 7713 7717 7718
f 7715 7714 7718 7719
f 7716 7715 7719 7720
f 7721 7722 7723 7724
f 7725 7726 7727 7728
f 7721 7724 7728 7725
f 7722 7721 7725 7726
f 7723 7722 7726 7727
f 7724 7723 7727 7728
f 7729 7730 7731 7732
f 7733 7734 7735 7736
f 7729 7732 7736 7733
f 7730 7729 7733 7734
f 7731 7730 7734 7735
f 7732 7731 7735 7736
f 7737 7738 7739 7740
f 7741 7742 7743 7744
f 7737 7740 7744 7741
f 7738 7737 7741 7742
f 7739 7738 7742 7743
f 7740 7739 7743 7744
f 7745 7746 7747 7748
f 7749 7750 7751 7752
f 7745 7748 7752 7749
f 7746 7745 7749 7750
f 7747 7746 7750 7751
f 7748 7747 7751 7752
f 7753 7754 7755 7756
f 7757 7758 7759 7760
f 7753 7756 7760 7757
f 7754 7753 7757 7758
f 7755 7754 7758 7759
f 7756 7755 7759 7760
f 7761 7762 7763 7764
f 7765 7766 7767 7768
f 7761 7764 7768 7765
f 7762 7761 7765 7766
f 7763 7762 7766 7767
f 7764 7763 7767 7768
f 7769 7770 7771 7772
f 7773 7774 7775 7776
f 7769 7772 7776 7773
f 7770 7769 7773 7774
f 7771 7770 7774 7775
f 7772 7771 7775 7776
f 7777 7778 7779 7780
f 7781 7782 7783 7784
f 7777 7780 7784 7781
f 7778 7777 7781 7782
f 7779 7778 7782 7783
f 7780 7779 7783 7784
f 7785 7786 7787 7788
f 7789 7790 7791 7792
f 7785 7788 7792 7789
f 7786 7785 7789 7790
f 7787 7786 7790 7791
f 7788 7787 7791 7792
f 7793 7794 7795 7796
f 7797 7798 7799 7800
f 7793 7796 7800 7797
f 7794 7793 7797 7798
f 7795 7794 7798 7799
f 7796 7795 7799 7800
f 7801 7802 7803 7804
f 7805 7806 7807 7808
f 7801 7804 7808 7805
f 7802 7801 7805 7806
f 7803 7802 7806 7807
f 7804 7803 7807 7808
f 7809 7810 7811 7812
f 7813 7814 7815 7816
f 7809 7812 7816 7813
f 7810 7809 7813 7814
f 7811 7810 7814 7815
f 7812 7811 7815 7816
f 7817 7818 7819 7820
f 7821 7822 7823 7824
f 7817 7820 7824 7821
f 7818 7817 7821 7822
f 7819 7818 7822 7823
f 7820 7819 7823 7824
f 7825 7826 7827 7828
f 7829 7830 7831 7832
f 7825 7828 7832 7829
f 7826 7825 7829 7830
f 7827 7826 7830 7831
f 7828 7827 7831 7832
f 7833 7834 7835 7836
f 7837 7838 7839 7840
f 7833 7836 7840 7837
f 7834 7833 7837 7838
f 7835 7834 7838 7839
f 7836 7835 7839 7840
f 7841 7842 7843 7844
f 7845 7846 7847 7848
f 7841 7844 7848 7845
f 7842 7841 7845 7846
f 7843 7842 7846 7847
f 7844 7843 7847 7848
f 7849 7850 7851 7852
f 7853 7854 7855 7856
f 7849 7852 7856 7853
f 7850 7849 7853 7854
f 7851 7850 7854 7855
f 7852 7851 7855 7856
f 7857 7858 7859 7860
f 7861 7862 7863 7864
f 7857 7860 7864 7861
f 7858 7857 7861 7862
f 7859 7858 7862 7863
f 7860 7859 7863 7864
f 7865 7866 7867 7868
f 7869 7870 7871 7872
f 7865 7868 7872 7869
f 7866 7865 7869 7870
f 7867 7866 7870 7871
f 7868 7867 7871 7872
f 7873 7874 7875 7876
f 7877 7878 7879 7880
f 7873 7876 7880 7877
f 7874 7873 7877 7878
f 7875 7874 7878 7879
f 7876 7875 7879 7880
f 7881 7882 7883 7884
f 7885 7886 7887 7888
f 7881 7884 7888 7885
f 7882 7881 7885 7886
f 7883 7882 7886 7887
f 7884 7883 7887 7888
f 7889 7890 7891 7892
f 7893 7894 7895 7896
f 7889 7892 7896 7893
f 7890 7889 7893 7894
f 7891 7890 7894 7895
f 7892 7891 7895 7896
f 7897 7898 7899 7900
f 7901 7902 7903 7904
f 7897 7900 7904 7901
f 7898 7897 7901 7902
f 7899 7898 7902 7903
f 7900 7899 7903 7904
f 7905 7906 7907 7908
f 7909 7910 7911 7912
f 7905 7908 7912 7909
f 7906 7905 7909 7910
f 7907 7906 7910 7911
f 7908 7907 7911 7912
f 7913 7914 7915 7916
f 7917 7918 7919 7920
f 7913 7916 7920 7917
f 7914 7913 7917 7918
f 7915 7914 7918 7919
f 7916 7915 7919 7920
f 7921 7922 7923 7924
f 7925 7926 7927 7928
f 7921 7924 7928 7925
f 7922 7921 7925 7926
f 7923 7922 7926 7927
f 7924 7923 7927 7928
f 7929 7930 7931 7932
f 7933 7934 7935 7936
f 7929 7932 7936 7933
f 7930 7929 7933 7934
f 7931 7930 7934 7935
f 7932 7931 7935 7936
f 7937 7938 7939 7940
f 7941 7942 7943 7944
f 7937 7940 7944 7941
f 7938 7937 7941 7942
f 7939 7938 7942 7943
f 7940 7939 7943 7944
f 7945 7946 7947 7948
f 7949 7950 7951 7952
f 7945 7948 7952 7949
f 7946 7945 7949 7950
f 7947 7946 7950 7951
f 7948 7947 7951 7952
f 7953 7954 7955 7956
f 7957 7958 7959 7960
f 7953 7956 7960 7957
f 7954 7953 7957 7958
f 7955 7954 7958 7959
f 7956 7955 7959 7960
f 7961 7962 7963 7964
f 7965 7966 7967 7968
f 7961 7964 7968 7965
f 7962 7961 7965 7966
f 7963 7962 7966 7967
f 7964 7963 7967 7968
f 7969 7970 7971 7972
f 7973 7974 7975 7976
f 7969 7972 7976 7973
f 7970 7969 7973 7974
f 7971 7970 7974 7975
f 7972 7971 7975 7976
f 7977 7978 7979 7980
f 7981 7982 7983 7984
f 7977 7980 7984 7981
f 7978 7977 7981 7982
f 7979 7978 7982 7983
f 7980 7979 7983 7984
f 7985 7986 7987 7988
f 7989 7990 7991 7992
f 7985 7988 7992 7989
f 7986 7985 7989 7990
f 7987 7986 7990 7991
f 7988 7987 7991 7992
f 7993 7994 7995 7996
f 7997 7998 7999 8000
f 7993 7996 8000 7997
f 7994 7993 7997 7998
f 7995 7994 7998 7999
f 7996 7995 7999 8000
f 8001 8002 8003 8004
f 8005 8006 8007 8008
f 8001 8004 8008 8005
f 8002 8001 8005 8006
f 8003 8002 8006 8007
f 8004 8003 8007 8008
f 8009 8010 8011 8012
f 8013 8014 8015 8016
f 8009 8012 8016 8013
f 8010 8009 8013 8014
f 8011 8010 8014 8015
f 8012 8011 8015 8016
f 8017 8018 8019 8020
f 8021 8022 8023 8024
f 8017 8020 8024 8021
f 8018 8017 8021 8022
f 8019 8018 8022 8023
f 8020 8019 8023 8024
f 8025 8026 8027 8028
f 8029 8030 8031 8032
f 8025 8028 8032 8029
f 8026 8025 8029 8030
f 8027 8026 8030 8031
f 8028 8027 8031 8032
f 8033 8034 8035 8036
f 8037 8038 8039 8040
f 8033 8036 8040 8037
f 8034 8033 8037 8038
f 8035 8034 8038 8039
f 8036 8035 8039 8040
f 8041 8042 8043 8044
f 8045 8046 8047 8048
f 8041 8044 8048 8045
f 8042 8041 8045 8046
f 8043 8042 8046 8047
f 8044 8043 8047 8048
f 8049 8050 8051 8052
f 8053 8054 8055 8056
f 8049 8052 8056 8053
f 8050 8049 8053 8054
f 8051 8050 8054 8055
f 8052 8051 8055 8056
f 8057 8058 8059 8060
f 8061 8062 8063 8064
f 8057 8060 8064 8061
f 8058 8057 8061 8062
f 8059 8058 8062 8063
f 8060 8059 8063 8064
f 8065 8066 8067 8068
f 8069 8070 8071 8072
f 8065 8068 8072 8069
f 8066 8065 8069 8070
f 8067 8066 8070 8071
f 8068 8067 8071 8072
f 8073 8074 8075 8076
f 8077 8078 8079 8080
f 8073 8076 8080 8077
f 8074 8073 8077 8078
f 8075 8074 8078 8079
f 8076 8075 8079 8080
f 8081 8082 8083 8084
f 8085 8086 8087 8088
f 8081 8084 8088 8085
f 8082 8081 8085 8086
f 8083 8082 8086 8087
f 8084 8083 8087 8088
f 8089 8090 8091 8092
f 8093 8094 8095 8096
f 8089 8092 8096 8093
f 8090 8089 8093 8094
f 8091 8090 8094 8095
f 8092 8091 8095 8096
f 8097 8098 8099 8100
f 8101 8102 8103 8104
f 8097 8100 8104 8101
f 8098 8097 8101 8102
f 8099 8098 8102 8103
f 8100 8099 8103 8104
f 8105 8106 8107 8108
f 8109 8110 8111 8112
f 8105 8108 8112 8109
f 8106 8105 8109 8110
f 8107 8106 8110 8111
f 8108 8107 8111 8112
f 8113 8114 8115 8116
f 8117 8118 8119 8120
f 8113 8116 8120 8117
f 8114 8113 8117 8118
f 8115 8114 8118 8119
f 8116 8115 8119 8120
f 8121 8122 8123 8124
f 8125 8126 8127 8128
f 8121 8124 8128 8125
f 8122 8121 8125 8126
f 8123 8122 8126 8127
f 8124 8123 8127 8128
f 8129 8130 8131 8132
f 8133 8134 8135 8136
f 8129 8132 8136 8133
f 8130 8129 8133 8134
f 8131 8130 8134 8135
f 8132 8131 8135 8136
f 8137 8138 8139 8140
f 8141 8142 8143 8144
f 8137 8140 8144 8141
f 8138 8137 8141 8142
f 8139 8138 8142 8143
f 8140 8139 8143 8144
f 8145 8146 8147 8148
f 8149 8150 8151 8152
f 8145 8148 8152 8149
f 8146 8145 8149 8150
f 8147 8146 8150 8151
f 8148 8147 8151 8152
f 8153 8154 8155 8156
f 8157 8158 8159 8160
f 8153 8156 8160 8157
f 8154 8153 8157 8158
f 8155 8154 8158 8159
f 8156 8155 8159 8160
f 8161 8162 8163 8164
f 8165 8166 8167 8168
f 8161 8164 8168 8165
f 8162 8161 8165 8166
f 8163 8162 8166 8167
f 8164 8163 8167 8168
f 8169 8170 8171 8172
f 8173 8174 8175 8176
f 8169 8172 8176 8173
f 8170 8169 8173 8174
f 8171 8170 8174 8175
f 8172 8171 8175 8176
f 8177 8178 8179 8180
f 8181 8182 8183 8184
f 8177 8180 8184 8181
f 8178 8177 8181 8182
f 8179 8178 8182 8183
f 8180 8179 8183 8184
f 8185 8186 8187 8188
f 8189 8190 8191 8192
f 8185 8188 8192 8189
f 8186 8185 8189 8190
f 8187 8186 8190 8191
f 8188 8187 8191 8192
f 8193 8194 8195 8196
f 8197 8198 8199 8200
f 8193 8196 8200 8197
f 8194 8193 8197 8198
f 8195 8194 8198 8199
f 8196 8195 8199 8200
f 8201 8202 8203 8204
f 8205 8206 8207 8208
f 8201 8204 8208 8205
f 8202 8201 8205 8206
f 8203 8202 8206 8207
f 8204 8203 8207 8208
f 8209 8210 8211 8212
f 8213 8214 8215 8216
f 8209 8212 8216 8213
f 8210 8209 8213 8214
f 8211 8210 8214 8215
f 8212 8211 8215 8216
f 8217 8218 8219 8220
f 8221 8222 8223 8224
f 8217 8220 8224 8221
f 8218 8217 8221 8222
f 8219 8218 8222 8223
f 8220 8219 8223 8224
f 8225 8226 8227 8228
f 8229 8230 8231 8232
f 8225 8228 8232 8229
f 8226 8225 8229 8230
f 8227 8226 8230 8231
f 8228 8227 8231 8232
f 8233 8234 8235 8236
f 8237 8238 8239 8240
f 8233 8236 8240 8237
f 8234 8233 8237 8238
f 8235 8234 8238 8239
f 8236 8235 8239 8240
f 8241 8242 8243 8244
f 8245 8246 8247 8248
f 8241 8244 8248 8245
f 8242 8241 8245 8246
f 8243 8242 8246 8247
f 8244 8243 8247 8248
f 8249 8250 8251 8252
f 8253 8254 8255 8256
f 8249 8252 8256 8253
f 8250 8249 8253 8254
f 8251 8250 8254 8255
f 8252 8251 8255 8256
f 8257 8258 8259 8260
f 8261 8262 8263 8264
f 8257 8260 8264 8261
f 8258 8257 8261 8262
f 8259 8258 8262 8263
f 8260 8259 8263 8264
f 8265 8266 8267 8268
f 8269 8270 8271 8272
f 8265 8268 8272 8269
f 8266 8265 8269 8270
f 8267 8266 8270 8271
f 8268 8267 8271 8272
f 8273 8274 8275 8276
f 8277 8278 8279 8280
f 8273 8276 8280 8277
f 8274 8273 8277 8278
f 8275 8274 8278 8279
f 8276 8275 8279 8280
f 8281 8282 8283 8284
f 8285 8286 8287 8288
f 8281 8284 8288 8285
f 8282 8281 8285 8286
f 8283 8282 8286 8287
f 8284 8283 8287 8288
f 8289 8290 8291 8292
f 8293 8294 8295 8296
f 8289 8292 8296 8293
f 8290 8289 8293 8294
f 8291 8290 8294 8295
f 8292 8291 8295 8296
f 8297 8298 8299 8300
f 8301 8302 8303 8304
f 8297 8300 8304 8301
f 8298 8297 8301 8302
f 8299 8298 8302 8303
f 8300 8299 8303 8304
f 8305 8306 8307 8308
f 8309 8310 8311 8312
f 8305 8308 8312 8309
f 8306 8305 8309 8310
f 8307 8306 8310 8311
f 8308 8307 8311 8312
f 8313 8314 8315 8316
f 8317 8318 8319 8320
f 8313 8316 8320 8317
f 8314 8313 8317 8318
f 8315 8314 8318 8319
f 8316 8315 8319 8320
f 8321 8322 8323 8324
f 8325 8326 8327 8328
f 8321 8324 8328 8325
f 8322 8321 8325 8326
f 8323 8322 8326 8327
f 8324 8323 8327 8328
f 8329 8330 8331 8332
f 8333 8334 8335 8336
f 8329 8332 8336 8333
f 8330 8329 8333 8334
f 8331 8330 8334 8335
f 8332 8331 8335 8336
f 8337 8338 8339 8340
f 8341 8342 8343 8344
f 8337 8340 8344 8341
f 8338 8337 8341 8342
f 8339 8338 8342 8343
f 8340 8339 8343 8344
f 8345 8346 8347 8348
f 8349 8350 8351 8352
f 8345 8348 8352 8349
f 8346 8345 8349 8350
f 8347 8346 8350 8351
f 8348 8347 8351 8352
f 8353 8354 8355 8356
f 8357 8358 8359 8360
f 8353 8356 8360 8357
f 8354 8353 8357 8358
f 8355 8354 8358 8359
f 8356 8355 8359 8360
f 8361 8362 8363 8364
f 8365 8366 8367 8368
f 8361 8364 8368 8365
f 8362 8361 8365 8366
f 8363 8362 8366 8367
f 8364 8363 8367 8368
f 8369 8370 8371 8372
f 8373 8374 8375 8376
f 8369 8372 8376 8373
f 8370 8369 8373 8374
f 8371 8370 8374 8375
f 8372 8371 8375 8376
f 8377 8378 8379 8380
f 8381 8382 8383 8384
f 8377 8380 8384 8381
f 8378 8377 8381 8382
f 8379 8378 8382 8383
f 8380 8379 8383 8384
f 8385 8386 8387 8388
f 8389 8390 8391 8392
f 8385 8388 8392 8389
f 8386 8385 8389 8390
f 8387 8386 8390 8391
f 8388 8387 8391 8392
f 8393 8394 8395 8396
f 8397 8398 8399 8400
f 8393 8396 8400 8397
f 8394 8393 8397 8398
f 8395 8394 8398 8399
f 8396 8395 8399 8400
f 8401 8402 8403 8404
f 8405 8406 8407 8408
f 8401 8404 8408 8405
f 8402 8401 8405 8406
f 8403 8402 8406 8407
f 8404 8403 8407 8408
f 8409 8410 8411 8412
f 8413 8414 8415 8416
f 8409 8412 8416 8413
f 8410 8409 8413 8414
f 8411 8410 8414 8415
f 8412 8411 8415 8416
f 8417 8418 8419 8420
f 8421 8422 8423 8424
f 8417 8420 8424 8421
f 8418 8417 8421 8422
f 8419 8418 8422 8423
f 8420 8419 8423 8424
f 8425 8426 8427 8428
f 8429 8430 8431 8432
f 8425 8428 8432 8429
f 8426 8425 8429 8430
f 8427 8426 8430 8431
f 8428 8427 8431 8432
f 8433 8434 8435 8436
f 8437 8438 8439 8440
f 8433 8436 8440 8437
f 8434 8433 8437 8438
f 8435 8434 8438 8439
f 8436 8435 8439 8440
f 8441 8442 8443 8444
f 8445 8446 8447 8448
f 8441 8444 8448 8445
f 8442 8441 8445 8446
f 8443 8442 8446 8447
f 8444 8443 8447 8448
f 8449 8450 8451 8452
f 8453 8454 8455 8456
f 8449 8452 8456 8453
f 8450 8449 8453 8454
f 8451 8450 8454 8455
f 8452 8451 8455 8456
f 8457 8458 8459 8460
f 8461 8462 8463 8464
f 8457 8460 8464 8461
f 8458 8457 8461 8462
f 8459 8458 8462 8463
f 8460 8459 8463 8464
f 8465 8466 8467 8468
f 8469 8470 8471 8472
f 8465 8468 8472 8469
f 8466 8465 8469 8470
f 8467 8466 8470 8471
f 8468 8467 8471 8472
f 8473 8474 8475 8476
f 8477 8478 8479 8480
f 8473 8476 8480 8477
f 8474 8473 8477 8478
f 8475 8474 8478 8479
f 8476 8475 8479 8480
f 8481 8482 8483 8484
f 8485 8486 8487 8488
f 8481 8484 8488 8485
f 8482 8481 8485 8486
f 8483 8482 8486 8487
f 8484 8483 8487 8488
f 8489 8490 8491 8492
f 8493 8494 8495 8496
f 8489 8492 8496 8493
f 8490 8489 8493 8494
f 8491 8490 8494 8495
f 8492 8491 8495 8496
f 8497 8498 8499 8500
f 8501 8502 8503 8504
f 8497 8500 8504 8501
f 8498 8497 8501 8502
f 8499 8498 8502 8503
f 8500 8499 8503 8504
f 8505 8506 8507 8508
f 8509 8510 8511 8512
f 8505 8508 8512 8509
f 8506 8505 8509 8510
f 8507 8506 8510 8511
f 8508 8507 8511 8512
f 8513 8514 8515 8516
f 8517 8518 8519 8520
f 8513 8516 8520 8517
f 8514 8513 8517 8518
f 8515 8514 8518 8519
f 8516 8515 8519 8520
f 8521 8522 8523 8524
f 8525 8526 8527 8528
f 8521 8524 8528 8525
f 8522 8521 8525 8526
f 8523 8522 8526 8527
f 8524 8523 8527 8528
f 8529 8530 8531 8532
f 8533 8534 8535 8536
f 8529 8532 8536 8533
f 8530 8529 8533 8534
f 8531 8530 8534 8535
f 8532 8531 8535 8536
f 8537 8538 8539 8540
f 8541 8542 8543 8544
f 8537 8540 8544 8541
f 8538 8537 8541 8542
f 8539 8538 8542 8543
f 8540 8539 8543 8544
f 8545 8546 8547 8548
f 8549 8550 8551 8552
f 8545 8548 8552 8549
f 8546 8545 8549 8550
f 8547 8546 8550 8551
f 8548 8547 8551 8552
f 8553 8554 8555 8556
f 8557 8558 8559 8560
f 8553 8556 8560 8557
f 8554 8553 8557 8558
f 8555 8554 8558 8559
f 8556 8555 8559 8560
f 8561 8562 8563 8564
f 8565 8566 8567 8568
f 8561 8564 8568 8565
f 8562 8561 8565 8566
f 8563 8562 8566 8567
f 8564 8563 8567 8568
f 8569 8570 8571 8572
f 8573 8574 8575 8576
f 8569 8572 8576 8573
f 8570 8569 8573 8574
f 8571 8570 8574 8575
f 8572 8571 8575 8576
f 8577 8578 8579 8580
f 8581 8582 8583 8584
f 8577 8580 8584 8581
f 8578 8577 8581 8582
f 8579 8578 8582 8583
f 8580 8579 8583 8584
f 8585 8586 8587 8588
f 8589 8590 8591 8592
f 8585 8588 8592 8589
f 8586 8585 8589 8590
f 8587 8586 8590 8591
f 8588 8587 8591 8592
f 8593 8594 8595 8596
f 8597 8598 8599 8600
f 8593 8596 8600 8597
f 8594 8593 8597 8598
f 8595 8594 8598 8599
f 8596 8595 8599 8600
f 8601 8602 8603 8604
f 8605 8606 8607 8608
f 8601 8604 8608 8605
f 8602 8601 8605 8606
f 8603 8602 8606 8607
f 8604 8603 8607 8608
f 8609 8610 8611 8612
f 8613 8614 8615 8616
f 8609 8612 8616 8613
f 8610 8609 8613 8614
f 8611 8610 8614 8615
f 8612 8611 8615 8616
f 8617 8618 8619 8620
f 8621 8622 8623 8624
f 8617 8620 8624 8621
f 8618 8617 8621 8622
f 8619 8618 8622 8623
f 8620 8619 8623 8624
f 8625 8626 8627 8628
f 8629 8630 8631 8632
f 8625 8628 8632 8629
f 8626 8625 8629 8630
f 8627 8626 8630 8631
f 8628 8627 8631 8632
f 8633 8634 8635 8636
f 8637 8638 8639 8640
f 8633 8636 8640 8637
f 8634 8633 8637 8638
f 8635 8634 8638 8639
f 8636 8635 8639 8640
f 8641 8642 8643 8644
f 8645 8646 8647 8648
f 8641 8644 8648 8645
f 8642 8641 8645 8646
f 8643 8642 8646 8647
f 8644 8643 8647 8648
f 8649 8650 8651 8652
f 8653 8654 8655 8656
f 8649 8652 8656 8653
f 8650 8649 8653 8654
f 8651 8650 8654 8655
f 8652 8651 8655 8656
f 8657 8658 8659 8660
f 8661 8662 8663 8664
f 8657 8660 8664 8661
f 8658 8657 8661 8662
f 8659 8658 8662 8663
f 8660 8659 8663 8664
f 8665 8666 8667 8668
f 8669 8670 8671 8672
f 8665 8668 8672 8669
f 8666 8665 8669 8670
f 8667 8666 8670 8671
f 8668 8667 8671 8672
f 8673 8674 8675 8676
f 8677 8678 8679 8680
f 8673 8676 8680 8677
f 8674 8673 8677 8678
f 8675 8674 8678 8679
f 8676 8675 8679 8680
f 8681 8682 8683 8684
f 8685 8686 8687 8688
f 8681 8684 8688 8685
f 8682 8681 8685 8686
f 8683 8682 8686 8687
f 8684 8683 8687 8688
f 8689 8690 8691 8692
f 8693 8694 8695 8696
f 8689 8692 8696 8693
f 8690 8689 8693 8694
f 8691 8690 8694 8695
f 8692 8691 8695 8696
f 8697 8698 8699 8700
f 8701 8702 8703 8704
f 8697 8700 8704 8701
f 8698 8697 8701 8702
f 8699 8698 8702 8703
f 8700 8699 8703 8704
f 8705 8706 8707 8708
f 8709 8710 8711 8712
f 8705 8708 8712 8709
f 8706 8705 8709 8710
f 8707 8706 8710 8711
f 8708 8707 8711 8712
f 8713 8714 8715 8716
f 8717 8718 8719 8720
f 8713 8716 8720 8717
f 8714 8713 8717 8718
f 8715 8714 8718 8719
f 8716 8715 8719 8720
f 8721 8722 8723 8724
f 8725 8726 8727 8728
f 8721 8724 8728 8725
f 8722 8721 8725 8726
f 8723 8722 8726 8727
f 8724 8723 8727 8728
f 8729 8730 8731 8732
f 8733 8734 8735 8736
f 8729 8732 8736 8733
f 8730 8729 8733 8734
f 8731 8730 8734 8735
f 8732 8731 8735 8736
f 8737 8738 8739 8740
f 8741 8742 8743 8744
f 8737 8740 8744 8741
f 8738 8737 8741 8742
f 8739 8738 8742 8743
f 8740 8739 8743 8744
f 8745 8746 8747 8748
f 8749 8750 8751 8752
f 8745 8748 8752 8749
f 8746 8745 8749 8750
f 8747 8746 8750 8751
f 8748 8747 8751 8752
f 8753 8754 8755 8756
f 8757 8758 8759 8760
f 8753 8756 8760 8757
f 8754 8753 8757 8758
f 8755 8754 8758 8759
f 8756 8755 8759 8760
f 8761 8762 8763 8764
f 8765 8766 8767 8768
f 8761 8764 8768 8765
f 8762 8761 8765 8766
f 8763 8762 8766 8767
f 8764 8763 8767 8768
f 8769 8770 8771 8772
f 8773 8774 8775 8776
f 8769 8772 8776 8773
f 8770 8769 8773 8774
f 8771 8770 8774 8775
f 8772 8771 8775 8776
f 8777 8778 8779 8780
f 8781 8782 8783 8784
f 8777 8780 8784 8781
f 8778 8777 8781 8782
f 8779 8778 8782 8783
f 8780 8779 8783 8784
f 8785 8786 8787 8788
f 8789 8790 8791 8792
f 8785 8788 8792 8789
f 8786 8785 8789 8790
f 8787 8786 8790 8791
f 8788 8787 8791 8792
f 8793 8794 8795 8796
f 8797 8798 8799 8800
f 8793 8796 8800 8797
f 8794 8793 8797 8798
f 8795 8794 8798 8799
f 8796 8795 8799 8800
f 8801 8802 8803 8804
f 8805 8806 8807 8808
f 8801 8804 8808 8805
f 8802 8801 8805 8806
f 8803 8802 8806 8807
f 8804 8803 8807 8808
f 8809 8810 8811 8812
f 8813 8814 8815 8816
f 8809 8812 8816 8813
f 8810 8809 8813 8814
f 8811 8810 8814 8815
f 8812 8811 8815 8816
f 8817 8818 8819 8820
f 8821 8822 8823 8824
f 8817 8820 8824 8821
f 8818 8817 8821 8822
f 8819 8818 8822 8823
f 8820 8819 8823 8824
f 8825 8826 8827 8828
f 8829 8830 8831 8832
f 8825 8828 8832 8829
f 8826 8825 8829 8830
f 8827 8826 8830 8831
f 8828 8827 8831 8832
f 8833 8834 8835 8836
f 8837 8838 8839 8840
f 8833 8836 8840 8837
f 8834 8833 8837 8838
f 8835 8834 8838 8839
f 8836 8835 8839 8840
f 8841 8842 8843 8844
f 8845 8846 8847 8848
f 8841 8844 8848 8845
f 8842 8841 8845 8846
f 8843 8842 8846 8847
f 8844 8843 8847 8848
f 8849 8850 8851 8852
f 8853 8854 8855 8856
f 8849 8852 8856 8853
f 8850 8849 8853 8854
f 8851 8850 8854 8855
f 8852 8851 8855 8856
f 8857 8858 8859 8860
f 8861 8862 8863 8864
f 8857 8860 8864 8861
f 8858 8857 8861 8862
f 8859 8858 8862 8863
f 8860 8859 8863 8864
f 8865 8866 8867 8868
f 8869 8870 8871 8872
f 8865 8868 8872 8869
f 8866 8865 8869 8870
f 8867 8866 8870 8871
f 8868 8867 8871 8872
f 8873 8874 8875 8876
f 8877 8878 8879 8880
f 8873 8876 8880 8877
f 8874 8873 8877 8878
f 8875 8874 8878 8879
f 8876 8875 8879 8880
f 8881 8882 8883 8884
f 8885 8886 8887 8888
f 8881 8884 8888 8885
f 8882 8881 8885 8886
f 8883 8882 8886 8887
f 8884 8883 8887 8888
f 8889 8890 8891 8892
f 8893 8894 8895 8896
f 8889 8892 8896 8893
f 8890 8889 8893 8894
f 8891 8890 8894 8895
f 8892 8891 8895 8896
f 8897 8898 8899 8900
f 8901 8902 8903 8904
f 8897 8900 8904 8901
f 8898 8897 8901 8902
f 8899 8898 8902 8903
f 8900 8899 8903 8904
f 8905 8906 8907 8908
f 8909 8910 8911 8912
f 8905 8908 8912 8909
f 8906 8905 8909 8910
f 8907 8906 8910 8911
f 8908 8907 8911 8912
f 8913 8914 8915 8916
f 8917 8918 8919 8920
f 8913 8916 8920 8917
f 8914 8913 8917 8918
f 8915 8914 8918 8919
f 8916 8915 8919 8920
f 8921 8922 8923 8924
f 8925 8926 8927 8928
f 8921 8924 8928 8925
f 8922 8921 8925 8926
f 8923 8922 8926 8927
f 8924 8923 8927 8928
f 8929 8930 8931 8932
f 8933 8934 8935 8936
f 8929 8932 8936 8933
f 8930 8929 8933 8934
f 8931 8930 8934 8935
f 8932 8931 8935 8936
f 8937 8938 8939 8940
f 8941 8942 8943 8944
f 8937 8940 8944 8941
f 8938 8937 8941 8942
f 8939 8938 8942 8943
f 8940 8939 8943 8944
f 8945 8946 8947 8948
f 8949 8950 8951 8952
f 8945 8948 8952 8949
f 8946 8945 8949 8950
f 8947 8946 8950 8951
f 8948 8947 8951 8952
f 8953 8954 8955 8956
f 8957 8958 8959 8960
f 8953 8956 8960 8957
f 8954 8953 8957 8958
f 8955 8954 8958 8959
f 8956 8955 8959 8960
f 8961 8962 8963 8964
f 8965 8966 8967 8968
f 8961 8964 8968 8965
f 8962 8961 8965 8966
f 8963 8962 8966 8967
f 8964 8963 8967 8968
f 8969 8970 8971 8972
f 8973 8974 8975 8976
f 8969 8972 8976 8973
f 8970 8969 8973 8974
f 8971 8970 8974 8975
f 8972 8971 8975 8976
f 8977 8978 8979 8980
f 8981 8982 8983 8984
f 8977 8980 8984 8981
f 8978 8977 8981 8982
f 8979 8978 8982 8983
f 8980 8979 8983 8984
f 8985 8986 8987 8988
f 8989 8990 8991 8992
f 8985 8988 8992 8989
f 8986 8985 8989 8990
f 8987 8986 8990 8991
f 8988 8987 8991 8992
f 8993 8994 8995 8996
f 8997 8998 8999 9000
f 8993 8996 9000 8997
f 8994 8993 8997 8998
f 8995 8994 8998 8999
f 8996 8995 8999 9000
f 9001 9002 9003 9004
f 9005 9006 9007 9008
f 9001 9004 9008 9005
f 9002 9001 9005 9006
f 9003 9002 9006 9007
f 9004 9003 9007 9008
f 9009 9010 9011 9012
f 9013 9014 9015 9016
f 9009 9012 9016 9013
f 9010 9009 9013 9014
f 9011 9010 9014 9015
f 9012 9011 9015 9016
f 9017 9018 9019 9020
f 9021 9022 9023 9024
f 9017 9020 9024 9021
f 9018 9017 9021 9022
f 9019 9018 9022 9023
f 9020 9019 9023 9024
f 9025 9026 9027 9028
f 9029 9030 9031 9032
f 9025 9028 9032 9029
f 9026 9025 9029 9030
f 9027 9026 9030 9031
f 9028 9027 9031 9032
f 9033 9034 9035 9036
f 9037 9038 9039 9040
f 9033 9036 9040 9037
f 9034 9033 9037 9038
f 9035 9034 9038 9039
f 9036 9035 9039 9040
f 9041 9042 9043 9044
f 9045 9046 9047 9048
f 9041 9044 9048 9045
f 9042 9041 9045 9046
f 9043 9042 9046 9047
f 9044 9043 9047 9048
f 9049 9050 9051 9052
f 9053 9054 9055 9056
f 9049 9052 9056 9053
f 9050 9049 9053 9054
f 9051 9050 9054 9055
f 9052 9051 9055 9056
f 9057 9058 9059 9060
f 9061 9062 9063 9064
f 9057 9060 9064 9061
f 9058 9057 9061 9062
f 9059 9058 9062 9063
f 9060 9059 9063 9064
f 9065 9066 9067 9068
f 9069 9070 9071 9072
f 9065 9068 9072 9069
f 9066 9065 9069 9070
f 9067 9066 9070 9071
f 9068 9067 9071 9072
f 9073 9074 9075 9076
f 9077 9078 9079 9080
f 9073 9076 9080 9077
f 9074 9073 9077 9078
f 9075 9074 9078 9079
f 9076 9075 9079 9080
f 9081 9082 9083 9084
f 9085 9086 9087 9088
f 9081 9084 9088 9085
f 9082 9081 9085 9086
f 9083 9082 9086 9087
f 9084 9083 9087 9088
f 9089 9090 9091 9092
f 9093 9094 9095 9096
f 9089 9092 9096 9093
f 9090 9089 9093 9094
f 9091 9090 9094 9095
f 9092 9091 9095 9096
f 9097 9098 9099 9100
f 9101 9102 9103 9104
f 9097 9100 9104 9101
f 9098 9097 9101 9102
f 9099 9098 9102 9103
f 9100 9099 9103 9104
f 9105 9106 9107 9108
f 9109 9110 9111 9112
f 9105 9108 9112 9109
f 9106 9105 9109 9110
f 9107 9106 9110 9111
f 9108 9107 9111 9112
f 9113 9114 9115 9116
f 9117 9118 9119 9120
f 9113 9116 9120 9117
f 9114 9113 9117 9118
f 9115 9114 9118 9119
f 9116 9115 9119 9120
f 9121 9122 9123 9124
f 9125 9126 9127 9128
f 9121 9124 9128 9125
f 9122 9121 9125 9126
f 9123 9122 9126 9127
f 9124 9123 9127 9128
f 9129 9130 9131 9132
f 9133 9134 9135 9136
f 9129 9132 9136 9133
f 9130 9129 9133 9134
f 9131 9130 9134 9135
f 9132 9131 9135 9136
f 9137 9138 9139 9140
f 9141 9142 9143 9144
f 9137 9140 9144 9141
f 9138 9137 9141 9142
f 9139 9138 9142 9143
f 9140 9139 9143 9144
f 9145 9146 9147 9148
f 9149 9150 9151 9152
f 9145 9148 9152 9149
f 9146 9145 9149 9150
f 9147 9146 9150 9151
f 9148 9147 9151 9152
f 9153 9154 9155 9156
f 9157 9158 9159 9160
f 9153 9156 9160 9157
f 9154 9153 9157 9158
f 9155 9154 9158 9159
f 9156 9155 9159 9160
f 9161 9162 9163 9164
f 9165 9166 9167 9168
f 9161 9164 9168 9165
f 9162 9161 9165 9166
f 9163 9162 9166 9167
f 9164 9163 9167 9168
f 9169 9170 9171 9172
f 9173 9174 9175 9176
f 9169 9172 9176 9173
f 9170 9169 9173 9174
f 9171 9170 9174 9175
f 9172 9171 9175 9176
f 9177 9178 9179 9180
f 9181 9182 9183 9184
f 9177 9180 9184 9181
f 9178 9177 9181 9182
f 9179 9178 9182 9183
f 9180 9179 9183 9184
f 9185 9186 9187 9188
f 9189 9190 9191 9192
f 9185 9188 9192 9189
f 9186 9185 9189 9190
f 9187 9186 9190 9191
f 9188 9187 9191 9192
f 9193 9194 9195 9196
f 9197 9198 9199 9200
f 9193 9196 9200 9197
f 9194 9193 9197 9198
f 9195 9194 9198 9199
f 9196 9195 9199 9200
f 9201 9202 9203 9204
f 9205 9206 9207 9208
f 9201 9204 9208 9205
f 9202 9201 9205 9206
f 9203 9202 9206 9207
f 9204 9203 9207 9208
f 9209 9210 9211 9212
f 9213 9214 9215 9216
f 9209 9212 9216 9213
f 9210 9209 9213 9214
f 9211 9210 9214 9215
f 9212 9211 9215 9216
f 9217 9218 9219 9220
f 9221 9222 9223 9224
f 9217 9220 9224 9221
f 9218 9217 9221 9222
f 9219 9218 9222 9223
f 9220 9219 9223 9224
f 9225 9226 9227 9228
f 9229 9230 9231 9232
f 9225 9228 9232 9229
f 9226 9225 9229 9230
f 9227 9226 9230 9231
f 9228 9227 9231 9232
f 9233 9234 9235 9236
f 9237 9238 9239 9240
f 9233 9236 9240 9237
f 9234 9233 9237 9238
f 9235 9234 9238 9239
f 9236 9235 9239 9240
f 9241 9242 9243 9244
f 9245 9246 9247 9248
f 9241 9244 9248 9245
f 9242 9241 9245 9246
f 9243 9242 9246 9247
f 9244 9243 9247 9248
f 9249 9250 9251 9252
f 9253 9254 9255 9256
f 9249 9252 9256 9253
f 9250 9249 9253 9254
f 9251 9250 9254 9255
f 9252 9251 9255 9256
f 9257 9258 9259 9260
f 9261 9262 9263 9264
f 9257 9260 9264 9261
f 9258 9257 9261 9262
f 9259 9258 9262 9263
f 9260 9259 9263 9264
f 9265 9266 9267 9268
f 9269 9270 9271 9272
f 9265 9268 9272 9269
f 9266 9265 9269 9270
f 9267 9266 9270 9271
f 9268 9267 9271 9272
f 9273 9274 9275 9276
f 9277 9278 9279 9280
f 9273 9276 9280 9277
f 9274 9273 9277 9278
f 9275 9274 9278 9279
f 9276 9275 9279 9280
f 9281 9282 9283 9284
f 9285 9286 9287 9288
f 9281 9284 9288 9285
f 9282 9281 9285 9286
f 9283 9282 9286 9287
f 9284 9283 9287 9288
f 9289 9290 9291 9292
f 9293 9294 9295 9296
f 9289 9292 9296 9293
f 9290 9289 9293 9294
f 9291 9290 9294 9295
f 9292 9291 9295 9296
f 9297 9298 9299 9300
f 9301 9302 9303 9304
f 9297 9300 9304 9301
f 9298 9297 9301 9302
f 9299 9298 9302 9303
f 9300 9299 9303 9304
f 9305 9306 9307 9308
f 9309 9310 9311 9312
f 9305 9308 9312 9309
f 9306 9305 9309 9310
f 9307 9306 9310 9311
f 9308 9307 9311 9312
f 9313 9314 9315 9316
f 9317 9318 9319 9320
f 9313 9316 9320 9317
f 9314 9313 9317 9318
f 9315 9314 9318 9319
f 9316 9315 9319 9320
f 9321 9322 9323 9324
f 9325 9326 9327 9328
f 9321 9324 9328 9325
f 9322 9321 9325 9326
f 9323 9322 9326 9327
f 9324 9323 9327 9328
f 9329 9330 9331 9332
f 9333 9334 9335 9336
f 9329 9332 9336 9333
f 9330 9329 9333 9334
f 9331 9330 9334 9335
f 9332 9331 9335 9336
f 9337 9338 9339 9340
f 9341 9342 9343 9344
f 9337 9340 9344 9341
f 9338 9337 9341 9342
f 9339 9338 9342 9343
f 9340 9339 9343 9344
f 9345 9346 9347 9348
f 9349 9350 9351 9352
f 9345 9348 9352 9349
f 9346 9345 9349 9350
f 9347 9346 9350 9351
f 9348 9347 9351 9352
f 9353 9354 9355 9356
f 9357 9358 9359 9360
f 9353 9356 9360 9357
f 9354 9353 9357 9358
f 9355 9354 9358 9359
f 9356 9355 9359 9360
f 9361 9362 9363 9364
f 9365 9366 9367 9368
f 9361 9364 9368 9365
f 9362 9361 9365 9366
f 9363 9362 9366 9367
f 9364 9363 9367 9368
f 9369 9370 9371 9372
f 9373 9374 9375 9376
f 9369 9372 9376 9373
f 9370 9369 9373 9374
f 9371 9370 9374 9375
f 9372 9371 9375 9376
f 9377 9378 9379 9380
f 9381 9382 9383 9384
f 9377 9380 9384 9381
f 9378 9377 9381 9382
f 9379 9378 9382 9383
f 9380 9379 9383 9384
f 9385 9386 9387 9388
f 9389 9390 9391 9392
f 9385 9388 9392 9389
f 9386 9385 9389 9390
f 9387 9386 9390 9391
f 9388 9387 9391 9392
f 9393 9394 9395 9396
f 9397 9398 9399 9400
f 9393 9396 9400 9397
f 9394 9393 9397 9398
f 9395 9394 9398 9399
f 9396 9395 9399 9400
f 9401 9402 9403 9404
f 9405 9406 9407 9408
f 9401 9404 9408 9405
f 9402 9401 9405 9406
f 9403 9402 9406 9407
f 9404 9403 9407 9408
f 9409 9410 9411 9412
f 9413 9414 9415 9416
f 9409 9412 9416 9413
f 9410 9409 9413 9414
f 9411 9410 9414 9415
f 9412 9411 9415 9416
f 9417 9418 9419 9420
f 9421 9422 9423 9424
f 9417 9420 9424 9421
f 9418 9417 9421 9422
f 9419 9418 9422 9423
f 9420 9419 9423 9424
f 9425 9426 9427 9428
f 9429 9430 9431 9432
f 9425 9428 9432 9429
f 9426 9425 9429 9430
f 9427 9426 9430 9431
f 9428 9427 9431 9432
f 9433 9434 9435 9436
f 9437 9438 9439 9440
f 9433 9436 9440 9437
f 9434 9433 9437 9438
f 9435 9434 9438 9439
f 9436 9435 9439 9440
f 9441 9442 9443 9444
f 9445 9446 9447 9448
f 9441 9444 9448 9445
f 9442 9441 9445 9446
f 9443 9442 9446 9447
f 9444 9443 9447 9448
f 9449 9450 9451 9452
f 9453 9454 9455 9456
f 9449 9452 9456 9453
f 9450 9449 9453 9454
f 9451 9450 9454 9455
f 9452 9451 9455 9456
f 9457 9458 9459 9460
f 9461 9462 9463 9464
f 9457 9460 9464 9461
f 9458 9457 9461 9462
f 9459 9458 9462 9463
f 9460 9459 9463 9464
f 9465 9466 9467 9468
f 9469 9470 9471 9472
f 9465 9468 9472 9469
f 9466 9465 9469 9470
f 9467 9466 9470 9471
f 9468 9467 9471 9472
f 9473 9474 9475 9476
f 9477 9478 9479 9480
f 9473 9476 9480 9477
f 9474 9473 9477 9478
f 9475 9474 9478 9479
f 9476 9475 9479 9480
f 9481 9482 9483 9484
f 9485 9486 9487 9488
f 9481 9484 9488 9485
f 9482 9481 9485 9486
f 9483 9482 9486 9487
f 9484 9483 9487 9488
f 9489 9490 9491 9492
f 9493 9494 9495 9496
f 9489 9492 9496 9493
f 9490 9489 9493 9494
f 9491 9490 9494 9495
f 9492 9491 9495 9496
f 9497 9498 9499 9500
f 9501 9502 9503 9504
f 9497 9500 9504 9501
f 9498 9497 9501 9502
f 9499 9498 9502 9503
f 9500 9499 9503 9504
f 9505 9506 9507 9508
f 9509 9510 9511 9512
f 9505 9508 9512 9509
f 9506 9505 9509 9510
f 9507 9506 9510 9511
f 9508 9507 9511 9512
f 9513 9514 9515 9516
f 9517 9518 9519 9520
f 9513 9516 9520 9517
f 9514 9513 9517 9518
f 9515 9514 9518 9519
f 9516 9515 9519 9520
f 9521 9522 9523 9524
f 9525 9526 9527 9528
f 9521 9524 9528 9525
f 9522 9521 9525 9526
f 9523 9522 9526 9527
f 9524 9523 9527 9528
f 9529 9530 9531 9532
f 9533 9534 9535 9536
f 9529 9532 9536 9533
f 9530 9529 9533 9534
f 9531 9530 9534 9535
f 9532 9531 9535 9536
f 9537 9538 9539 9540
f 9541 9542 9543 9544
f 9537 9540 9544 9541
f 9538 9537 9541 9542
f 9539 9538 9542 9543
f 9540 9539 9543 9544
f 9545 9546 9547 9548
f 9549 9550 9551 9552
f 9545 9548 9552 9549
f 9546 9545 9549 9550
f 9547 9546 9550 9551
f 9548 9547 9551 9552
f 9553 9554 9555 9556
f 9557 9558 9559 9560
f 9553 9556 9560 9557
f 9554 9553 9557 9558
f 9555 9554 9558 9559
f 9556 9555 9559 9560
f 9561 9562 9563 9564
f 9565 9566 9567 9568
f 9561 9564 9568 9565
f 9562 9561 9565 9566
f 9563 9562 9566 9567
f 9564 9563 9567 9568
f 9569 9570 9571 9572
f 9573 9574 9575 9576
f 9569 9572 9576 9573
f 9570 9569 9573 9574
f 9571 9570 9574 9575
f 9572 9571 9575 9576
f 9577 9578 9579 9580
f 9581 9582 9583 9584
f 9577 9580 9584 9581
f 9578 9577 9581 9582
f 9579 9578 9582 9583
f 9580 9579 9583 9584
f 9585 9586 9587 9588
f 9589 9590 9591 9592
f 9585 9588 9592 9589
f 9586 9585 9589 9590
f 9587 9586 9590 9591
f 9588 9587 9591 9592
f 9593 9594 9595 9596
f 9597 9598 9599 9600
f 9593 9596 9600 9597
f 9594 9593 9597 9598
f 9595 9594 9598 9599
f 9596 9595 9599 9600
f 9601 9602 9603 9604
f 9605 9606 9607 9608
f 9601 9604 9608 9605
f 9602 9601 9605 9606
f 9603 9602 9606 9607
f 9604 9603 9607 9608
f 9609 9610 9611 9612
f 9613 9614 9615 9616
f 9609 9612 9616 9613
f 9610 9609 9613 9614
f 9611 9610 9614 9615
f 9612 9611 9615 9616
f 9617 9618 9619 9620
f 9621 9622 9623 9624
f 9617 9620 9624 9621
f 9618 9617 9621 9622
f 9619 9618 9622 9623
f 9620 9619 9623 9624
f 9625 9626 9627 9628
f 9629 9630 9631 9632
f 9625 9628 9632 9629
f 9626 9625 9629 9630
f 9627 9626 9630 9631
f 9628 9627 9631 9632
f 9633 9634 9635 9636
f 9637 9638 9639 9640
f 9633 9636 9640 9637
f 9634 9633 9637 9638
f 9635 9634 9638 9639
f 9636 9635 9639 9640
f 9641 9642 9643 9644
f 9645 9646 9647 9648
f 9641 9644 9648 9645
f 9642 9641 9645 9646
f 9643 9642 9646 9647
f 9644 9643 9647 9648
f 9649 9650 9651 9652
f 9653 9654 9655 9656
f 9649 9652 9656 9653
f 9650 9649 9653 9654
f 9651 9650 9654 9655
f 9652 9651 9655 9656
f 9657 9658 9659 9660
f 9661 9662 9663 9664
f 9657 9660 9664 9661
f 9658 9657 9661 9662
f 9659 9658 9662 9663
f 9660 9659 9663 9664
f 9665 9666 9667 9668
f 9669 9670 9671 9672
f 9665 9668 9672 9669
f 9666 9665 9669 9670
f 9667 9666 9670 9671
f 9668 9667 9671 9672
f 9673 9674 9675 9676
f 9677 9678 9679 9680
f 9673 9676 9680 9677
f 9674 9673 9677 9678
f 9675 9674 9678 9679
f 9676 9675 9679 9680
f 9681 9682 9683 9684
f 9685 9686 9687 9688
f 9681 9684 9688 9685
f 9682 9681 9685 9686
f 9683 9682 9686 9687
f 9684 9683 9687 9688
f 9689 9690 9691 9692
f 9693 9694 9695 9696
f 9689 9692 9696 9693
f 9690 9689 9693 9694
f 9691 9690 9694 9695
f 9692 9691 9695 9696
f 9697 9698 9699 9700
f 9701 9702 9703 9704
f 9697 9700 9704 9701
f 9698 9697 9701 9702
f 9699 9698 9702 9703
f 9700 9699 9703 9704
f 9705 9706 9707 9708
f 9709 9710 9711 9712
f 9705 9708 9712 9709
f 9706 9705 9709 9710
f 9707 9706 9710 9711
f 9708 9707 9711 9712
f 9713 9714 9715 9716
f 9717 9718 9719 9720
f 9713 9716 9720 9717
f 9714 9713 9717 9718
f 9715 9714 9718 9719
f 9716 9715 9719 9720
f 9721 9722 9723 9724
f 9725 9726 9727 9728
f 9721 9724 9728 9725
f 9722 9721 9725 9726
f 9723 9722 9726 9727
f 9724 9723 9727 9728
f 9729 9730 9731 9732
f 9733 9734 9735 9736
f 9729 9732 9736 9733
f 9730 9729 9733 9734
f 9731 9730 9734 9735
f 9732 9731 9735 9736
f 9737 9738 9739 9740
f 9741 9742 9743 9744
f 9737 9740 9744 9741
f 9738 9737 9741 9742
f 9739 9738 9742 9743
f 9740 9739 9743 9744
f 9745 9746 9747 9748
f 9749 9750 9751 9752
f 9745 9748 9752 9749
f 9746 9745 9749 9750
f 9747 9746 9750 9751
f 9748 9747 9751 9752
f 9753 9754 9755 9756
f 9757 9758 9759 9760
f 9753 9756 9760 9757
f 9754 9753 9757 9758
f 9755 9754 9758 9759
f 9756 9755 9759 9760
f 9761 9762 9763 9764
f 9765 9766 9767 9768
f 9761 9764 9768 9765
f 9762 9761 9765 9766
f 9763 9762 9766 9767
f 9764 9763 9767 9768
f 9769 9770 9771 9772
f 9773 9774 9775 9776
f 9769 9772 9776 9773
f 9770 9769 9773 9774
f 9771 9770 9774 9775
f 9772 9771 9775 9776
f 9777 9778 9779 9780
f 9781 9782 9783 9784
f 9777 9780 9784 9781
f 9778 9777 9781 9782
f 9779 9778 9782 9783
f 9780 9779 9783 9784
f 9785 9786 9787 9788
f 9789 9790 9791 9792
f 9785 9788 9792 9789
f 9786 9785 9789 9790
f 9787 9786 9790 9791
f 9788 9787 9791 9792
f 9793 9794 9795 9796
f 9797 9798 9799 9800
f 9793 9796 9800 9797
f 9794 9793 9797 9798
f 9795 9794 9798 9799
f 9796 9795 9799 9800
f 9801 9802 9803 9804
f 9805 9806 9807 9808
f 9801 9804 9808 9805
f 9802 9801 9805 9806
f 9803 9802 9806 9807
f 9804 9803 9807 9808
f 9809 9810 9811 9812
f 9813 9814 9815 9816
f 9809 9812 9816 9813
f 9810 9809 9813 9814
f 9811 9810 9814 9815
f 9812 9811 9815 9816
f 9817 9818 9819 9820
f 9821 9822 9823 9824
f 9817 9820 9824 9821
f 9818 9817 9821 9822
f 9819 9818 9822 9823
f 9820 9819 9823 9824
f 9825 9826 9827 9828
f 9829 9830 9831 9832
f 9825 9828 9832 9829
f 9826 9825 9829 9830
f 9827 9826 9830 9831
f 9828 9827 9831 9832
f 9833 9834 9835 9836
f 9837 9838 9839 9840
f 9833 9836 9840 9837
f 9834 9833 9837 9838
f 9835 9834 9838 9839
f 9836 9835 9839 9840
f 9841 9842 9843 9844
f 9845 9846 9847 9848
f 9841 9844 9848 9845
f 9842 9841 9845 9846
f 9843 9842 9846 9847
f 9844 9843 9847 9848
f 9849 9850 9851 9852
f 9853 9854 9855 9856
f 9849 9852 9856 9853
f 9850 9849 9853 9854
f 9851 9850 9854 9855
f 9852 9851 9855 9856
f 9857 9858 9859 9860
f 9861 9862 9863 9864
f 9857 9860 9864 9861
f 9858 9857 9861 9862
f 9859 9858 9862 9863
f 9860 9859 9863 9864
f 9865 9866 9867 9868
f 9869 9870 9871 9872
f 9865 9868 9872 9869
f 9866 9865 9869 9870
f 9867 9866 9870 9871
f 9868 9867 9871 9872
f 9873 9874 9875 9876
f 9877 9878 9879 9880
f 9873 9876 9880 9877
f 9874 9873 9877 9878
f 9875 9874 9878 9879
f 9876 9875 9879 9880
f 9881 9882 9883 9884
f 9885 9886 9887 9888
f 9881 9884 9888 9885
f 9882 9881 9885 9886
f 9883 9882 9886 9887
f 9884 9883 9887 9888
f 9889 9890 9891 9892
f 9893 9894 9895 9896
f 9889 9892 9896 9893
f 9890 9889 9893 9894
f 9891 9890 9894 9895
f 9892 9891 9895 9896
f 9897 9898 9899 9900
f 9901 9902 9903 9904
f 9897 9900 9904 9901
f 9898 9897 9901 9902
f 9899 9898 9902 9903
f 9900 9899 9903 9904
f 9905 9906 9907 9908
f 9909 9910 9911 9912
f 9905 9908 9912 9909
f 9906 9905 9909 9910
f 9907 9906 9910 9911
f 9908 9907 9911 9912
f 9913 9914 9915 9916
f 9917 9918 9919 9920
f 9913 9916 9920 9917
f 9914 9913 9917 9918
f 9915 9914 9918 9919
f 9916 9915 9919 9920
f 9921 9922 9923 9924
f 9925 9926 9927 9928
f 9921 9924 9928 9925
f 9922 9921 9925 9926
f 9923 9922 9926 9927
f 9924 9923 9927 9928
f 9929 9930 9931 9932
f 9933 9934 9935 9936
f 9929 9932 9936 9933
f 9930 9929 9933 9934
f 9931 9930 9934 9935
f 9932 9931 9935 9936
f 9937 9938 9939 9940
f 9941 9942 9943 9944
f 9937 9940 9944 9941
f 9938 9937 9941 9942
f 9939 9938 9942 9943
f 9940 9939 9943 9944
f 9945 9946 9947 9948
f 9949 9950 9951 9952
f 9945 9948 9952 9949
f 9946 9945 9949 9950
f 9947 9946 9950 9951
f 9948 9947 9951 9952
f 9953 9954 9955 9956
f 9957 9958 9959 9960
f 9953 9956 9960 9957
f 9954 9953 9957 9958
f 9955 9954 9958 9959
f 9956 9955 9959 9960
f 9961 9962 9963 9964
f 9965 9966 9967 9968
f 9961 9964 9968 9965
f 9962 9961 9965 9966
f 9963 9962 9966 9967
f 9964 9963 9967 9968
f 9969 9970 9971 9972
f 9973 9974 9975 9976
f 9969 9972 9976 9973
f 9970 9969 9973 9974
f 9971 9970 9974 9975
f 9972 9971 9975 9976
f 9977 9978 9979 9980
f 9981 9982 9983 9984
f 9977 9980 9984 9981
f 9978 9977 9981 9982
f 9979 9978 9982 9983
f 9980 9979 9983 9984
f 9985 9986 9987 9988
f 9989 9990 9991 9992
f 9985 9988 9992 9989
f 9986 9985 9989 9990
f 9987 9986 9990 9991
f 9988 9987 9991 9992
f 9993 9994 9995 9996
f 9997 9998 9999 10000
f 9993 9996 10000 9997
f 9994 9993 9997 9998
f 9995 9994 9998 9999
f 9996 9995 9999 10000
f 10001 10002 10003 10004
f 10005 10006 10007 10008
f 10001 10004 10008 10005
f 10002 10001 10005 10006
f 10003 10002 10006 10007
f 10004 10003 10007 10008
f 10009 10010 10011 10012
f 10013 10014 10015 10016
f 10009 10012 10016 10013
f 10010 10009 10013 10014
f 10011 10010 10014 10015
f 10012 10011 10015 10016
f 10017 10018 10019 10020
f 10021 10022 10023 10024
f 10017 10020 10024 10021
f 10018 10017 10021 10022
f 10019 10018 10022 10023
f 10020 10019 10023 10024
f 10025 10026 10027 10028
f 10029 10030 10031 10032
f 10025 10028 10032 10029
f 10026 10025 10029 10030
f 10027 10026 10030 10031
f 10028 10027 10031 10032
f 10033 10034 10035 10036
f 10037 10038 10039 10040
f 10033 10036 10040 10037
f 10034 10033 10037 10038
f 10035 10034 10038 10039
f 10036 10035 10039 10040
f 10041 10042 10043 10044
f 10045 10046 10047 10048
f 10041 10044 10048 10045
f 10042 10041 10045 10046
f 10043 10042 10046 10047
f 10044 10043 10047 10048
f 10049 10050 10051 10052
f 10053 10054 10055 10056
f 10049 10052 10056 10053
f 10050 10049 10053 10054
f 10051 10050 10054 10055
f 10052 10051 10055 10056
f 10057 10058 10059 10060
f 10061 10062 10063 10064
f 10057 10060 10064 10061
f 10058 10057 10061 10062
f 10059 10058 10062 10063
f 10060 10059 10063 10064
f 10065 10066 10067 10068
f 10069 10070 10071 10072
f 10065 10068 10072 10069
f 10066 10065 10069 10070
f 10067 10066 10070 10071
f 10068 10067 10071 10072
f 10073 10074 10075 10076
f 10077 10078 10079 10080
f 10073 10076 10080 10077
f 10074 10073 10077 10078
f 10075 10074 10078 10079
f 10076 10075 10079 10080
f 10081 10082 10083 10084
f 10085 10086 10087 10088
f 10081 10084 10088 10085
f 10082 10081 10085 10086
f 10083 10082 10086 10087
f 10084 10083 10087 10088
f 10089 10090 10091 10092
f 10093 10094 10095 10096
f 10089 10092 10096 10093
f 10090 10089 10093 10094
f 10091 10090 10094 10095
f 10092 10091 10095 10096
f 10097 10098 10099 10100
f 10101 10102 10103 10104
f 10097 10100 10104 10101
f 10098 10097 10101 10102
f 10099 10098 10102 10103
f 10100 10099 10103 10104
f 10105 10106 10107 10108
f 10109 10110 10111 10112
f 10105 10108 10112 10109
f 10106 10105 10109 10110
f 10107 10106 10110 10111
f 10108 10107 10111 10112
f 10113 10114 10115 10116
f 10117 10118 10119 10120
f 10113 10116 10120 10117
f 10114 10113 10117 10118
f 10115 10114 10118 10119
f 10116 10115 10119 10120
f 10121 10122 10123 10124
f 10125 10126 10127 10128
f 10121 10124 10128 10125
f 10122 10121 10125 10126
f 10123 10122 10126 10127
f 10124 10123 10127 10128
f 10129 10130 10131 10132
f 10133 10134 10135 10136
f 10129 10132 10136 10133
f 10130 10129 10133 10134
f 10131 10130 10134 10135
f 10132 10131 10135 10136
f 10137 10138 10139 10140
f 10141 10142 10143 10144
f 10137 10140 10144 10141
f 10138 10137 10141 10142
f 10139 10138 10142 10143
f 10140 10139 10143 10144
f 10145 10146 10147 10148
f 10149 10150 10151 10152
f 10145 10148 10152 10149
f 10146 10145 10149 10150
f 10147 10146 10150 10151
f 10148 10147 10151 10152
f 10153 10154 10155 10156
f 10157 10158 10159 10160
f 10153 10156 10160 10157
f 10154 10153 10157 10158
f 10155 10154 10158 10159
f 10156 10155 10159 10160
f 10161 10162 10163 10164
f 10165 10166 10167 10168
f 10161 10164 10168 10165
f 10162 10161 10165 10166
f 10163 10162 10166 10167
f 10164 10163 10167 10168
f 10169 10170 10171 10172
f 10173 10174 10175 10176
f 10169 10172 10176 10173
f 10170 10169 10173 10174
f 10171 10170 10174 10175
f 10172 10171 10175 10176
f 10177 10178 10179 10180
f 10181 10182 10183 10184
f 10177 10180 10184 10181
f 10178 10177 10181 10182
f 10179 10178 10182 10183
f 10180 10179 10183 10184
f 10185 10186 10187 10188
f 10189 10190 10191 10192
f 10185 10188 10192 10189
f 10186 10185 10189 10190
f 10187 10186 10190 10191
f 10188 10187 10191 10192
f 10193 10194 10195 10196
f 10197 10198 10199 10200
f 10193 10196 10200 10197
f 10194 10193 10197 10198
f 10195 10194 10198 10199
f 10196 10195 10199 10200
f 10201 10202 10203 10204
f 10205 10206 10207 10208
f 10201 10204 10208 10205
f 10202 10201 10205 10206
f 10203 10202 10206 10207
f 10204 10203 10207 10208
f 10209 10210 10211 10212
f 10213 10214 10215 10216
f 10209 10212 10216 10213
f 10210 10209 10213 10214
f 10211 10210 10214 10215
f 10212 10211 10215 10216
f 10217 10218 10219 10220
f 10221 10222 10223 10224
f 10217 10220 10224 10221
f 10218 10217 10221 10222
f 10219 10218 10222 10223
f 10220 10219 10223 10224
f 10225 10226 10227 10228
f 10229 10230 10231 10232
f 10225 10228 10232 10229
f 10226 10225 10229 10230
f 10227 10226 10230 10231
f 10228 10227 10231 10232
f 10233 10234 10235 10236
f 10237 10238 10239 10240
f 10233 10236 10240 10237
f 10234 10233 10237 10238
f 10235 10234 10238 10239
f 10236 10235 10239 10240
f 10241 10242 10243 10244
f 10245 10246 10247 10248
f 10241 10244 10248 10245
f 10242 10241 10245 10246
f 10243 10242 10246 10247
f 10244 10243 10247 10248
f 10249 10250 10251 10252
f 10253 10254 10255 10256
f 10249 10252 10256 10253
f 10250 10249 10253 10254
f 10251 10250 10254 10255
f 10252 10251 10255 10256
f 10257 10258 10259 10260
f 10261 10262 10263 10264
f 10257 10260 10264 10261
f 10258 10257 10261 10262
f 10259 10258 10262 10263
f 10260 10259 10263 10264
f 10265 10266 10267 10268
f 10269 10270 10271 10272
f 10265 10268 10272 10269
f 10266 10265 10269 10270
f 10267 10266 10270 10271
f 10268 10267 10271 10272
f 10273 10274 10275 10276
f 10277 10278 10279 10280
f 10273 10276 10280 10277
f 10274 10273 10277 10278
f 10275 10274 10278 10279
f 10276 10275 10279 10280
f 10281 10282 10283 10284
f 10285 10286 10287 10288
f 10281 10284 10288 10285
f 10282 10281 10285 10286
f 10283 10282 10286 10287
f 10284 10283 10287 10288
f 10289 10290 10291 10292
f 10293 10294 10295 10296
f 10289 10292 10296 10293
f 10290 10289 10293 10294
f 10291 10290 10294 10295
f 10292 10291 10295 10296
f 10297 10298 10299 10300
f 10301 10302 10303 10304
f 10297 10300 10304 10301
f 10298 10297 10301 10302
f 10299 10298 10302 10303
f 10300 10299 10303 10304
f 10305 10306 10307 10308
f 10309 10310 10311 10312
f 10305 10308 10312 10309
f 10306 10305 10309 10310
f 10307 10306 10310 10311
f 10308 10307 10311 10312
f 10313 10314 10315 10316
f 10317 10318 10319 10320
f 10313 10316 10320 10317
f 10314 10313 10317 10318
f 10315 10314 10318 10319
f 10316 10315 10319 10320
f 10321 10322 10323 10324
f 10325 10326 10327 10328
f 10321 10324 10328 10325
f 10322 10321 10325 10326
f 10323 10322 10326 10327
f 10324 10323 10327 10328
f 10329 10330 10331 10332
f 10333 10334 10335 10336
f 10329 10332 10336 10333
f 10330 10329 10333 10334
f 10331 10330 10334 10335
f 10332 10331 10335 10336
f 10337 10338 10339 10340
f 10341 10342 10343 10344
f 10337 10340 10344 10341
f 10338 10337 10341 10342
f 10339 10338 10342 10343
f 10340 10339 10343 10344
f 10345 10346 10347 10348
f 10349 10350 10351 10352
f 10345 10348 10352 10349
f 10346 10345 10349 10350
f 10347 10346 10350 10351
f 10348 10347 10351 10352
f 10353 10354 10355 10356
f 10357 10358 10359 10360
f 10353 10356 10360 10357
f 10354 10353 10357 10358
f 10355 10354 10358 10359
f 10356 10355 10359 10360
f 10361 10362 10363 10364
f 10365 10366 10367 10368
f 10361 10364 10368 10365
f 10362 10361 10365 10366
f 10363 10362 10366 10367
f 10364 10363 10367 10368
f 10369 10370 10371 10372
f 10373 10374 10375 10376
f 10369 10372 10376 10373
f 10370 10369 10373 10374
f 10371 10370 10374 10375
f 10372 10371 10375 10376
f 10377 10378 10379 10380
f 10381 10382 10383 10384
f 10377 10380 10384 10381
f 10378 10377 10381 10382
f 10379 10378 10382 10383
f 10380 10379 10383 10384
f 10385 10386 10387 10388
f 10389 10390 10391 10392
f 10385 10388 10392 10389
f 10386 10385 10389 10390
f 10387 10386 10390 10391
f 10388 10387 10391 10392
f 10393 10394 10395 10396
f 10397 10398 10399 10400
f 10393 10396 10400 10397
f 10394 10393 10397 10398
f 10395 10394 10398 10399
f 10396 10395 10399 10400
f 10401 10402 10403 10404
f 10405 10406 10407 10408
f 10401 10404 10408 10405
f 10402 10401 10405 10406
f 10403 10402 10406 10407
f 10404 10403 10407 10408
f 10409 10410 10411 10412
f 10413 10414 10415 10416
f 10409 10412 10416 10413
f 10410 10409 10413 10414
f 10411 10410 10414 10415
f 10412 10411 10415 10416
f 10417 10418 10419 10420
f 10421 10422 10423 10424
f 10417 10420 10424 10421
f 10418 10417 10421 10422
f 10419 10418 10422 10423
f 10420 10419 10423 10424
f 10425 10426 10427 10428
f 10429 10430 10431 10432
f 10425 10428 10432 10429
f 10426 10425 10429 10430
f 10427 10426 10430 10431
f 10428 10427 10431 10432
f 10433 10434 10435 10436
f 10437 10438 10439 10440
f 10433 10436 10440 10437
f 10434 10433 10437 10438
f 10435 10434 10438 10439
f 10436 10435 10439 10440
f 10441 10442 10443 10444
f 10445 10446 10447 10448
f 10441 10444 10448 10445
f 10442 10441 10445 10446
f 10443 10442 10446 10447
f 10444 10443 10447 10448
f 10449 10450 10451 10452
f 10453 10454 10455 10456
f 10449 10452 10456 10453
f 10450 10449 10453 10454
f 10451 10450 10454 10455
f 10452 10451 10455 10456
f 10457 10458 10459 10460
f 10461 10462 10463 10464
f 10457 10460 10464 10461
f 10458 10457 10461 10462
f 10459 10458 10462 10463
f 10460 10459 10463 10464
f 10465 10466 10467 10468
f 10469 10470 10471 10472
f 10465 10468 10472 10469
f 10466 10465 10469 10470
f 10467 10466 10470 10471
f 10468 10467 10471 10472
f 10473 10474 10475 10476
f 10477 10478 10479 10480
f 10473 10476 10480 10477
f 10474 10473 10477 10478
f 10475 10474 10478 10479
f 10476 10475 10479 10480
f 10481 10482 10483 10484
f 10485 10486 10487 10488
f 10481 10484 10488 10485
f 10482 10481 10485 10486
f 10483 10482 10486 10487
f 10484 10483 10487 10488
f 10489 10490 10491 10492
f 10493 10494 10495 10496
f 10489 10492 10496 10493
f 10490 10489 10493 10494
f 10491 10490 10494 10495
f 10492 10491 10495 10496
f 10497 10498 10499 10500
f 10501 10502 10503 10504
f 10497 10500 10504 10501
f 10498 10497 10501 10502
f 10499 10498 10502 10503
f 10500 10499 10503 10504
f 10505 10506 10507 10508
f 10509 10510 10511 10512
f 10505 10508 10512 10509
f 10506 10505 10509 10510
f 10507 10506 10510 10511
f 10508 10507 10511 10512
f 10513 10514 10515 10516
f 10517 10518 10519 10520
f 10513 10516 10520 10517
f 10514 10513 10517 10518
f 10515 10514 10518 10519
f 10516 10515 10519 10520
f 10521 10522 10523 10524
f 10525 10526 10527 10528
f 10521 10524 10528 10525
f 10522 10521 10525 10526
f 10523 10522 10526 10527
f 10524 10523 10527 10528
f 10529 10530 10531 10532
f 10533 10534 10535 10536
f 10529 10532 10536 10533
f 10530 10529 10533 10534
f 10531 10530 10534 10535
f 10532 10531 10535 10536
f 10537 10538 10539 10540
f 10541 10542 10543 10544
f 10537 10540 10544 10541
f 10538 10537 10541 10542
f 10539 10538 10542 10543
f 10540 10539 10543 10544
f 10545 10546 10547 10548
f 10549 10550 10551 10552
f 10545 10548 10552 10549
f 10546 10545 10549 10550
f 10547 10546 10550 10551
f 10548 10547 10551 10552
f 10553 10554 10555 10556
f 10557 10558 10559 10560
f 10553 10556 10560 10557
f 10554 10553 10557 10558
f 10555 10554 10558 10559
f 10556 10555 10559 10560
f 10561 10562 10563 10564
f 10565 10566 10567 10568
f 10561 10564 10568 10565
f 10562 10561 10565 10566
f 10563 10562 10566 10567
f 10564 10563 10567 10568
f 10569 10570 10571 10572
f 10573 10574 10575 10576
f 10569 10572 10576 10573
f 10570 10569 10573 10574
f 10571 10570 10574 10575
f 10572 10571 10575 10576
f 10577 10578 10579 10580
f 10581 10582 10583 10584
f 10577 10580 10584 10581
f 10578 10577 10581 10582
f 10579 10578 10582 10583
f 10580 10579 10583 10584
f 10585 10586 10587 10588
f 10589 10590 10591 10592
f 10585 10588 10592 10589
f 10586 10585 10589 10590
f 10587 10586 10590 10591
f 10588 10587 10591 10592
f 10593 10594 10595 10596
f 10597 10598 10599 10600
f 10593 10596 10600 10597
f 10594 10593 10597 10598
f 10595 10594 10598 10599
f 10596 10595 10599 10600
f 10601 10602 10603 10604
f 10605 10606 10607 10608
f 10601 10604 10608 10605
f 10602 10601 10605 10606
f 10603 10602 10606 10607
f 10604 10603 10607 10608
f 10609 10610 10611 10612
f 10613 10614 10615 10616
f 10609 10612 10616 10613
f 10610 10609 10613 10614
f 10611 10610 10614 10615
f 10612 10611 10615 10616
f 10617 10618 10619 10620
f 10621 10622 10623 10624
f 10617 10620 10624 10621
f 10618 10617 10621 10622
f 10619 10618 10622 10623
f 10620 10619 10623 10624
f 10625 10626 10627 10628
f 10629 10630 10631 10632
f 10625 10628 10632 10629
f 10626 10625 10629 10630
f 10627 10626 10630 10631
f 10628 10627 10631 10632
f 10633 10634 10635 10636
f 10637 10638 10639 10640
f 10633 10636 10640 10637
f 10634 10633 10637 10638
f 10635 10634 10638 10639
f 10636 10635 10639 10640
f 10641 10642 10643 10644
f 10645 10646 10647 10648
f 10641 10644 10648 10645
f 10642 10641 10645 10646
f 10643 10642 10646 10647
f 10644 10643 10647 10648
f 10649 10650 10651 10652
f 10653 10654 10655 10656
f 10649 10652 10656 10653
f 10650 10649 10653 10654
f 10651 10650 10654 10655
f 10652 10651 10655 10656
f 10657 10658 10659 10660
f 10661 10662 10663 10664
f 10657 10660 10664 10661
f 10658 10657 10661 10662
f 10659 10658 10662 10663
f 10660 10659 10663 10664
f 10665 10666 10667 10668
f 10669 10670 10671 10672
f 10665 10668 10672 10669
f 10666 10665 10669 10670
f 10667 10666 10670 10671
f 10668 10667 10671 10672
f 10673 10674 10675 10676
f 10677 10678 10679 10680
f 10673 10676 10680 10677
f 10674 10673 10677 10678
f 10675 10674 10678 10679
f 10676 10675 10679 10680
f 10681 10682 10683 10684
f 10685 10686 10687 10688
f 10681 10684 10688 10685
f 10682 10681 10685 10686
f 10683 10682 10686 10687
f 10684 10683 10687 10688
f 10689 10690 10691 10692
f 10693 10694 10695 10696
f 10689 10692 10696 10693
f 10690 10689 10693 10694
f 10691 10690 10694 10695
f 10692 10691 10695 10696
f 10697 10698 10699 10700
f 10701 10702 10703 10704
f 10697 10700 10704 10701
f 10698 10697 10701 10702
f 10699 10698 10702 10703
f 10700 10699 10703 10704
f 10705 10706 10707 10708
f 10709 10710 10711 10712
f 10705 10708 10712 10709
f 10706 10705 10709 10710
f 10707 10706 10710 10711
f 10708 10707 10711 10712
f 10713 10714 10715 10716
f 10717 10718 10719 10720
f 10713 10716 10720 10717
f 10714 10713 10717 10718
f 10715 10714 10718 10719
f 10716 10715 10719 10720
f 10721 10722 10723 10724
f 10725 10726 10727 10728
f 10721 10724 10728 10725
f 10722 10721 10725 10726
f 10723 10722 10726 10727
f 10724 10723 10727 10728
f 10729 10730 10731 10732
f 10733 10734 10735 10736
f 10729 10732 10736 10733
f 10730 10729 10733 10734
f 10731 10730 10734 10735
f 10732 10731 10735 10736
f 10737 10738 10739 10740
f 10741 10742 10743 10744
f 10737 10740 10744 10741
f 10738 10737 10741 10742
f 10739 10738 10742 10743
f 10740 10739 10743 10744
f 10745 10746 10747 10748
f 10749 10750 10751 10752
f 10745 10748 10752 10749
f 10746 10745 10749 10750
f 10747 10746 10750 10751
f 10748 10747 10751 10752
f 10753 10754 10755 10756
f 10757 10758 10759 10760
f 10753 10756 10760 10757
f 10754 10753 10757 10758
f 10755 10754 10758 10759
f 10756 10755 10759 10760
f 10761 10762 10763 10764
f 10765 10766 10767 10768
f 10761 10764 10768 10765
f 10762 10761 10765 10766
f 10763 10762 10766 10767
f 10764 10763 10767 10768
f 10769 10770 10771 10772
f 10773 10774 10775 10776
f 10769 10772 10776 10773
f 10770 10769 10773 10774
f 10771 10770 10774 10775
f 10772 10771 10775 10776
f 10777 10778 10779 10780
f 10781 10782 10783 10784
f 10777 10780 10784 10781
f 10778 10777 10781 10782
f 10779 10778 10782 10783
f 10780 10779 10783 10784
f 10785 10786 10787 10788
f 10789 10790 10791 10792
f 10785 10788 10792 10789
f 10786 10785 10789 10790
f 10787 10786 10790 10791
f 10788 10787 10791 10792
f 10793 10794 10795 10796
f 10797 10798 10799 10800
f 10793 10796 10800 10797
f 10794 10793 10797 10798
f 10795 10794 10798 10799
f 10796 10795 10799 10800
f 10801 10802 10803 10804
f 10805 10806 10807 10808
f 10801 10804 10808 10805
f 10802 10801 10805 10806
f 10803 10802 10806 10807
f 10804 10803 10807 10808
f 10809 10810 10811 10812
f 10813 10814 10815 10816
f 10809 10812 10816 10813
f 10810 10809 10813 10814
f 10811 10810 10814 10815
f 10812 10811 10815 10816
f 10817 10818 10819 10820
f 10821 10822 10823 10824
f 10817 10820 10824 10821
f 10818 10817 10821 10822
f 10819 10818 10822 10823
f 10820 10819 10823 10824
f 10825 10826 10827 10828
f 10829 10830 10831 10832
f 10825 10828 10832 10829
f 10826 10825 10829 10830
f 10827 10826 10830 10831
f 10828 10827 10831 10832
f 10833 10834 10835 10836
f 10837 10838 10839 10840
f 10833 10836 10840 10837
f 10834 10833 10837 10838
f 10835 10834 10838 10839
f 10836 10835 10839 10840
f 10841 10842 10843 10844
f 10845 10846 10847 10848
f 10841 10844 10848 10845
f 10842 10841 10845 10846
f 10843 10842 10846 10847
f 10844 10843 10847 10848
f 10849 10850 10851 10852
f 10853 10854 10855 10856
f 10849 10852 10856 10853
f 10850 10849 10853 10854
f 10851 10850 10854 10855
f 10852 10851 10855 10856
f 10857 10858 10859 10860
f 10861 10862 10863 10864
f 10857 10860 10864 10861
f 10858 10857 10861 10862
f 10859 10858 10862 10863
f 10860 10859 10863 10864
f 10865 10866 10867 10868
f 10869 10870 10871 10872
f 10865 10868 10872 10869
f 10866 10865 10869 10870
f 10867 10866 10870 10871
f 10868 10867 10871 10872
f 10873 10874 10875 10876
f 10877 10878 10879 10880
f 10873 10876 10880 10877
f 10874 10873 10877 10878
f 10875 10874 10878 10879
f 10876 10875 10879 10880
f 10881 10882 10883 10884
f 10885 10886 10887 10888
f 10881 10884 10888 10885
f 10882 10881 10885 10886
f 10883 10882 10886 10887
f 10884 10883 10887 10888
f 10889 10890 10891 10892
f 10893 10894 10895 10896
f 10889 10892 10896 10893
f 10890 10889 10893 10894
f 10891 10890 10894 10895
f 10892 10891 10895 10896
f 10897 10898 10899 10900
f 10901 10902 10903 10904
f 10897 10900 10904 10901
f 10898 10897 10901 10902
f 10899 10898 10902 10903
f 10900 10899 10903 10904
f 10905 10906 10907 10908
f 10909 10910 10911 10912
f 10905 10908 10912 10909
f 10906 10905 10909 10910
f 10907 10906 10910 10911
f 10908 10907 10911 10912
f 10913 10914 10915 10916
f 10917 10918 10919 10920
f 10913 10916 10920 10917
f 10914 10913 10917 10918
f 10915 10914 10918 10919
f 10916 10915 10919 10920
f 10921 10922 10923 10924
f 10925 10926 10927 10928
f 10921 10924 10928 10925
f 10922 10921 10925 10926
f 10923 10922 10926 10927
f 10924 10923 10927 10928
f 10929 10930 10931 10932
f 10933 10934 10935 10936
f 10929 10932 10936 10933
f 10930 10929 10933 10934
f 10931 10930 10934 10935
f 10932 10931 10935 10936
f 10937 10938 10939 10940
f 10941 10942 10943 10944
f 10937 10940 10944 10941
f 10938 10937 10941 10942
f 10939 10938 10942 10943
f 10940 10939 10943 10944
f 10945 10946 10947 10948
f 10949 10950 10951 10952
f 10945 10948 10952 10949
f 10946 10945 10949 10950
f 10947 10946 10950 10951
f 10948 10947 10951 10952
f 10953 10954 10955 10956
f 10957 10958 10959 10960
f 10953 10956 10960 10957
f 10954 10953 10957 10958
f 10955 10954 10958 10959
f 10956 10955 10959 10960
f 10961 10962 10963 10964
f 10965 10966 10967 10968
f 10961 10964 10968 10965
f 10962 10961 10965 10966
f 10963 10962 10966 10967
f 10964 10963 10967 10968
f 10969 10970 10971 10972
f 10973 10974 10975 10976
f 10969 10972 10976 10973
f 10970 10969 10973 10974
f 10971 10970 10974 10975
f 10972 10971 10975 10976
f 10977 10978 10979 10980
f 10981 10982 10983 10984
f 10977 10980 10984 10981
f 10978 10977 10981 10982
f 10979 10978 10982 10983
f 10980 10979 10983 10984
f 10985 10986 10987 10988
f 10989 10990 10991 10992
f 10985 10988 10992 10989
f 10986 10985 10989 10990
f 10987 10986 10990 10991
f 10988 10987 10991 10992
f 10993 10994 10995 10996
f 10997 10998 10999 11000
f 10993 10996 11000 10997
f 10994 10993 10997 10998
f 10995 10994 10998 10999
f 10996 10995 10999 11000
f 11001 11002 11003 11004
f 11005 11006 11007 11008
f 11001 11004 11008 11005
f 11002 11001 11005 11006
f 11003 11002 11006 11007
f 11004 11003 11007 11008
f 11009 11010 11011 11012
f 11013 11014 11015 11016
f 11009 11012 11016 11013
f 11010 11009 11013 11014
f 11011 11010 11014 11015
f 11012 11011 11015 11016
f 11017 11018 11019 11020
f 11021 11022 11023 11024
f 11017 11020 11024 11021
f 11018 11017 11021 11022
f 11019 11018 11022 11023
f 11020 11019 11023 11024
f 11025 11026 11027 11028
f 11029 11030 11031 11032
f 11025 11028 11032 11029
f 11026 11025 11029 11030
f 11027 11026 11030 11031
f 11028 11027 11031 11032
f 11033 11034 11035 11036
f 11037 11038 11039 11040
f 11033 11036 11040 11037
f 11034 11033 11037 11038
f 11035 11034 11038 11039
f 11036 11035 11039 11040
f 11041 11042 11043 11044
f 11045 11046 11047 11048
f 11041 11044 11048 11045
f 11042 11041 11045 11046
f 11043 11042 11046 11047
f 11044 11043 11047 11048
f 11049 11050 11051 11052
f 11053 11054 11055 11056
f 11049 11052 11056 11053
f 11050 11049 11053 11054
f 11051 11050 11054 11055
f 11052 11051 11055 11056
f 11057 11058 11059 11060
f 11061 11062 11063 11064
f 11057 11060 11064 11061
f 11058 11057 11061 11062
f 11059 11058 11062 11063
f 11060 11059 11063 11064
f 11065 11066 11067 11068
f 11069 11070 11071 11072
f 11065 11068 11072 11069
f 11066 11065 11069 11070
f 11067 11066 11070 11071
f 11068 11067 11071 11072
f 11073 11074 11075 11076
f 11077 11078 11079 11080
f 11073 11076 11080 11077
f 11074 11073 11077 11078
f 11075 11074 11078 11079
f 11076 11075 11079 11080
f 11081 11082 11083 11084
f 11085 11086 11087 11088
f 11081 11084 11088 11085
f 11082 11081 11085 11086
f 11083 11082 11086 11087
f 11084 11083 11087 11088
f 11089 11090 11091 11092
f 11093 11094 11095 11096
f 11089 11092 11096 11093
f 11090 11089 11093 11094
f 11091 11090 11094 11095
f 11092 11091 11095 11096
f 11097 11098 11099 11100
f 11101 11102 11103 11104
f 11097 11100 11104 11101
f 11098 11097 11101 11102
f 11099 11098 11102 11103
f 11100 11099 11103 11104
f 11105 11106 11107 11108
f 11109 11110 11111 11112
f 11105 11108 11112 11109
f 11106 11105 11109 11110
f 11107 11106 11110 11111
f 11108 11107 11111 11112
f 11113 11114 11115 11116
f 11117 11118 11119 11120
f 11113 11116 11120 11117
f 11114 11113 11117 11118
f 11115 11114 11118 11119
f 11116 11115 11119 11120
f 11121 11122 11123 11124
f 11125 11126 11127 11128
f 11121 11124 11128 11125
f 11122 11121 11125 11126
f 11123 11122 11126 11127
f 11124 11123 11127 11128
f 11129 11130 11131 11132
f 11133 11134 11135 11136
f 11129 11132 11136 11133
f 11130 11129 11133 11134
f 11131 11130 11134 11135
f 11132 11131 11135 11136
f 11137 11138 11139 11140
f 11141 11142 11143 11144
f 11137 11140 11144 11141
f 11138 11137 11141 11142
f 11139 11138 11142 11143
f 11140 11139 11143 11144
f 11145 11146 11147 11148
f 11149 11150 11151 11152
f 11145 11148 11152 11149
f 11146 11145 11149 11150
f 11147 11146 11150 11151
f 11148 11147 11151 11152
f 11153 11154 11155 11156
f 11157 11158 11159 11160
f 11153 11156 11160 11157
f 11154 11153 11157 11158
f 11155 11154 11158 11159
f 11156 11155 11159 11160
f 11161 11162 11163 11164
f 11165 11166 11167 11168
f 11161 11164 11168 11165
f 11162 11161 11165 11166
f 11163 11162 11166 11167
f 11164 11163 11167 11168
f 11169 11170 11171 11172
f 11173 11174 11175 11176
f 11169 11172 11176 11173
f 11170 11169 11173 11174
f 11171 11170 11174 11175
f 11172 11171 11175 11176
f 11177 11178 11179 11180
f 11181 11182 11183 11184
f 11177 11180 11184 11181
f 11178 11177 11181 11182
f 11179 11178 11182 11183
f 11180 11179 11183 11184
f 11185 11186 11187 11188
f 11189 11190 11191 11192
f 11185 11188 11192 11189
f 11186 11185 11189 11190
f 11187 11186 11190 11191
f 11188 11187 11191 11192
f 11193 11194 11195 11196
f 11197 11198 11199 11200
f 11193 11196 11200 11197
f 11194 11193 11197 11198
f 11195 11194 11198 11199
f 11196 11195 11199 11200
f 11201 11202 11203 11204
f 11205 11206 11207 11208
f 11201 11204 11208 11205
f 11202 11201 11205 11206
f 11203 11202 11206 11207
f 11204 11203 11207 11208
f 11209 11210 11211 11212
f 11213 11214 11215 11216
f 11209 11212 11216 11213
f 11210 11209 11213 11214
f 11211 11210 11214 11215
f 11212 11211 11215 11216
f 11217 11218 11219 11220
f 11221 11222 11223 11224
f 11217 11220 11224 11221
f 11218 11217 11221 11222
f 11219 11218 11222 11223
f 11220 11219 11223 11224
f 11225 11226 11227 11228
f 11229 11230 11231 11232
f 11225 11228 11232 11229
f 11226 11225 11229 11230
f 11227 11226 11230 11231
f 11228 11227 11231 11232
f 11233 11234 11235 11236
f 11237 11238 11239 11240
f 11233 11236 11240 11237
f 11234 11233 11237 11238
f 11235 11234 11238 11239
f 11236 11235 11239 11240
f 11241 11242 11243 11244
f 11245 11246 11247 11248
f 11241 11244 11248 11245
f 11242 11241 11245 11246
f 11243 11242 11246 11247
f 11244 11243 11247 11248
f 11249 11250 11251 11252
f 11253 11254 11255 11256
f 11249 11252 11256 11253
f 11250 11249 11253 11254
f 11251 11250 11254 11255
f 11252 11251 11255 11256
f 11257 11258 11259 11260
f 11261 11262 11263 11264
f 11257 11260 11264 11261
f 11258 11257 11261 11262
f 11259 11258 11262 11263
f 11260 11259 11263 11264
f 11265 11266 11267 11268
f 11269 11270 11271 11272
f 11265 11268 11272 11269
f 11266 11265 11269 11270
f 11267 11266 11270 11271
f 11268 11267 11271 11272
f 11273 11274 11275 11276
f 11277 11278 11279 11280
f 11273 11276 11280 11277
f 11274 11273 11277 11278
f 11275 11274 11278 11279
f 11276 11275 11279 11280
f 11281 11282 11283 11284
f 11285 11286 11287 11288
f 11281 11284 11288 11285
f 11282 11281 11285 11286
f 11283 11282 11286 11287
f 11284 11283 11287 11288
f 11289 11290 11291 11292
f 11293 11294 11295 11296
f 11289 11292 11296 11293
f 11290 11289 11293 11294
f 11291 11290 11294 11295
f 11292 11291 11295 11296
f 11297 11298 11299 11300
f 11301 11302 11303 11304
f 11297 11300 11304 11301
f 11298 11297 11301 11302
f 11299 11298 11302 11303
f 11300 11299 11303 11304
f 11305 11306 11307 11308
f 11309 11310 11311 11312
f 11305 11308 11312 11309
f 11306 11305 11309 11310
f 11307 11306 11310 11311
f 11308 11307 11311 11312
f 11313 11314 11315 11316
f 11317 11318 11319 11320
f 11313 11316 11320 11317
f 11314 11313 11317 11318
f 11315 11314 11318 11319
f 11316 11315 11319 11320
f 11321 11322 11323 11324
f 11325 11326 11327 11328
f 11321 11324 11328 11325
f 11322 11321 11325 11326
f 11323 11322 11326 11327
f 11324 11323 11327 11328
f 11329 11330 11331 11332
f 11333 11334 11335 11336
f 11329 11332 11336 11333
f 11330 11329 11333 11334
f 11331 11330 11334 11335
f 11332 11331 11335 11336
f 11337 11338 11339 11340
f 11341 11342 11343 11344
f 11337 11340 11344 11341
f 11338 11337 11341 11342
f 11339 11338 11342 11343
f 11340 11339 11343 11344
f 11345 11346 11347 11348
f 11349 11350 11351 11352
f 11345 11348 11352 11349
f 11346 11345 11349 11350
f 11347 11346 11350 11351
f 11348 11347 11351 11352
f 11353 11354 11355 11356
f 11357 11358 11359 11360
f 11353 11356 11360 11357
f 11354 11353 11357 11358
f 11355 11354 11358 11359
f 11356 11355 11359 11360
f 11361 11362 11363 11364
f 11365 11366 11367 11368
f 11361 11364 11368 11365
f 11362 11361 11365 11366
f 11363 11362 11366 11367
f 11364 11363 11367 11368
f 11369 11370 11371 11372
f 11373 11374 11375 11376
f 11369 11372 11376 11373
f 11370 11369 11373 11374
f 11371 11370 11374 11375
f 11372 11371 11375 11376
f 11377 11378 11379 11380
f 11381 11382 11383 11384
f 11377 11380 11384 11381
f 11378 11377 11381 11382
f 11379 11378 11382 11383
f 11380 11379 11383 11384
f 11385 11386 11387 11388
f 11389 11390 11391 11392
f 11385 11388 11392 11389
f 11386 11385 11389 11390
f 11387 11386 11390 11391
f 11388 11387 11391 11392
f 11393 11394 11395 11396
f 11397 11398 11399 11400
f 11393 11396 11400 11397
f 11394 11393 11397 11398
f 11395 11394 11398 11399
f 11396 11395 11399 11400
f 11401 11402 11403 11404
f 11405 11406 11407 11408
f 11401 11404 11408 11405
f 11402 11401 11405 11406
f 11403 11402 11406 11407
f 11404 11403 11407 11408
f 11409 11410 11411 11412
f 11413 11414 11415 11416
f 11409 11412 11416 11413
f 11410 11409 11413 11414
f 11411 11410 11414 11415
f 11412 11411 11415 11416
f 11417 11418 11419 11420
f 11421 11422 11423 11424
f 11417 11420 11424 11421
f 11418 11417 11421 11422
f 11419 11418 11422 11423
f 11420 11419 11423 11424
f 11425 11426 11427 11428
f 11429 11430 11431 11432
f 11425 11428 11432 11429
f 11426 11425 11429 11430
f 11427 11426 11430 11431
f 11428 11427 11431 11432
f 11433 11434 11435 11436
f 11437 11438 11439 11440
f 11433 11436 11440 11437
f 11434 11433 11437 11438
f 11435 11434 11438 11439
f 11436 11435 11439 11440
f 11441 11442 11443 11444
f 11445 11446 11447 11448
f 11441 11444 11448 11445
f 11442 11441 11445 11446
f 11443 11442 11446 11447
f 11444 11443 11447 11448
f 11449 11450 11451 11452
f 11453 11454 11455 11456
f 11449 11452 11456 11453
f 11450 11449 11453 11454
f 11451 11450 11454 11455
f 11452 11451 11455 11456
f 11457 11458 11459 11460
f 11461 11462 11463 11464
f 11457 11460 11464 11461
f 11458 11457 11461 11462
f 11459 11458 11462 11463
f 11460 11459 11463 11464
f 11465 11466 11467 11468
f 11469 11470 11471 11472
f 11465 11468 11472 11469
f 11466 11465 11469 11470
f 11467 11466 11470 11471
f 11468 11467 11471 11472
f 11473 11474 11475 11476
f 11477 11478 11479 11480
f 11473 11476 11480 11477
f 11474 11473 11477 11478
f 11475 11474 11478 11479
f 11476 11475 11479 11480
f 11481 11482 11483 11484
f 11485 11486 11487 11488
f 11481 11484 11488 11485
f 11482 11481 11485 11486
f 11483 11482 11486 11487
f 11484 11483 11487 11488
f 11489 11490 11491 11492
f 11493 11494 11495 11496
f 11489 11492 11496 11493
f 11490 11489 11493 11494
f 11491 11490 11494 11495
f 11492 11491 11495 11496
f 11497 11498 11499 11500
f 11501 11502 11503 11504
f 11497 11500 11504 11501
f 11498 11497 11501 11502
f 11499 11498 11502 11503
f 11500 11499 11503 11504
f 11505 11506 11507 11508
f 11509 11510 11511 11512
f 11505 11508 11512 11509
f 11506 11505 11509 11510
f 11507 11506 11510 11511
f 11508 11507 11511 11512
f 11513 11514 11515 11516
f 11517 11518 11519 11520
f 11513 11516 11520 11517
f 11514 11513 11517 11518
f 11515 11514 11518 11519
f 11516 11515 11519 11520
f 11521 11522 11523 11524
f 11525 11526 11527 11528
f 11521 11524 11528 11525
f 11522 11521 11525 11526
f 11523 11522 11526 11527
f 11524 11523 11527 11528
f 11529 11530 11531 11532
f 11533 11534 11535 11536
f 11529 11532 11536 11533
f 11530 11529 11533 11534
f 11531 11530 11534 11535
f 11532 11531 11535 11536
f 11537 11538 11539 11540
f 11541 11542 11543 11544
f 11537 11540 11544 11541
f 11538 11537 11541 11542
f 11539 11538 11542 11543
f 11540 11539 11543 11544
f 11545 11546 11547 11548
f 11549 11550 11551 11552
f 11545 11548 11552 11549
f 11546 11545 11549 11550
f 11547 11546 11550 11551
f 11548 11547 11551 11552
f 11553 11554 11555 11556
f 11557 11558 11559 11560
f 11553 11556 11560 11557
f 11554 11553 11557 11558
f 11555 11554 11558 11559
f 11556 11555 11559 11560
f 11561 11562 11563 11564
f 11565 11566 11567 11568
f 11561 11564 11568 11565
f 11562 11561 11565 11566
f 11563 11562 11566 11567
f 11564 11563 11567 11568
f 11569 11570 11571 11572
f 11573 11574 11575 11576
f 11569 11572 11576 11573
f 11570 11569 11573 11574
f 11571 11570 11574 11575
f 11572 11571 11575 11576
f 11577 11578 11579 11580
f 11581 11582 11583 11584
f 11577 11580 11584 11581
f 11578 11577 11581 11582
f 11579 11578 11582 11583
f 11580 11579 11583 11584
f 11585 11586 11587 11588
f 11589 11590 11591 11592
f 11585 11588 11592 11589
f 11586 11585 11589 11590
f 11587 11586 11590 11591
f 11588 11587 11591 11592
f 11593 11594 11595 11596
f 11597 11598 11599 11600
f 11593 11596 11600 11597
f 11594 11593 11597 11598
f 11595 11594 11598 11599
f 11596 11595 11599 11600
f 11601 11602 11603 11604
f 11605 11606 11607 11608
f 11601 11604 11608 11605
f 11602 11601 11605 11606
f 11603 11602 11606 11607
f 11604 11603 11607 11608
f 11609 11610 11611 11612
f 11613 11614 11615 11616
f 11609 11612 11616 11613
f 11610 11609 11613 11614
f 11611 11610 11614 11615
f 11612 11611 11615 11616
f 11617 11618 11619 11620
f 11621 11622 11623 11624
f 11617 11620 11624 11621
f 11618 11617 11621 11622
f 11619 11618 11622 11623
f 11620 11619 11623 11624
f 11625 11626 11627 11628
f 11629 11630 11631 11632
f 11625 11628 11632 11629
f 11626 11625 11629 11630
f 11627 11626 11630 11631
f 11628 11627 11631 11632
f 11633 11634 11635 11636
f 11637 11638 11639 11640
f 11633 11636 11640 11637
f 11634 11633 11637 11638
f 11635 11634 11638 11639
f 11636 11635 11639 11640
f 11641 11642 11643 11644
f 11645 11646 11647 11648
f 11641 11644 11648 11645
f 11642 11641 11645 11646
f 11643 11642 11646 11647
f 11644 11643 11647 11648
f 11649 11650 11651 11652
f 11653 11654 11655 11656
f 11649 11652 11656 11653
f 11650 11649 11653 11654
f 11651 11650 11654 11655
f 11652 11651 11655 11656
f 11657 11658 11659 11660
f 11661 11662 11663 11664
f 11657 11660 11664 11661
f 11658 11657 11661 11662
f 11659 11658 11662 11663
f 11660 11659 11663 11664
f 11665 11666 11667 11668
f 11669 11670 11671 11672
f 11665 11668 11672 11669
f 11666 11665 11669 11670
f 11667 11666 11670 11671
f 11668 11667 11671 11672
f 11673 11674 11675 11676
f 11677 11678 11679 11680
f 11673 11676 11680 11677
f 11674 11673 11677 11678
f 11675 11674 11678 11679
f 11676 11675 11679 11680
f 11681 11682 11683 11684
f 11685 11686 11687 11688
f 11681 11684 11688 11685
f 11682 11681 11685 11686
f 11683 11682 11686 11687
f 11684 11683 11687 11688
f 11689 11690 11691 11692
f 11693 11694 11695 11696
f 11689 11692 11696 11693
f 11690 11689 11693 11694
f 11691 11690 11694 11695
f 11692 11691 11695 11696
f 11697 11698 11699 11700
f 11701 11702 11703 11704
f 11697 11700 11704 11701
f 11698 11697 11701 11702
f 11699 11698 11702 11703
f 11700 11699 11703 11704
f 11705 11706 11707 11708
f 11709 11710 11711 11712
f 11705 11708 11712 11709
f 11706 11705 11709 11710
f 11707 11706 11710 11711
f 11708 11707 11711 11712
f 11713 11714 11715 11716
f 11717 11718 11719 11720
f 11713 11716 11720 11717
f 11714 11713 11717 11718
f 11715 11714 11718 11719
f 11716 11715 11719 11720
f 11721 11722 11723 11724
f 11725 11726 11727 11728
f 11721 11724 11728 11725
f 11722 11721 11725 11726
f 11723 11722 11726 11727
f 11724 11723 11727 11728
f 11729 11730 11731 11732
f 11733 11734 11735 11736
f 11729 11732 11736 11733
f 11730 11729 11733 11734
f 11731 11730 11734 11735
f 11732 11731 11735 11736
f 11737 11738 11739 11740
f 11741 11742 11743 11744
f 11737 11740 11744 11741
f 11738 11737 11741 11742
f 11739 11738 11742 11743
f 11740 11739 11743 11744
f 11745 11746 11747 11748
f 11749 11750 11751 11752
f 11745 11748 11752 11749
f 11746 11745 11749 11750
f 11747 11746 11750 11751
f 11748 11747 11751 11752
f 11753 11754 11755 11756
f 11757 11758 11759 11760
f 11753 11756 11760 11757
f 11754 11753 11757 11758
f 11755 11754 11758 11759
f 11756 11755 11759 11760
f 11761 11762 11763 11764
f 11765 11766 11767 11768
f 11761 11764 11768 11765
f 11762 11761 11765 11766
f 11763 11762 11766 11767
f 11764 11763 11767 11768
f 11769 11770 11771 11772
f 11773 11774 11775 11776
f 11769 11772 11776 11773
f 11770 11769 11773 11774
f 11771 11770 11774 11775
f 11772 11771 11775 11776
f 11777 11778 11779 11780
f 11781 11782 11783 11784
f 11777 11780 11784 11781
f 11778 11777 11781 11782
f 11779 11778 11782 11783
f 11780 11779 11783 11784
f 11785 11786 11787 11788
f 11789 11790 11791 11792
f 11785 11788 11792 11789
f 11786 11785 11789 11790
f 11787 11786 11790 11791
f 11788 11787 11791 11792
f 11793 11794 11795 11796
f 11797 11798 11799 11800
f 11793 11796 11800 11797
f 11794 11793 11797 11798
f 11795 11794 11798 11799
f 11796 11795 11799 11800
f 11801 11802 11803 11804
f 11805 11806 11807 11808
f 11801 11804 11808 11805
f 11802 11801 11805 11806
f 11803 11802 11806 11807
f 11804 11803 11807 11808
f 11809 11810 11811 11812
f 11813 11814 11815 11816
f 11809 11812 11816 11813
f 11810 11809 11813 11814
f 11811 11810 11814 11815
f 11812 11811 11815 11816
f 11817 11818 11819 11820
f 11821 11822 11823 11824
f 11817 11820 11824 11821
f 11818 11817 11821 11822
f 11819 11818 11822 11823
f 11820 11819 11823 11824
f 11825 11826 11827 11828
f 11829 11830 11831 11832
f 11825 11828 11832 11829
f 11826 11825 11829 11830
f 11827 11826 11830 11831
f 11828 11827 11831 11832
f 11833 11834 11835 11836
f 11837 11838 11839 11840
f 11833 11836 11840 11837
f 11834 11833 11837 11838
f 11835 11834 11838 11839
f 11836 11835 11839 11840
f 11841 11842 11843 11844
f 11845 11846 11847 11848
f 11841 11844 11848 11845
f 11842 11841 11845 11846
f 11843 11842 11846 11847
f 11844 11843 11847 11848
f 11849 11850 11851 11852
f 11853 11854 11855 11856
f 11849 11852 11856 11853
f 11850 11849 11853 11854
f 11851 11850 11854 11855
f 11852 11851 11855 11856
f 11857 11858 11859 11860
f 11861 11862 11863 11864
f 11857 11860 11864 11861
f 11858 11857 11861 11862
f 11859 11858 11862 11863
f 11860 11859 11863 11864
f 11865 11866 11867 11868
f 11869 11870 11871 11872
f 11865 11868 11872 11869
f 11866 11865 11869 11870
f 11867 11866 11870 11871
f 11868 11867 11871 11872
f 11873 11874 11875 11876
f 11877 11878 11879 11880
f 11873 11876 11880 11877
f 11874 11873 11877 11878
f 11875 11874 11878 11879
f 11876 11875 11879 11880
f 11881 11882 11883 11884
f 11885 11886 11887 11888
f 11881 11884 11888 11885
f 11882 11881 11885 11886
f 11883 11882 11886 11887
f 11884 11883 11887 11888
f 11889 11890 11891 11892
f 11893 11894 11895 11896
f 11889 11892 11896 11893
f 11890 11889 11893 11894
f 11891 11890 11894 11895
f 11892 11891 11895 11896
f 11897 11898 11899 11900
f 11901 11902 11903 11904
f 11897 11900 11904 11901
f 11898 11897 11901 11902
f 11899 11898 11902 11903
f 11900 11899 11903 11904
f 11905 11906 11907 11908
f 11909 11910 11911 11912
f 11905 11908 11912 11909
f 11906 11905 11909 11910
f 11907 11906 11910 11911
f 11908 11907 11911 11912
f 11913 11914 11915 11916
f 11917 11918 11919 11920
f 11913 11916 11920 11917
f 11914 11913 11917 11918
f 11915 11914 11918 11919
f 11916 11915 11919 11920
f 11921 11922 11923 11924
f 11925 11926 11927 11928
f 11921 11924 11928 11925
f 11922 11921 11925 11926
f 11923 11922 11926 11927
f 11924 11923 11927 11928
f 11929 11930 11931 11932
f 11933 11934 11935 11936
f 11929 11932 11936 11933
f 11930 11929 11933 11934
f 11931 11930 11934 11935
f 11932 11931 11935 11936
f 11937 11938 11939 11940
f 11941 11942 11943 11944
f 11937 11940 11944 11941
f 11938 11937 11941 11942
f 11939 11938 11942 11943
f 11940 11939 11943 11944
f 11945 11946 11947 11948
f 11949 11950 11951 11952
f 11945 11948 11952 11949
f 11946 11945 11949 11950
f 11947 11946 11950 11951
f 11948 11947 11951 11952
f 11953 11954 11955 11956
f 11957 11958 11959 11960
f 11953 11956 11960 11957
f 11954 11953 11957 11958
f 11955 11954 11958 11959
f 11956 11955 11959 11960
f 11961 11962 11963 11964
f 11965 11966 11967 11968
f 11961 11964 11968 11965
f 11962 11961 11965 11966
f 11963 11962 11966 11967
f 11964 11963 11967 11968
f 11969 11970 11971 11972
f 11973 11974 11975 11976
f 11969 11972 11976 11973
f 11970 11969 11973 11974
f 11971 11970 11974 11975
f 11972 11971 11975 11976
f 11977 11978 11979 11980
f 11981 11982 11983 11984
f 11977 11980 11984 11981
f 11978 11977 11981 11982
f 11979 11978 11982 11983
f 11980 11979 11983 11984
f 11985 11986 11987 11988
f 11989 11990 11991 11992
f 11985 11988 11992 11989
f 11986 11985 11989 11990
f 11987 11986 11990 11991
f 11988 11987 11991 11992
f 11993 11994 11995 11996
f 11997 11998 11999 12000
f 11993 11996 12000 11997
f 11994 11993 11997 11998
f 11995 11994 11998 11999
f 11996 11995 11999 12000
f 12001 12002 12003 12004
f 12005 12006 12007 12008
f 12001 12004 12008 12005
f 12002 12001 12005 12006
f 12003 12002 12006 12007
f 12004 12003 12007 12008
f 12009 12010 12011 12012
f 12013 12014 12015 12016
f 12009 12012 12016 12013
f 12010 12009 12013 12014
f 12011 12010 12014 12015
f 12012 12011 12015 12016
f 12017 12018 12019 12020
f 12021 12022 12023 12024
f 12017 12020 12024 12021
f 12018 12017 12021 12022
f 12019 12018 12022 12023
f 12020 12019 12023 12024
f 12025 12026 12027 12028
f 12029 12030 12031 12032
f 12025 12028 12032 12029
f 12026 12025 12029 12030
f 12027 12026 12030 12031
f 12028 12027 12031 12032
f 12033 12034 12035 12036
f 12037 12038 12039 12040
f 12033 12036 12040 12037
f 12034 12033 12037 12038
f 12035 12034 12038 12039
f 12036 12035 12039 12040
f 12041 12042 12043 12044
f 12045 12046 12047 12048
f 12041 12044 12048 12045
f 12042 12041 12045 12046
f 12043 12042 12046 12047
f 12044 12043 12047 12048
f 12049 12050 12051 12052
f 12053 12054 12055 12056
f 12049 12052 12056 12053
f 12050 12049 12053 12054
f 12051 12050 12054 12055
f 12052 12051 12055 12056
f 12057 12058 12059 12060
f 12061 12062 12063 12064
f 12057 12060 12064 12061
f 12058 12057 12061 12062
f 12059 12058 12062 12063
f 12060 12059 12063 12064
f 12065 12066 12067 12068
f 12069 12070 12071 12072
f 12065 12068 12072 12069
f 12066 12065 12069 12070
f 12067 12066 12070 12071
f 12068 12067 12071 12072
f 12073 12074 12075 12076
f 12077 12078 12079 12080
f 12073 12076 12080 12077
f 12074 12073 12077 12078
f 12075 12074 12078 12079
f 12076 12075 12079 12080
f 12081 12082 12083 12084
f 12085 12086 12087 12088
f 12081 12084 12088 12085
f 12082 12081 12085 12086
f 12083 12082 12086 12087
f 12084 12083 12087 12088
f 12089 12090 12091 12092
f 12093 12094 12095 12096
f 12089 12092 12096 12093
f 12090 12089 12093 12094
f 12091 12090 12094 12095
f 12092 12091 12095 12096
f 12097 12098 12099 12100
f 12101 12102 12103 12104
f 12097 12100 12104 12101
f 12098 12097 12101 12102
f 12099 12098 12102 12103
f 12100 12099 12103 12104
f 12105 12106 12107 12108
f 12109 12110 12111 12112
f 12105 12108 12112 12109
f 12106 12105 12109 12110
f 12107 12106 12110 12111
f 12108 12107 12111 12112
f 12113 12114 12115 12116
f 12117 12118 12119 12120
f 12113 12116 12120 12117
f 12114 12113 12117 12118
f 12115 12114 12118 12119
f 12116 12115 12119 12120
f 12121 12122 12123 12124
f 12125 12126 12127 12128
f 12121 12124 12128 12125
f 12122 12121 12125 12126
f 12123 12122 12126 12127
f 12124 12123 12127 12128
f 12129 12130 12131 12132
f 12133 12134 12135 12136
f 12129 12132 12136 12133
f 12130 12129 12133 12134
f 12131 12130 12134 12135
f 12132 12131 12135 12136
f 12137 12138 12139 12140
f 12141 12142 12143 12144
f 12137 12140 12144 12141
f 12138 12137 12141 12142
f 12139 12138 12142 12143
f 12140 12139 12143 12144
f 12145 12146 12147 12148
f 12149 12150 12151 12152
f 12145 12148 12152 12149
f 12146 12145 12149 12150
f 12147 12146 12150 12151
f 12148 12147 12151 12152
f 12153 12154 12155 12156
f 12157 12158 12159 12160
f 12153 12156 12160 12157
f 12154 12153 12157 12158
f 12155 12154 12158 12159
f 12156 12155 12159 12160
f 12161 12162 12163 12164
f 12165 12166 12167 12168
f 12161 12164 12168 12165
f 12162 12161 12165 12166
f 12163 12162 12166 12167
f 12164 12163 12167 12168
f 12169 12170 12171 12172
f 12173 12174 12175 12176
f 12169 12172 12176 12173
f 12170 12169 12173 12174
f 12171 12170 12174 12175
f 12172 12171 12175 12176
f 12177 12178 12179 12180
f 12181 12182 12183 12184
f 12177 12180 12184 12181
f 12178 12177 12181 12182
f 12179 12178 12182 12183
f 12180 12179 12183 12184
f 12185 12186 12187 12188
f 12189 12190 12191 12192
f 12185 12188 12192 12189
f 12186 12185 12189 12190
f 12187 12186 12190 12191
f 12188 12187 12191 12192
f 12193 12194 12195 12196
f 12197 12198 12199 12200
f 12193 12196 12200 12197
f 12194 12193 12197 12198
f 12195 12194 12198 12199
f 12196 12195 12199 12200
f 12201 12202 12203 12204
f 12205 12206 12207 12208
f 12201 12204 12208 12205
f 12202 12201 12205 12206
f 12203 12202 12206 12207
f 12204 12203 12207 12208
f 12209 12210 12211 12212
f 12213 12214 12215 12216
f 12209 12212 12216 12213
f 12210 12209 12213 12214
f 12211 12210 12214 12215
f 12212 12211 12215 12216
f 12217 12218 12219 12220
f 12221 12222 12223 12224
f 12217 12220 12224 12221
f 12218 12217 12221 12222
f 12219 12218 12222 12223
f 12220 12219 12223 12224
f 12225 12226 12227 12228
f 12229 12230 12231 12232
f 12225 12228 12232 12229
f 12226 12225 12229 12230
f 12227 12226 12230 12231
f 12228 12227 12231 12232
f 12233 12234 12235 12236
f 12237 12238 12239 12240
f 12233 12236 12240 12237
f 12234 12233 12237 12238
f 12235 12234 12238 12239
f 12236 12235 12239 12240
f 12241 12242 12243 12244
f 12245 12246 12247 12248
f 12241 12244 12248 12245
f 12242 12241 12245 12246
f 12243 12242 12246 12247
f 12244 12243 12247 12248
f 12249 12250 12251 12252
f 12253 12254 12255 12256
f 12249 12252 12256 12253
f 12250 12249 12253 12254
f 12251 12250 12254 12255
f 12252 12251 12255 12256
f 12257 12258 12259 12260
f 12261 12262 12263 12264
f 12257 12260 12264 12261
f 12258 12257 12261 12262
f 12259 12258 12262 12263
f 12260 12259 12263 12264
f 12265 12266 12267 12268
f 12269 12270 12271 12272
f 12265 12268 12272 12269
f 12266 12265 12269 12270
f 12267 12266 12270 12271
f 12268 12267 12271 12272
f 12273 12274 12275 12276
f 12277 12278 12279 12280
f 12273 12276 12280 12277
f 12274 12273 12277 12278
f 12275 12274 12278 12279
f 12276 12275 12279 12280
f 12281 12282 12283 12284
f 12285 12286 12287 12288
f 12281 12284 12288 12285
f 12282 12281 12285 12286
f 12283 12282 12286 12287
f 12284 12283 12287 12288
f 12289 12290 12291 12292
f 12293 12294 12295 12296
f 12289 12292 12296 12293
f 12290 12289 12293 12294
f 12291 12290 12294 12295
f 12292 12291 12295 12296
f 12297 12298 12299 12300
f 12301 12302 12303 12304
f 12297 12300 12304 12301
f 12298 12297 12301 12302
f 12299 12298 12302 12303
f 12300 12299 12303 12304
f 12305 12306 12307 12308
f 12309 12310 12311 12312
f 12305 12308 12312 12309
f 12306 12305 12309 12310
f 12307 12306 12310 12311
f 12308 12307 12311 12312
f 12313 12314 12315 12316
f 12317 12318 12319 12320
f 12313 12316 12320 12317
f 12314 12313 12317 12318
f 12315 12314 12318 12319
f 12316 12315 12319 12320
f 12321 12322 12323 12324
f 12325 12326 12327 12328
f 12321 12324 12328 12325
f 12322 12321 12325 12326
f 12323 12322 12326 12327
f 12324 12323 12327 12328
f 12329 12330 12331 12332
f 12333 12334 12335 12336
f 12329 12332 12336 12333
f 12330 12329 12333 12334
f 12331 12330 12334 12335
f 12332 12331 12335 12336
f 12337 12338 12339 12340
f 12341 12342 12343 12344
f 12337 12340 12344 12341
f 12338 12337 12341 12342
f 12339 12338 12342 12343
f 12340 12339 12343 12344
f 12345 12346 12347 12348
f 12349 12350 12351 12352
f 12345 12348 12352 12349
f 12346 12345 12349 12350
f 12347 12346 12350 12351
f 12348 12347 12351 12352
f 12353 12354 12355 12356
f 12357 12358 12359 12360
f 12353 12356 12360 12357
f 12354 12353 12357 12358
f 12355 12354 12358 12359
f 12356 12355 12359 12360
f 12361 12362 12363 12364
f 12365 12366 12367 12368
f 12361 12364 12368 12365
f 12362 12361 12365 12366
f 12363 12362 12366 12367
f 12364 12363 12367 12368
f 12369 12370 12371 12372
f 12373 12374 12375 12376
f 12369 12372 12376 12373
f 12370 12369 12373 12374
f 12371 12370 12374 12375
f 12372 12371 12375 12376
f 12377 12378 12379 12380
f 12381 12382 12383 12384
f 12377 12380 12384 12381
f 12378 12377 12381 12382
f 12379 12378 12382 12383
f 12380 12379 12383 12384
f 12385 12386 12387 12388
f 12389 12390 12391 12392
f 12385 12388 12392 12389
f 12386 12385 12389 12390
f 12387 12386 12390 12391
f 12388 12387 12391 12392
f 12393 12394 12395 12396
f 12397 12398 12399 12400
f 12393 12396 12400 12397
f 12394 12393 12397 12398
f 12395 12394 12398 12399
f 12396 12395 12399 12400
f 12401 12402 12403 12404
f 12405 12406 12407 12408
f 12401 12404 12408 12405
f 12402 12401 12405 12406
f 12403 12402 12406 12407
f 12404 12403 12407 12408
f 12409 12410 12411 12412
f 12413 12414 12415 12416
f 12409 12412 12416 12413
f 12410 12409 12413 12414
f 12411 12410 12414 12415
f 12412 12411 12415 12416
f 12417 12418 12419 12420
f 12421 12422 12423 12424
f 12417 12420 12424 12421
f 12418 12417 12421 12422
f 12419 12418 12422 12423
f 12420 12419 12423 12424
f 12425 12426 12427 12428
f 12429 12430 12431 12432
f 12425 12428 12432 12429
f 12426 12425 12429 12430
f 12427 12426 12430 12431
f 12428 12427 12431 12432
f 12433 12434 12435 12436
f 12437 12438 12439 12440
f 12433 12436 12440 12437
f 12434 12433 12437 12438
f 12435 12434 12438 12439
f 12436 12435 12439 12440
f 12441 12442 12443 12444
f 12445 12446 12447 12448
f 12441 12444 12448 12445
f 12442 12441 12445 12446
f 12443 12442 12446 12447
f 12444 12443 12447 12448
f 12449 12450 12451 12452
f 12453 12454 12455 12456
f 12449 12452 12456 12453
f 12450 12449 12453 12454
f 12451 12450 12454 12455
f 12452 12451 12455 12456
f 12457 12458 12459 12460
f 12461 12462 12463 12464
f 12457 12460 12464 12461
f 12458 12457 12461 12462
f 12459 12458 12462 12463
f 12460 12459 12463 12464
f 12465 12466 12467 12468
f 12469 12470 12471 12472
f 12465 12468 12472 12469
f 12466 12465 12469 12470
f 12467 12466 12470 12471
f 12468 12467 12471 12472
f 12473 12474 12475 12476
f 12477 12478 12479 12480
f 12473 12476 12480 12477
f 12474 12473 12477 12478
f 12475 12474 12478 12479
f 12476 12475 12479 12480
f 12481 12482 12483 12484
f 12485 12486 12487 12488
f 12481 12484 12488 12485
f 12482 12481 12485 12486
f 12483 12482 12486 12487
f 12484 12483 12487 12488
f 12489 12490 12491 12492
f 12493 12494 12495 12496
f 12489 12492 12496 12493
f 12490 12489 12493 12494
f 12491 12490 12494 12495
f 12492 12491 12495 12496
f 12497 12498 12499 12500
f 12501 12502 12503 12504
f 12497 12500 12504 12501
f 12498 12497 12501 12502
f 12499 12498 12502 12503
f 12500 12499 12503 12504
f 12505 12506 12507 12508
f 12509 12510 12511 12512
f 12505 12508 12512 12509
f 12506 12505 12509 12510
f 12507 12506 12510 12511
f 12508 12507 12511 12512
f 12513 12514 12515 12516
f 12517 12518 12519 12520
f 12513 12516 12520 12517
f 12514 12513 12517 12518
f 12515 12514 12518 12519
f 12516 12515 12519 12520
f 12521 12522 12523 12524
f 12525 12526 12527 12528
f 12521 12524 12528 12525
f 12522 12521 12525 12526
f 12523 12522 12526 12527
f 12524 12523 12527 12528
f 12529 12530 12531 12532
f 12533 12534 12535 12536
f 12529 12532 12536 12533
f 12530 12529 12533 12534
f 12531 12530 12534 12535
f 12532 12531 12535 12536
f 12537 12538 12539 12540
f 12541 12542 12543 12544
f 12537 12540 12544 12541
f 12538 12537 12541 12542
f 12539 12538 12542 12543
f 12540 12539 12543 12544
f 12545 12546 12547 12548
f 12549 12550 12551 12552
f 12545 12548 12552 12549
f 12546 12545 12549 12550
f 12547 12546 12550 12551
f 12548 12547 12551 12552
f 12553 12554 12555 12556
f 12557 12558 12559 12560
f 12553 12556 12560 12557
f 12554 12553 12557 12558
f 12555 12554 12558 12559
f 12556 12555 12559 12560
f 12561 12562 12563 12564
f 12565 12566 12567 12568
f 12561 12564 12568 12565
f 12562 12561 12565 12566
f 12563 12562 12566 12567
f 12564 12563 12567 12568
f 12569 12570 12571 12572
f 12573 12574 12575 12576
f 12569 12572 12576 12573
f 12570 12569 12573 12574
f 12571 12570 12574 12575
f 12572 12571 12575 12576
f 12577 12578 12579 12580
f 12581 12582 12583 12584
f 12577 12580 12584 12581
f 12578 12577 12581 12582
f 12579 12578 12582 12583
f 12580 12579 12583 12584
f 12585 12586 12587 12588
f 12589 12590 12591 12592
f 12585 12588 12592 12589
f 12586 12585 12589 12590
f 12587 12586 12590 12591
f 12588 12587 12591 12592
f 12593 12594 12595 12596
f 12597 12598 12599 12600
f 12593 12596 12600 12597
f 12594 12593 12597 12598
f 12595 12594 12598 12599
f 12596 12595 12599 12600
f 12601 12602 12603 12604
f 12605 12606 12607 12608
f 12601 12604 12608 12605
f 12602 12601 12605 12606
f 12603 12602 12606 12607
f 12604 12603 12607 12608
f 12609 12610 12611 12612
f 12613 12614 12615 12616
f 12609 12612 12616 12613
f 12610 12609 12613 12614
f 12611 12610 12614 12615
f 12612 12611 12615 12616
f 12617 12618 12619 12620
f 12621 12622 12623 12624
f 12617 12620 12624 12621
f 12618 12617 12621 12622
f 12619 12618 12622 12623
f 12620 12619 12623 12624
f 12625 12626 12627 12628
f 12629 12630 12631 12632
f 12625 12628 12632 12629
f 12626 12625 12629 12630
f 12627 12626 12630 12631
f 12628 12627 12631 12632
f 12633 12634 12635 12636
f 12637 12638 12639 12640
f 12633 12636 12640 12637
f 12634 12633 12637 12638
f 12635 12634 12638 12639
f 12636 12635 12639 12640
f 12641 12642 12643 12644
f 12645 12646 12647 12648
f 12641 12644 12648 12645
f 12642 12641 12645 12646
f 12643 12642 12646 12647
f 12644 12643 12647 12648
f 12649 12650 12651 12652
f 12653 12654 12655 12656
f 12649 12652 12656 12653
f 12650 12649 12653 12654
f 12651 12650 12654 12655
f 12652 12651 12655 12656
f 12657 12658 12659 12660
f 12661 12662 12663 12664
f 12657 12660 12664 12661
f 12658 12657 12661 12662
f 12659 12658 12662 12663
f 12660 12659 12663 12664
f 12665 12666 12667 12668
f 12669 12670 12671 12672
f 12665 12668 12672 12669
f 12666 12665 12669 12670
f 12667 12666 12670 12671
f 12668 12667 12671 12672
f 12673 12674 12675 12676
f 12677 12678 12679 12680
f 12673 12676 12680 12677
f 12674 12673 12677 12678
f 12675 12674 12678 12679
f 12676 12675 12679 12680
f 12681 12682 12683 12684
f 12685 12686 12687 12688
f 12681 12684 12688 12685
f 12682 12681 12685 12686
f 12683 12682 12686 12687
f 12684 12683 12687 12688
f 12689 12690 12691 12692
f 12693 12694 12695 12696
f 12689 12692 12696 12693
f 12690 12689 12693 12694
f 12691 12690 12694 12695
f 12692 12691 12695 12696
f 12697 12698 12699 12700
f 12701 12702 12703 12704
f 12697 12700 12704 12701
f 12698 12697 12701 12702
f 12699 12698 12702 12703
f 12700 12699 12703 12704
f 12705 12706 12707 12708
f 12709 12710 12711 12712
f 12705 12708 12712 12709
f 12706 12705 12709 12710
f 12707 12706 12710 12711
f 12708 12707 12711 12712
f 12713 12714 12715 12716
f 12717 12718 12719 12720
f 12713 12716 12720 12717
f 12714 12713 12717 12718
f 12715 12714 12718 12719
f 12716 12715 12719 12720
f 12721 12722 12723 12724
f 12725 12726 12727 12728
f 12721 12724 12728 12725
f 12722 12721 12725 12726
f 12723 12722 12726 12727
f 12724 12723 12727 12728
f 12729 12730 12731 12732
f 12733 12734 12735 12736
f 12729 12732 12736 12733
f 12730 12729 12733 12734
f 12731 12730 12734 12735
f 12732 12731 12735 12736
f 12737 12738 12739 12740
f 12741 12742 12743 12744
f 12737 12740 12744 12741
f 12738 12737 12741 12742
f 12739 12738 12742 12743
f 12740 12739 12743 12744
f 12745 12746 12747 12748
f 12749 12750 12751 12752
f 12745 12748 12752 12749
f 12746 12745 12749 12750
f 12747 12746 12750 12751
f 12748 12747 12751 12752
f 12753 12754 12755 12756
f 12757 12758 12759 12760
f 12753 12756 12760 12757
f 12754 12753 12757 12758
f 12755 12754 12758 12759
f 12756 12755 12759 12760
f 12761 12762 12763 12764
f 12765 12766 12767 12768
f 12761 12764 12768 12765
f 12762 12761 12765 12766
f 12763 12762 12766 12767
f 12764 12763 12767 12768
f 12769 12770 12771 12772
f 12773 12774 12775 12776
f 12769 12772 12776 12773
f 12770 12769 12773 12774
f 12771 12770 12774 12775
f 12772 12771 12775 12776
f 12777 12778 12779 12780
f 12781 12782 12783 12784
f 12777 12780 12784 12781
f 12778 12777 12781 12782
f 12779 12778 12782 12783
f 12780 12779 12783 12784
f 12785 12786 12787 12788
f 12789 12790 12791 12792
f 12785 12788 12792 12789
f 12786 12785 12789 12790
f 12787 12786 12790 12791
f 12788 12787 12791 12792
f 12793 12794 12795 12796
f 12797 12798 12799 12800
f 12793 12796 12800 12797
f 12794 12793 12797 12798
f 12795 12794 12798 12799
f 12796 12795 12799 12800
f 12801 12802 12803 12804
f 12805 12806 12807 12808
f 12801 12804 12808 12805
f 12802 12801 12805 12806
f 12803 12802 12806 12807
f 12804 12803 12807 12808
f 12809 12810 12811 12812
f 12813 12814 12815 12816
f 12809 12812 12816 12813
f 12810 12809 12813 12814
f 12811 12810 12814 12815
f 12812 12811 12815 12816
f 12817 12818 12819 12820
f 12821 12822 12823 12824
f 12817 12820 12824 12821
f 12818 12817 12821 12822
f 12819 12818 12822 12823
f 12820 12819 12823 12824
f 12825 12826 12827 12828
f 12829 12830 12831 12832
f 12825 12828 12832 12829
f 12826 12825 12829 12830
f 12827 12826 12830 12831
f 12828 12827 12831 12832
f 12833 12834 12835 12836
f 12837 12838 12839 12840
f 12833 12836 12840 12837
f 12834 12833 12837 12838
f 12835 12834 12838 12839
f 12836 12835 12839 12840
f 12841 12842 12843 12844
f 12845 12846 12847 12848
f 12841 12844 12848 12845
f 12842 12841 12845 12846
f 12843 12842 12846 12847
f 12844 12843 12847 12848
f 12849 12850 12851 12852
f 12853 12854 12855 12856
f 12849 12852 12856 12853
f 12850 12849 12853 12854
f 12851 12850 12854 12855
f 12852 12851 12855 12856
f 12857 12858 12859 12860
f 12861 12862 12863 12864
f 12857 12860 12864 12861
f 12858 12857 12861 12862
f 12859 12858 12862 12863
f 12860 12859 12863 12864
f 12865 12866 12867 12868
f 12869 12870 12871 12872
f 12865 12868 12872 12869
f 12866 12865 12869 12870
f 12867 12866 12870 12871
f 12868 12867 12871 12872
f 12873 12874 12875 12876
f 12877 12878 12879 12880
f 12873 12876 12880 12877
f 12874 12873 12877 12878
f 12875 12874 12878 12879
f 12876 12875 12879 12880
f 12881 12882 12883 12884
f 12885 12886 12887 12888
f 12881 12884 12888 12885
f 12882 12881 12885 12886
f 12883 12882 12886 12887
f 12884 12883 12887 12888
f 12889 12890 12891 12892
f 12893 12894 12895 12896
f 12889 12892 12896 12893
f 12890 12889 12893 12894
f 12891 12890 12894 12895
f 12892 12891 12895 12896
f 12897 12898 12899 12900
f 12901 12902 12903 12904
f 12897 12900 12904 12901
f 12898 12897 12901 12902
f 12899 12898 12902 12903
f 12900 12899 12903 12904
f 12905 12906 12907 12908
f 12909 12910 12911 12912
f 12905 12908 12912 12909
f 12906 12905 12909 12910
f 12907 12906 12910 12911
f 12908 12907 12911 12912
f 12913 12914 12915 12916
f 12917 12918 12919 12920
f 12913 12916 12920 12917
f 12914 12913 12917 12918
f 12915 12914 12918 12919
f 12916 12915 12919 12920
f 12921 12922 12923 12924
f 12925 12926 12927 12928
f 12921 12924 12928 12925
f 12922 12921 12925 12926
f 12923 12922 12926 12927
f 12924 12923 12927 12928
f 12929 12930 12931 12932
f 12933 12934 12935 12936
f 12929 12932 12936 12933
f 12930 12929 12933 12934
f 12931 12930 12934 12935
f 12932 12931 12935 12936
f 12937 12938 12939 12940
f 12941 12942 12943 12944
f 12937 12940 12944 12941
f 12938 12937 12941 12942
f 12939 12938 12942 12943
f 12940 12939 12943 12944
f 12945 12946 12947 12948
f 12949 12950 12951 12952
f 12945 12948 12952 12949
f 12946 12945 12949 12950
f 12947 12946 12950 12951
f 12948 12947 12951 12952
f 12953 12954 12955 12956
f 12957 12958 12959 12960
f 12953 12956 12960 12957
f 12954 12953 12957 12958
f 12955 12954 12958 12959
f 12956 12955 12959 12960
f 12961 12962 12963 12964
f 12965 12966 12967 12968
f 12961 12964 12968 12965
f 12962 12961 12965 12966
f 12963 12962 12966 12967
f 12964 12963 12967 12968
f 12969 12970 12971 12972
f 12973 12974 12975 12976
f 12969 12972 12976 12973
f 12970 12969 12973 12974
f 12971 12970 12974 12975
f 12972 12971 12975 12976
f 12977 12978 12979 12980
f 12981 12982 12983 12984
f 12977 12980 12984 12981
f 12978 12977 12981 12982
f 12979 12978 12982 12983
f 12980 12979 12983 12984
f 12985 12986 12987 12988
f 12989 12990 12991 12992
f 12985 12988 12992 12989
f 12986 12985 12989 12990
f 12987 12986 12990 12991
f 12988 12987 12991 12992
f 12993 12994 12995 12996
f 12997 12998 12999 13000
f 12993 12996 13000 12997
f 12994 12993 12997 12998
f 12995 12994 12998 12999
f 12996 12995 12999 13000
f 13001 13002 13003 13004
f 13005 13006 13007 13008
f 13001 13004 13008 13005
f 13002 13001 13005 13006
f 13003 13002 13006 13007
f 13004 13003 13007 13008
f 13009 13010 13011 13012
f 13013 13014 13015 13016
f 13009 13012 13016 13013
f 13010 13009 13013 13014
f 13011 13010 13014 13015
f 13012 13011 13015 13016
f 13017 13018 13019 13020
f 13021 13022 13023 13024
f 13017 13020 13024 13021
f 13018 13017 13021 13022
f 13019 13018 13022 13023
f 13020 13019 13023 13024
f 13025 13026 13027 13028
f 13029 13030 13031 13032
f 13025 13028 13032 13029
f 13026 13025 13029 13030
f 13027 13026 13030 13031
f 13028 13027 13031 13032
f 13033 13034 13035 13036
f 13037 13038 13039 13040
f 13033 13036 13040 13037
f 13034 13033 13037 13038
f 13035 13034 13038 13039
f 13036 13035 13039 13040
f 13041 13042 13043 13044
f 13045 13046 13047 13048
f 13041 13044 13048 13045
f 13042 13041 13045 13046
f 13043 13042 13046 13047
f 13044 13043 13047 13048
f 13049 13050 13051 13052
f 13053 13054 13055 13056
f 13049 13052 13056 13053
f 13050 13049 13053 13054
f 13051 13050 13054 13055
f 13052 13051 13055 13056
f 13057 13058 13059 13060
f 13061 13062 13063 13064
f 13057 13060 13064 13061
f 13058 13057 13061 13062
f 13059 13058 13062 13063
f 13060 13059 13063 13064
f 13065 13066 13067 13068
f 13069 13070 13071 13072
f 13065 13068 13072 13069
f 13066 13065 13069 13070
f 13067 13066 13070 13071
f 13068 13067 13071 13072
f 13073 13074 13075 13076
f 13077 13078 13079 13080
f 13073 13076 13080 13077
f 13074 13073 13077 13078
f 13075 13074 13078 13079
f 13076 13075 13079 13080
f 13081 13082 13083 13084
f 13085 13086 13087 13088
f 13081 13084 13088 13085
f 13082 13081 13085 13086
f 13083 13082 13086 13087
f 13084 13083 13087 13088
f 13089 13090 13091 13092
f 13093 13094 13095 13096
f 13089 13092 13096 13093
f 13090 13089 13093 13094
f 13091 13090 13094 13095
f 13092 13091 13095 13096
f 13097 13098 13099 13100
f 13101 13102 13103 13104
f 13097 13100 13104 13101
f 13098 13097 13101 13102
f 13099 13098 13102 13103
f 13100 13099 13103 13104
f 13105 13106 13107 13108
f 13109 13110 13111 13112
f 13105 13108 13112 13109
f 13106 13105 13109 13110
f 13107 13106 13110 13111
f 13108 13107 13111 13112
f 13113 13114 13115 13116
f 13117 13118 13119 13120
f 13113 13116 13120 13117
f 13114 13113 13117 13118
f 13115 13114 13118 13119
f 13116 13115 13119 13120
f 13121 13122 13123 13124
f 13125 13126 13127 13128
f 13121 13124 13128 13125
f 13122 13121 13125 13126
f 13123 13122 13126 13127
f 13124 13123 13127 13128
f 13129 13130 13131 13132
f 13133 13134 13135 13136
f 13129 13132 13136 13133
f 13130 13129 13133 13134
f 13131 13130 13134 13135
f 13132 13131 13135 13136
f 13137 13138 13139 13140
f 13141 13142 13143 13144
f 13137 13140 13144 13141
f 13138 13137 13141 13142
f 13139 13138 13142 13143
f 13140 13139 13143 13144
f 13145 13146 13147 13148
f 13149 13150 13151 13152
f 13145 13148 13152 13149
f 13146 13145 13149 13150
f 13147 13146 13150 13151
f 13148 13147 13151 13152
f 13153 13154 13155 13156
f 13157 13158 13159 13160
f 13153 13156 13160 13157
f 13154 13153 13157 13158
f 13155 13154 13158 13159
f 13156 13155 13159 13160
f 13161 13162 13163 13164
f 13165 13166 13167 13168
f 13161 13164 13168 13165
f 13162 13161 13165 13166
f 13163 13162 13166 13167
f 13164 13163 13167 13168
f 13169 13170 13171 13172
f 13173 13174 13175 13176
f 13169 13172 13176 13173
f 13170 13169 13173 13174
f 13171 13170 13174 13175
f 13172 13171 13175 13176
f 13177 13178 13179 13180
f 13181 13182 13183 13184
f 13177 13180 13184 13181
f 13178 13177 13181 13182
f 13179 13178 13182 13183
f 13180 13179 13183 13184
f 13185 13186 13187 13188
f 13189 13190 13191 13192
f 13185 13188 13192 13189
f 13186 13185 13189 13190
f 13187 13186 13190 13191
f 13188 13187 13191 13192
f 13193 13194 13195 13196
f 13197 13198 13199 13200
f 13193 13196 13200 13197
f 13194 13193 13197 13198
f 13195 13194 13198 13199
f 13196 13195 13199 13200
f 13201 13202 13203 13204
f 13205 13206 13207 13208
f 13201 13204 13208 13205
f 13202 13201 13205 13206
f 13203 13202 13206 13207
f 13204 13203 13207 13208
f 13209 13210 13211 13212
f 13213 13214 13215 13216
f 13209 13212 13216 13213
f 13210 13209 13213 13214
f 13211 13210 13214 13215
f 13212 13211 13215 13216
f 13217 13218 13219 13220
f 13221 13222 13223 13224
f 13217 13220 13224 13221
f 13218 13217 13221 13222
f 13219 13218 13222 13223
f 13220 13219 13223 13224
f 13225 13226 13227 13228
f 13229 13230 13231 13232
f 13225 13228 13232 13229
f 13226 13225 13229 13230
f 13227 13226 13230 13231
f 13228 13227 13231 13232
f 13233 13234 13235 13236
f 13237 13238 13239 13240
f 13233 13236 13240 13237
f 13234 13233 13237 13238
f 13235 13234 13238 13239
f 13236 13235 13239 13240
f 13241 13242 13243 13244
f 13245 13246 13247 13248
f 13241 13244 13248 13245
f 13242 13241 13245 13246
f 13243 13242 13246 13247
f 13244 13243 13247 13248
f 13249 13250 13251 13252
f 13253 13254 13255 13256
f 13249 13252 13256 13253
f 13250 13249 13253 13254
f 13251 13250 13254 13255
f 13252 13251 13255 13256
f 13257 13258 13259 13260
f 13261 13262 13263 13264
f 13257 13260 13264 13261
f 13258 13257 13261 13262
f 13259 13258 13262 13263
f 13260 13259 13263 13264
f 13265 13266 13267 13268
f 13269 13270 13271 13272
f 13265 13268 13272 13269
f 13266 13265 13269 13270
f 13267 13266 13270 13271
f 13268 13267 13271 13272
f 13273 13274 13275 13276
f 13277 13278 13279 13280
f 13273 13276 13280 13277
f 13274 13273 13277 13278
f 13275 13274 13278 13279
f 13276 13275 13279 13280
f 13281 13282 13283 13284
f 13285 13286 13287 13288
f 13281 13284 13288 13285
f 13282 13281 13285 13286
f 13283 13282 13286 13287
f 13284 13283 13287 13288
f 13289 13290 13291 13292
f 13293 13294 13295 13296
f 13289 13292 13296 13293
f 13290 13289 13293 13294
f 13291 13290 13294 13295
f 13292 13291 13295 13296
f 13297 13298 13299 13300
f 13301 13302 13303 13304
f 13297 13300 13304 13301
f 13298 13297 13301 13302
f 13299 13298 13302 13303
f 13300 13299 13303 13304
f 13305 13306 13307 13308
f 13309 13310 13311 13312
f 13305 13308 13312 13309
f 13306 13305 13309 13310
f 13307 13306 13310 13311
f 13308 13307 13311 13312
f 13313 13314 13315 13316
f 13317 13318 13319 13320
f 13313 13316 13320 13317
f 13314 13313 13317 13318
f 13315 13314 13318 13319
f 13316 13315 13319 13320
f 13321 13322 13323 13324
f 13325 13326 13327 13328
f 13321 13324 13328 13325
f 13322 13321 13325 13326
f 13323 13322 13326 13327
f 13324 13323 13327 13328
f 13329 13330 13331 13332
f 13333 13334 13335 13336
f 13329 13332 13336 13333
f 13330 13329 13333 13334
f 13331 13330 13334 13335
f 13332 13331 13335 13336
f 13337 13338 13339 13340
f 13341 13342 13343 13344
f 13337 13340 13344 13341
f 13338 13337 13341 13342
f 13339 13338 13342 13343
f 13340 13339 13343 13344
f 13345 13346 13347 13348
f 13349 13350 13351 13352
f 13345 13348 13352 13349
f 13346 13345 13349 13350
f 13347 13346 13350 13351
f 13348 13347 13351 13352
f 13353 13354 13355 13356
f 13357 13358 13359 13360
f 13353 13356 13360 13357
f 13354 13353 13357 13358
f 13355 13354 13358 13359
f 13356 13355 13359 13360
f 13361 13362 13363 13364
f 13365 13366 13367 13368
f 13361 13364 13368 13365
f 13362 13361 13365 13366
f 13363 13362 13366 13367
f 13364 13363 13367 13368
f 13369 13370 13371 13372
f 13373 13374 13375 13376
f 13369 13372 13376 13373
f 13370 13369 13373 13374
f 13371 13370 13374 13375
f 13372 13371 13375 13376
f 13377 13378 13379 13380
f 13381 13382 13383 13384
f 13377 13380 13384 13381
f 13378 13377 13381 13382
f 13379 13378 13382 13383
f 13380 13379 13383 13384
f 13385 13386 13387 13388
f 13389 13390 13391 13392
f 13385 13388 13392 13389
f 13386 13385 13389 13390
f 13387 13386 13390 13391
f 13388 13387 13391 13392
f 13393 13394 13395 13396
f 13397 13398 13399 13400
f 13393 13396 13400 13397
f 13394 13393 13397 13398
f 13395 13394 13398 13399
f 13396 13395 13399 13400
f 13401 13402 13403 13404
f 13405 13406 13407 13408
f 13401 13404 13408 13405
f 13402 13401 13405 13406
f 13403 13402 13406 13407
f 13404 13403 13407 13408
f 13409 13410 13411 13412
f 13413 13414 13415 13416
f 13409 13412 13416 13413
f 13410 13409 13413 13414
f 13411 13410 13414 13415
f 13412 13411 13415 13416
f 13417 13418 13419 13420
f 13421 13422 13423 13424
f 13417 13420 13424 13421
f 13418 13417 13421 13422
f 13419 13418 13422 13423
f 13420 13419 13423 13424
f 13425 13426 13427 13428
f 13429 13430 13431 13432
f 13425 13428 13432 13429
f 13426 13425 13429 13430
f 13427 13426 13430 13431
f 13428 13427 13431 13432
f 13433 13434 13435 13436
f 13437 13438 13439 13440
f 13433 13436 13440 13437
f 13434 13433 13437 13438
f 13435 13434 13438 13439
f 13436 13435 13439 13440
f 13441 13442 13443 13444
f 13445 13446 13447 13448
f 13441 13444 13448 13445
f 13442 13441 13445 13446
f 13443 13442 13446 13447
f 13444 13443 13447 13448
f 13449 13450 13451 13452
f 13453 13454 13455 13456
f 13449 13452 13456 13453
f 13450 13449 13453 13454
f 13451 13450 13454 13455
f 13452 13451 13455 13456
f 13457 13458 13459 13460
f 13461 13462 13463 13464
f 13457 13460 13464 13461
f 13458 13457 13461 13462
f 13459 13458 13462 13463
f 13460 13459 13463 13464
f 13465 13466 13467 13468
f 13469 13470 13471 13472
f 13465 13468 13472 13469
f 13466 13465 13469 13470
f 13467 13466 13470 13471
f 13468 13467 13471 13472
f 13473 13474 13475 13476
f 13477 13478 13479 13480
f 13473 13476 13480 13477
f 13474 13473 13477 13478
f 13475 13474 13478 13479
f 13476 13475 13479 13480
f 13481 13482 13483 13484
f 13485 13486 13487 13488
f 13481 13484 13488 13485
f 13482 13481 13485 13486
f 13483 13482 13486 13487
f 13484 13483 13487 13488
f 13489 13490 13491 13492
f 13493 13494 13495 13496
f 13489 13492 13496 13493
f 13490 13489 13493 13494
f 13491 13490 13494 13495
f 13492 13491 13495 13496
f 13497 13498 13499 13500
f 13501 13502 13503 13504
f 13497 13500 13504 13501
f 13498 13497 13501 13502
f 13499 13498 13502 13503
f 13500 13499 13503 13504
f 13505 13506 13507 13508
f 13509 13510 13511 13512
f 13505 13508 13512 13509
f 13506 13505 13509 13510
f 13507 13506 13510 13511
f 13508 13507 13511 13512
f 13513 13514 13515 13516
f 13517 13518 13519 13520
f 13513 13516 13520 13517
f 13514 13513 13517 13518
f 13515 13514 13518 13519
f 13516 13515 13519 13520
f 13521 13522 13523 13524
f 13525 13526 13527 13528
f 13521 13524 13528 13525
f 13522 13521 13525 13526
f 13523 13522 13526 13527
f 13524 13523 13527 13528
f 13529 13530 13531 13532
f 13533 13534 13535 13536
f 13529 13532 13536 13533
f 13530 13529 13533 13534
f 13531 13530 13534 13535
f 13532 13531 13535 13536
f 13537 13538 13539 13540
f 13541 13542 13543 13544
f 13537 13540 13544 13541
f 13538 13537 13541 13542
f 13539 13538 13542 13543
f 13540 13539 13543 13544
f 13545 13546 13547 13548
f 13549 13550 13551 13552
f 13545 13548 13552 13549
f 13546 13545 13549 13550
f 13547 13546 13550 13551
f 13548 13547 13551 13552
f 13553 13554 13555 13556
f 13557 13558 13559 13560
f 13553 13556 13560 13557
f 13554 13553 13557 13558
f 13555 13554 13558 13559
f 13556 13555 13559 13560
f 13561 13562 13563 13564
f 13565 13566 13567 13568
f 13561 13564 13568 13565
f 13562 13561 13565 13566
f 13563 13562 13566 13567
f 13564 13563 13567 13568
f 13569 13570 13571 13572
f 13573 13574 13575 13576
f 13569 13572 13576 13573
f 13570 13569 13573 13574
f 13571 13570 13574 13575
f 13572 13571 13575 13576
f 13577 13578 13579 13580
f 13581 13582 13583 13584
f 13577 13580 13584 13581
f 13578 13577 13581 13582
f 13579 13578 13582 13583
f 13580 13579 13583 13584
f 13585 13586 13587 13588
f 13589 13590 13591 13592
f 13585 13588 13592 13589
f 13586 13585 13589 13590
f 13587 13586 13590 13591
f 13588 13587 13591 13592
f 13593 13594 13595 13596
f 13597 13598 13599 13600
f 13593 13596 13600 13597
f 13594 13593 13597 13598
f 13595 13594 13598 13599
f 13596 13595 13599 13600
f 13601 13602 13603 13604
f 13605 13606 13607 13608
f 13601 13604 13608 13605
f 13602 13601 13605 13606
f 13603 13602 13606 13607
f 13604 13603 13607 13608
f 13609 13610 13611 13612
f 13613 13614 13615 13616
f 13609 13612 13616 13613
f 13610 13609 13613 13614
f 13611 13610 13614 13615
f 13612 13611 13615 13616
f 13617 13618 13619 13620
f 13621 13622 13623 13624
f 13617 13620 13624 13621
f 13618 13617 13621 13622
f 13619 13618 13622 13623
f 13620 13619 13623 13624
f 13625 13626 13627 13628
f 13629 13630 13631 13632
f 13625 13628 13632 13629
f 13626 13625 13629 13630
f 13627 13626 13630 13631
f 13628 13627 13631 13632
f 13633 13634 13635 13636
f 13637 13638 13639 13640
f 13633 13636 13640 13637
f 13634 13633 13637 13638
f 13635 13634 13638 13639
f 13636 13635 13639 13640
f 13641 13642 13643 13644
f 13645 13646 13647 13648
f 13641 13644 13648 13645
f 13642 13641 13645 13646
f 13643 13642 13646 13647
f 13644 13643 13647 13648
f 13649 13650 13651 13652
f 13653 13654 13655 13656
f 13649 13652 13656 13653
f 13650 13649 13653 13654
f 13651 13650 13654 13655
f 13652 13651 13655 13656
f 13657 13658 13659 13660
f 13661 13662 13663 13664
f 13657 13660 13664 13661
f 13658 13657 13661 13662
f 13659 13658 13662 13663
f 13660 13659 13663 13664
f 13665 13666 13667 13668
f 13669 13670 13671 13672
f 13665 13668 13672 13669
f 13666 13665 13669 13670
f 13667 13666 13670 13671
f 13668 13667 13671 13672
f 13673 13674 13675 13676
f 13677 13678 13679 13680
f 13673 13676 13680 13677
f 13674 13673 13677 13678
f 13675 13674 13678 13679
f 13676 13675 13679 13680
f 13681 13682 13683 13684
f 13685 13686 13687 13688
f 13681 13684 13688 13685
f 13682 13681 13685 13686
f 13683 13682 13686 13687
f 13684 13683 13687 13688
f 13689 13690 13691 13692
f 13693 13694 13695 13696
f 13689 13692 13696 13693
f 13690 13689 13693 13694
f 13691 13690 13694 13695
f 13692 13691 13695 13696
f 13697 13698 13699 13700
f 13701 13702 13703 13704
f 13697 13700 13704 13701
f 13698 13697 13701 13702
f 13699 13698 13702 13703
f 13700 13699 13703 13704
f 13705 13706 13707 13708
f 13709 13710 13711 13712
f 13705 13708 13712 13709
f 13706 13705 13709 13710
f 13707 13706 13710 13711
f 13708 13707 13711 13712
f 13713 13714 13715 13716
f 13717 13718 13719 13720
f 13713 13716 13720 13717
f 13714 13713 13717 13718
f 13715 13714 13718 13719
f 13716 13715 13719 13720
f 13721 13722 13723 13724
f 13725 13726 13727 13728
f 13721 13724 13728 13725
f 13722 13721 13725 13726
f 13723 13722 13726 13727
f 13724 13723 13727 13728
f 13729 13730 13731 13732
f 13733 13734 13735 13736
f 13729 13732 13736 13733
f 13730 13729 13733 13734
f 13731 13730 13734 13735
f 13732 13731 13735 13736
f 13737 13738 13739 13740
f 13741 13742 13743 13744
f 13737 13740 13744 13741
f 13738 13737 13741 13742
f 13739 13738 13742 13743
f 13740 13739 13743 13744
f 13745 13746 13747 13748
f 13749 13750 13751 13752
f 13745 13748 13752 13749
f 13746 13745 13749 13750
f 13747 13746 13750 13751
f 13748 13747 13751 13752
f 13753 13754 13755 13756
f 13757 13758 13759 13760
f 13753 13756 13760 13757
f 13754 13753 13757 13758
f 13755 13754 13758 13759
f 13756 13755 13759 13760
f 13761 13762 13763 13764
f 13765 13766 13767 13768
f 13761 13764 13768 13765
f 13762 13761 13765 13766
f 13763 13762 13766 13767
f 13764 13763 13767 13768
f 13769 13770 13771 13772
f 13773 13774 13775 13776
f 13769 13772 13776 13773
f 13770 13769 13773 13774
f 13771 13770 13774 13775
f 13772 13771 13775 13776
f 13777 13778 13779 13780
f 13781 13782 13783 13784
f 13777 13780 13784 13781
f 13778 13777 13781 13782
f 13779 13778 13782 13783
f 13780 13779 13783 13784
f 13785 13786 13787 13788
f 13789 13790 13791 13792
f 13785 13788 13792 13789
f 13786 13785 13789 13790
f 13787 13786 13790 13791
f 13788 13787 13791 13792
f 13793 13794 13795 13796
f 13797 13798 13799 13800
f 13793 13796 13800 13797
f 13794 13793 13797 13798
f 13795 13794 13798 13799
f 13796 13795 13799 13800
f 13801 13802 13803 13804
f 13805 13806 13807 13808
f 13801 13804 13808 13805
f 13802 13801 13805 13806
f 13803 13802 13806 13807
f 13804 13803 13807 13808
f 13809 13810 13811 13812
f 13813 13814 13815 13816
f 13809 13812 13816 13813
f 13810 13809 13813 13814
f 13811 13810 13814 13815
f 13812 13811 13815 13816
f 13817 13818 13819 13820
f 13821 13822 13823 13824
f 13817 13820 13824 13821
f 13818 13817 13821 13822
f 13819 13818 13822 13823
f 13820 13819 13823 13824
f 13825 13826 13827 13828
f 13829 13830 13831 13832
f 13825 13828 13832 13829
f 13826 13825 13829 13830
f 13827 13826 13830 13831
f 13828 13827 13831 13832
f 13833 13834 13835 13836
f 13837 13838 13839 13840
f 13833 13836 13840 13837
f 13834 13833 13837 13838
f 13835 13834 13838 13839
f 13836 13835 13839 13840
f 13841 13842 13843 13844
f 13845 13846 13847 13848
f 13841 13844 13848 13845
f 13842 13841 13845 13846
f 13843 13842 13846 13847
f 13844 13843 13847 13848
f 13849 13850 13851 13852
f 13853 13854 13855 13856
f 13849 13852 13856 13853
f 13850 13849 13853 13854
f 13851 13850 13854 13855
f 13852 13851 13855 13856
f 13857 13858 13859 13860
f 13861 13862 13863 13864
f 13857 13860 13864 13861
f 13858 13857 13861 13862
f 13859 13858 13862 13863
f 13860 13859 13863 13864
f 13865 13866 13867 13868
f 13869 13870 13871 13872
f 13865 13868 13872 13869
f 13866 13865 13869 13870
f 13867 13866 13870 13871
f 13868 13867 13871 13872
f 13873 13874 13875 13876
f 13877 13878 13879 13880
f 13873 13876 13880 13877
f 13874 13873 13877 13878
f 13875 13874 13878 13879
f 13876 13875 13879 13880
f 13881 13882 13883 13884
f 13885 13886 13887 13888
f 13881 13884 13888 13885
f 13882 13881 13885 13886
f 13883 13882 13886 13887
f 13884 13883 13887 13888
f 13889 13890 13891 13892
f 13893 13894 13895 13896
f 13889 13892 13896 13893
f 13890 13889 13893 13894
f 13891 13890 13894 13895
f 13892 13891 13895 13896
f 13897 13898 13899 13900
f 13901 13902 13903 13904
f 13897 13900 13904 13901
f 13898 13897 13901 13902
f 13899 13898 13902 13903
f 13900 13899 13903 13904
f 13905 13906 13907 13908
f 13909 13910 13911 13912
f 13905 13908 13912 13909
f 13906 13905 13909 13910
f 13907 13906 13910 13911
f 13908 13907 13911 13912
f 13913 13914 13915 13916
f 13917 13918 13919 13920
f 13913 13916 13920 13917
f 13914 13913 13917 13918
f 13915 13914 13918 13919
f 13916 13915 13919 13920
f 13921 13922 13923 13924
f 13925 13926 13927 13928
f 13921 13924 13928 13925
f 13922 13921 13925 13926
f 13923 13922 13926 13927
f 13924 13923 13927 13928
f 13929 13930 13931 13932
f 13933 13934 13935 13936
f 13929 13932 13936 13933
f 13930 13929 13933 13934
f 13931 13930 13934 13935
f 13932 13931 13935 13936
f 13937 13938 13939 13940
f 13941 13942 13943 13944
f 13937 13940 13944 13941
f 13938 13937 13941 13942
f 13939 13938 13942 13943
f 13940 13939 13943 13944
f 13945 13946 13947 13948
f 13949 13950 13951 13952
f 13945 13948 13952 13949
f 13946 13945 13949 13950
f 13947 13946 13950 13951
f 13948 13947 13951 13952
f 13953 13954 13955 13956
f 13957 13958 13959 13960
f 13953 13956 13960 13957
f 13954 13953 13957 13958
f 13955 13954 13958 13959
f 13956 13955 13959 13960
f 13961 13962 13963 13964
f 13965 13966 13967 13968
f 13961 13964 13968 13965
f 13962 13961 13965 13966
f 13963 13962 13966 13967
f 13964 13963 13967 13968
f 13969 13970 13971 13972
f 13973 13974 13975 13976
f 13969 13972 13976 13973
f 13970 13969 13973 13974
f 13971 13970 13974 13975
f 13972 13971 13975 13976
f 13977 13978 13979 13980
f 13981 13982 13983 13984
f 13977 13980 13984 13981
f 13978 13977 13981 13982
f 13979 13978 13982 13983
f 13980 13979 13983 13984
f 13985 13986 13987 13988
f 13989 13990 13991 13992
f 13985 13988 13992 13989
f 13986 13985 13989 13990
f 13987 13986 13990 13991
f 13988 13987 13991 13992
f 13993 13994 13995 13996
f 13997 13998 13999 14000
f 13993 13996 14000 13997
f 13994 13993 13997 13998
f 13995 13994 13998 13999
f 13996 13995 13999 14000
f 14001 14002 14003 14004
f 14005 14006 14007 14008
f 14001 14004 14008 14005
f 14002 14001 14005 14006
f 14003 14002 14006 14007
f 14004 14003 14007 14008
f 14009 14010 14011 14012
f 14013 14014 14015 14016
f 14009 14012 14016 14013
f 14010 14009 14013 14014
f 14011 14010 14014 14015
f 14012 14011 14015 14016
f 14017 14018 14019 14020
f 14021 14022 14023 14024
f 14017 14020 14024 14021
f 14018 14017 14021 14022
f 14019 14018 14022 14023
f 14020 14019 14023 14024
f 14025 14026 14027 14028
f 14029 14030 14031 14032
f 14025 14028 14032 14029
f 14026 14025 14029 14030
f 14027 14026 14030 14031
f 14028 14027 14031 14032
f 14033 14034 14035 14036
f 14037 14038 14039 14040
f 14033 14036 14040 14037
f 14034 14033 14037 14038
f 14035 14034 14038 14039
f 14036 14035 14039 14040
f 14041 14042 14043 14044
f 14045 14046 14047 14048
f 14041 14044 14048 14045
f 14042 14041 14045 14046
f 14043 14042 14046 14047
f 14044 14043 14047 14048
f 14049 14050 14051 14052
f 14053 14054 14055 14056
f 14049 14052 14056 14053
f 14050 14049 14053 14054
f 14051 14050 14054 14055
f 14052 14051 14055 14056
f 14057 14058 14059 14060
f 14061 14062 14063 14064
f 14057 14060 14064 14061
f 14058 14057 14061 14062
f 14059 14058 14062 14063
f 14060 14059 14063 14064
f 14065 14066 14067 14068
f 14069 14070 14071 14072
f 14065 14068 14072 14069
f 14066 14065 14069 14070
f 14067 14066 14070 14071
f 14068 14067 14071 14072
f 14073 14074 14075 14076
f 14077 14078 14079 14080
f 14073 14076 14080 14077
f 14074 14073 14077 14078
f 14075 14074 14078 14079
f 14076 14075 14079 14080
f 14081 14082 14083 14084
f 14085 14086 14087 14088
f 14081 14084 14088 14085
f 14082 14081 14085 14086
f 14083 14082 14086 14087
f 14084 14083 14087 14088
f 14089 14090 14091 14092
f 14093 14094 14095 14096
f 14089 14092 14096 14093
f 14090 14089 14093 14094
f 14091 14090 14094 14095
f 14092 14091 14095 14096
f 14097 14098 14099 14100
f 14101 14102 14103 14104
f 14097 14100 14104 14101
f 14098 14097 14101 14102
f 14099 14098 14102 14103
f 14100 14099 14103 14104
f 14105 14106 14107 14108
f 14109 14110 14111 14112
f 14105 14108 14112 14109
f 14106 14105 14109 14110
f 14107 14106 14110 14111
f 14108 14107 14111 14112
f 14113 14114 14115 14116
f 14117 14118 14119 14120
f 14113 14116 14120 14117
f 14114 14113 14117 14118
f 14115 14114 14118 14119
f 14116 14115 14119 14120
f 14121 14122 14123 14124
f 14125 14126 14127 14128
f 14121 14124 14128 14125
f 14122 14121 14125 14126
f 14123 14122 14126 14127
f 14124 14123 14127 14128
f 14129 14130 14131 14132
f 14133 14134 14135 14136
f 14129 14132 14136 14133
f 14130 14129 14133 14134
f 14131 14130 14134 14135
f 14132 14131 14135 14136
f 14137 14138 14139 14140
f 14141 14142 14143 14144
f 14137 14140 14144 14141
f 14138 14137 14141 14142
f 14139 14138 14142 14143
f 14140 14139 14143 14144
f 14145 14146 14147 14148
f 14149 14150 14151 14152
f 14145 14148 14152 14149
f 14146 14145 14149 14150
f 14147 14146 14150 14151
f 14148 14147 14151 14152
f 14153 14154 14155 14156
f 14157 14158 14159 14160
f 14153 14156 14160 14157
f 14154 14153 14157 14158
f 14155 14154 14158 14159
f 14156 14155 14159 14160
f 14161 14162 14163 14164
f 14165 14166 14167 14168
f 14161 14164 14168 14165
f 14162 14161 14165 14166
f 14163 14162 14166 14167
f 14164 14163 14167 14168
f 14169 14170 14171 14172
f 14173 14174 14175 14176
f 14169 14172 14176 14173
f 14170 14169 14173 14174
f 14171 14170 14174 14175
f 14172 14171 14175 14176
f 14177 14178 14179 14180
f 14181 14182 14183 14184
f 14177 14180 14184 14181
f 14178 14177 14181 14182
f 14179 14178 14182 14183
f 14180 14179 14183 14184
f 14185 14186 14187 14188
f 14189 14190 14191 14192
f 14185 14188 14192 14189
f 14186 14185 14189 14190
f 14187 14186 14190 14191
f 14188 14187 14191 14192
f 14193 14194 14195 14196
f 14197 14198 14199 14200
f 14193 14196 14200 14197
f 14194 14193 14197 14198
f 14195 14194 14198 14199
f 14196 14195 14199 14200
f 14201 14202 14203 14204
f 14205 14206 14207 14208
f 14201 14204 14208 14205
f 14202 14201 14205 14206
f 14203 14202 14206 14207
f 14204 14203 14207 14208
f 14209 14210 14211 14212
f 14213 14214 14215 14216
f 14209 14212 14216 14213
f 14210 14209 14213 14214
f 14211 14210 14214 14215
f 14212 14211 14215 14216
f 14217 14218 14219 14220
f 14221 14222 14223 14224
f 14217 14220 14224 14221
f 14218 14217 14221 14222
f 14219 14218 14222 14223
f 14220 14219 14223 14224
f 14225 14226 14227 14228
f 14229 14230 14231 14232
f 14225 14228 14232 14229
f 14226 14225 14229 14230
f 14227 14226 14230 14231
f 14228 14227 14231 14232
f 14233 14234 14235 14236
f 14237 14238 14239 14240
f 14233 14236 14240 14237
f 14234 14233 14237 14238
f 14235 14234 14238 14239
f 14236 14235 14239 14240
f 14241 14242 14243 14244
f 14245 14246 14247 14248
f 14241 14244 14248 14245
f 14242 14241 14245 14246
f 14243 14242 14246 14247
f 14244 14243 14247 14248
f 14249 14250 14251 14252
f 14253 14254 14255 14256
f 14249 14252 14256 14253
f 14250 14249 14253 14254
f 14251 14250 14254 14255
f 14252 14251 14255 14256
f 14257 14258 14259 14260
f 14261 14262 14263 14264
f 14257 14260 14264 14261
f 14258 14257 14261 14262
f 14259 14258 14262 14263
f 14260 14259 14263 14264
f 14265 14266 14267 14268
f 14269 14270 14271 14272
f 14265 14268 14272 14269
f 14266 14265 14269 14270
f 14267 14266 14270 14271
f 14268 14267 14271 14272
f 14273 14274 14275 14276
f 14277 14278 14279 14280
f 14273 14276 14280 14277
f 14274 14273 14277 14278
f 14275 14274 14278 14279
f 14276 14275 14279 14280
f 14281 14282 14283 14284
f 14285 14286 14287 14288
f 14281 14284 14288 14285
f 14282 14281 14285 14286
f 14283 14282 14286 14287
f 14284 14283 14287 14288
f 14289 14290 14291 14292
f 14293 14294 14295 14296
f 14289 14292 14296 14293
f 14290 14289 14293 14294
f 14291 14290 14294 14295
f 14292 14291 14295 14296
f 14297 14298 14299 14300
f 14301 14302 14303 14304
f 14297 14300 14304 14301
f 14298 14297 14301 14302
f 14299 14298 14302 14303
f 14300 14299 14303 14304
f 14305 14306 14307 14308
f 14309 14310 14311 14312
f 14305 14308 14312 14309
f 14306 14305 14309 14310
f 14307 14306 14310 14311
f 14308 14307 14311 14312
f 14313 14314 14315 14316
f 14317 14318 14319 14320
f 14313 14316 14320 14317
f 14314 14313 14317 14318
f 14315 14314 14318 14319
f 14316 14315 14319 14320
f 14321 14322 14323 14324
f 14325 14326 14327 14328
f 14321 14324 14328 14325
f 14322 14321 14325 14326
f 14323 14322 14326 14327
f 14324 14323 14327 14328
f 14329 14330 14331 14332
f 14333 14334 14335 14336
f 14329 14332 14336 14333
f 14330 14329 14333 14334
f 14331 14330 14334 14335
f 14332 14331 14335 14336
f 14337 14338 14339 14340
f 14341 14342 14343 14344
f 14337 14340 14344 14341
f 14338 14337 14341 14342
f 14339 14338 14342 14343
f 14340 14339 14343 14344
f 14345 14346 14347 14348
f 14349 14350 14351 14352
f 14345 14348 14352 14349
f 14346 14345 14349 14350
f 14347 14346 14350 14351
f 14348 14347 14351 14352
f 14353 14354 14355 14356
f 14357 14358 14359 14360
f 14353 14356 14360 14357
f 14354 14353 14357 14358
f 14355 14354 14358 14359
f 14356 14355 14359 14360
f 14361 14362 14363 14364
f 14365 14366 14367 14368
f 14361 14364 14368 14365
f 14362 14361 14365 14366
f 14363 14362 14366 14367
f 14364 14363 14367 14368
f 14369 14370 14371 14372
f 14373 14374 14375 14376
f 14369 14372 14376 14373
f 14370 14369 14373 14374
f 14371 14370 14374 14375
f 14372 14371 14375 14376
f 14377 14378 14379 14380
f 14381 14382 14383 14384
f 14377 14380 14384 14381
f 14378 14377 14381 14382
f 14379 14378 14382 14383
f 14380 14379 14383 14384
f 14385 14386 14387 14388
f 14389 14390 14391 14392
f 14385 14388 14392 14389
f 14386 14385 14389 14390
f 14387 14386 14390 14391
f 14388 14387 14391 14392
f 14393 14394 14395 14396
f 14397 14398 14399 14400
f 14393 14396 14400 14397
f 14394 14393 14397 14398
f 14395 14394 14398 14399
f 14396 14395 14399 14400
f 14401 14402 14403 14404
f 14405 14406 14407 14408
f 14401 14404 14408 14405
f 14402 14401 14405 14406
f 14403 14402 14406 14407
f 14404 14403 14407 14408
f 14409 14410 14411 14412
f 14413 14414 14415 14416
f 14409 14412 14416 14413
f 14410 14409 14413 14414
f 14411 14410 14414 14415
f 14412 14411 14415 14416
f 14417 14418 14419 14420
f 14421 14422 14423 14424
f 14417 14420 14424 14421
f 14418 14417 14421 14422
f 14419 14418 14422 14423
f 14420 14419 14423 14424
f 14425 14426 14427 14428
f 14429 14430 14431 14432
f 14425 14428 14432 14429
f 14426 14425 14429 14430
f 14427 14426 14430 14431
f 14428 14427 14431 14432
f 14433 14434 14435 14436
f 14437 14438 14439 14440
f 14433 14436 14440 14437
f 14434 14433 14437 14438
f 14435 14434 14438 14439
f 14436 14435 14439 14440
f 14441 14442 14443 14444
f 14445 14446 14447 14448
f 14441 14444 14448 14445
f 14442 14441 14445 14446
f 14443 14442 14446 14447
f 14444 14443 14447 14448
f 14449 14450 14451 14452
f 14453 14454 14455 14456
f 14449 14452 14456 14453
f 14450 14449 14453 14454
f 14451 14450 14454 14455
f 14452 14451 14455 14456
f 14457 14458 14459 14460
f 14461 14462 14463 14464
f 14457 14460 14464 14461
f 14458 14457 14461 14462
f 14459 14458 14462 14463
f 14460 14459 14463 14464
f 14465 14466 14467 14468
f 14469 14470 14471 14472
f 14465 14468 14472 14469
f 14466 14465 14469 14470
f 14467 14466 14470 14471
f 14468 14467 14471 14472
f 14473 14474 14475 14476
f 14477 14478 14479 14480
f 14473 14476 14480 14477
f 14474 14473 14477 14478
f 14475 14474 14478 14479
f 14476 14475 14479 14480
f 14481 14482 14483 14484
f 14485 14486 14487 14488
f 14481 14484 14488 14485
f 14482 14481 14485 14486
f 14483 14482 14486 14487
f 14484 14483 14487 14488
f 14489 14490 14491 14492
f 14493 14494 14495 14496
f 14489 14492 14496 14493
f 14490 14489 14493 14494
f 14491 14490 14494 14495
f 14492 14491 14495 14496
f 14497 14498 14499 14500
f 14501 14502 14503 14504
f 14497 14500 14504 14501
f 14498 14497 14501 14502
f 14499 14498 14502 14503
f 14500 14499 14503 14504
f 14505 14506 14507 14508
f 14509 14510 14511 14512
f 14505 14508 14512 14509
f 14506 14505 14509 14510
f 14507 14506 14510 14511
f 14508 14507 14511 14512
f 14513 14514 14515 14516
f 14517 14518 14519 14520
f 14513 14516 14520 14517
f 14514 14513 14517 14518
f 14515 14514 14518 14519
f 14516 14515 14519 14520
f 14521 14522 14523 14524
f 14525 14526 14527 14528
f 14521 14524 14528 14525
f 14522 14521 14525 14526
f 14523 14522 14526 14527
f 14524 14523 14527 14528
f 14529 14530 14531 14532
f 14533 14534 14535 14536
f 14529 14532 14536 14533
f 14530 14529 14533 14534
f 14531 14530 14534 14535
f 14532 14531 14535 14536
f 14537 14538 14539 14540
f 14541 14542 14543 14544
f 14537 14540 14544 14541
f 14538 14537 14541 14542
f 14539 14538 14542 14543
f 14540 14539 14543 14544
f 14545 14546 14547 14548
f 14549 14550 14551 14552
f 14545 14548 14552 14549
f 14546 14545 14549 14550
f 14547 14546 14550 14551
f 14548 14547 14551 14552
f 14553 14554 14555 14556
f 14557 14558 14559 14560
f 14553 14556 14560 14557
f 14554 14553 14557 14558
f 14555 14554 14558 14559
f 14556 14555 14559 14560
f 14561 14562 14563 14564
f 14565 14566 14567 14568
f 14561 14564 14568 14565
f 14562 14561 14565 14566
f 14563 14562 14566 14567
f 14564 14563 14567 14568
f 14569 14570 14571 14572
f 14573 14574 14575 14576
f 14569 14572 14576 14573
f 14570 14569 14573 14574
f 14571 14570 14574 14575
f 14572 14571 14575 14576
f 14577 14578 14579 14580
f 14581 14582 14583 14584
f 14577 14580 14584 14581
f 14578 14577 14581 14582
f 14579 14578 14582 14583
f 14580 14579 14583 14584
f 14585 14586 14587 14588
f 14589 14590 14591 14592
f 14585 14588 14592 14589
f 14586 14585 14589 14590
f 14587 14586 14590 14591
f 14588 14587 14591 14592
f 14593 14594 14595 14596
f 14597 14598 14599 14600
f 14593 14596 14600 14597
f 14594 14593 14597 14598
f 14595 14594 14598 14599
f 14596 14595 14599 14600
f 14601 14602 14603 14604
f 14605 14606 14607 14608
f 14601 14604 14608 14605
f 14602 14601 14605 14606
f 14603 14602 14606 14607
f 14604 14603 14607 14608
f 14609 14610 14611 14612
f 14613 14614 14615 14616
f 14609 14612 14616 14613
f 14610 14609 14613 14614
f 14611 14610 14614 14615
f 14612 14611 14615 14616
f 14617 14618 14619 14620
f 14621 14622 14623 14624
f 14617 14620 14624 14621
f 14618 14617 14621 14622
f 14619 14618 14622 14623
f 14620 14619 14623 14624
f 14625 14626 14627 14628
f 14629 14630 14631 14632
f 14625 14628 14632 14629
f 14626 14625 14629 14630
f 14627 14626 14630 14631
f 14628 14627 14631 14632
f 14633 14634 14635 14636
f 14637 14638 14639 14640
f 14633 14636 14640 14637
f 14634 14633 14637 14638
f 14635 14634 14638 14639
f 14636 14635 14639 14640
f 14641 14642 14643 14644
f 14645 14646 14647 14648
f 14641 14644 14648 14645
f 14642 14641 14645 14646
f 14643 14642 14646 14647
f 14644 14643 14647 14648
f 14649 14650 14651 14652
f 14653 14654 14655 14656
f 14649 14652 14656 14653
f 14650 14649 14653 14654
f 14651 14650 14654 14655
f 14652 14651 14655 14656
f 14657 14658 14659 14660
f 14661 14662 14663 14664
f 14657 14660 14664 14661
f 14658 14657 14661 14662
f 14659 14658 14662 14663
f 14660 14659 14663 14664
f 14665 14666 14667 14668
f 14669 14670 14671 14672
f 14665 14668 14672 14669
f 14666 14665 14669 14670
f 14667 14666 14670 14671
f 14668 14667 14671 14672
f 14673 14674 14675 14676
f 14677 14678 14679 14680
f 14673 14676 14680 14677
f 14674 14673 14677 14678
f 14675 14674 14678 14679
f 14676 14675 14679 14680
f 14681 14682 14683 14684
f 14685 14686 14687 14688
f 14681 14684 14688 14685
f 14682 14681 14685 14686
f 14683 14682 14686 14687
f 14684 14683 14687 14688
f 14689 14690 14691 14692
f 14693 14694 14695 14696
f 14689 14692 14696 14693
f 14690 14689 14693 14694
f 14691 14690 14694 14695
f 14692 14691 14695 14696
f 14697 14698 14699 14700
f 14701 14702 14703 14704
f 14697 14700 14704 14701
f 14698 14697 14701 14702
f 14699 14698 14702 14703
f 14700 14699 14703 14704
f 14705 14706 14707 14708
f 14709 14710 14711 14712
f 14705 14708 14712 14709
f 14706 14705 14709 14710
f 14707 14706 14710 14711
f 14708 14707 14711 14712
f 14713 14714 14715 14716
f 14717 14718 14719 14720
f 14713 14716 14720 14717
f 14714 14713 14717 14718
f 14715 14714 14718 14719
f 14716 14715 14719 14720
f 14721 14722 14723 14724
f 14725 14726 14727 14728
f 14721 14724 14728 14725
f 14722 14721 14725 14726
f 14723 14722 14726 14727
f 14724 14723 14727 14728
f 14729 14730 14731 14732
f 14733 14734 14735 14736
f 14729 14732 14736 14733
f 14730 14729 14733 14734
f 14731 14730 14734 14735
f 14732 14731 14735 14736
f 14737 14738 14739 14740
f 14741 14742 14743 14744
f 14737 14740 14744 14741
f 14738 14737 14741 14742
f 14739 14738 14742 14743
f 14740 14739 14743 14744
f 14745 14746 14747 14748
f 14749 14750 14751 14752
f 14745 14748 14752 14749
f 14746 14745 14749 14750
f 14747 14746 14750 14751
f 14748 14747 14751 14752
f 14753 14754 14755 14756
f 14757 14758 14759 14760
f 14753 14756 14760 14757
f 14754 14753 14757 14758
f 14755 14754 14758 14759
f 14756 14755 14759 14760
f 14761 14762 14763 14764
f 14765 14766 14767 14768
f 14761 14764 14768 14765
f 14762 14761 14765 14766
f 14763 14762 14766 14767
f 14764 14763 14767 14768
f 14769 14770 14771 14772
f 14773 14774 14775 14776
f 14769 14772 14776 14773
f 14770 14769 14773 14774
f 14771 14770 14774 14775
f 14772 14771 14775 14776
f 14777 14778 14779 14780
f 14781 14782 14783 14784
f 14777 14780 14784 14781
f 14778 14777 14781 14782
f 14779 14778 14782 14783
f 14780 14779 14783 14784
f 14785 14786 14787 14788
f 14789 14790 14791 14792
f 14785 14788 14792 14789
f 14786 14785 14789 14790
f 14787 14786 14790 14791
f 14788 14787 14791 14792
f 14793 14794 14795 14796
f 14797 14798 14799 14800
f 14793 14796 14800 14797
f 14794 14793 14797 14798
f 14795 14794 14798 14799
f 14796 14795 14799 14800
f 14801 14802 14803 14804
f 14805 14806 14807 14808
f 14801 14804 14808 14805
f 14802 14801 14805 14806
f 14803 14802 14806 14807
f 14804 14803 14807 14808
f 14809 14810 14811 14812
f 14813 14814 14815 14816
f 14809 14812 14816 14813
f 14810 14809 14813 14814
f 14811 14810 14814 14815
f 14812 14811 14815 14816
f 14817 14818 14819 14820
f 14821 14822 14823 14824
f 14817 14820 14824 14821
f 14818 14817 14821 14822
f 14819 14818 14822 14823
f 14820 14819 14823 14824
f 14825 14826 14827 14828
f 14829 14830 14831 14832
f 14825 14828 14832 14829
f 14826 14825 14829 14830
f 14827 14826 14830 14831
f 14828 14827 14831 14832
f 14833 14834 14835 14836
f 14837 14838 14839 14840
f 14833 14836 14840 14837
f 14834 14833 14837 14838
f 14835 14834 14838 14839
f 14836 14835 14839 14840
f 14841 14842 14843 14844
f 14845 14846 14847 14848
f 14841 14844 14848 14845
f 14842 14841 14845 14846
f 14843 14842 14846 14847
f 14844 14843 14847 14848
f 14849 14850 14851 14852
f 14853 14854 14855 14856
f 14849 14852 14856 14853
f 14850 14849 14853 14854
f 14851 14850 14854 14855
f 14852 14851 14855 14856
f 14857 14858 14859 14860
f 14861 14862 14863 14864
f 14857 14860 14864 14861
f 14858 14857 14861 14862
f 14859 14858 14862 14863
f 14860 14859 14863 14864
f 14865 14866 14867 14868
f 14869 14870 14871 14872
f 14865 14868 14872 14869
f 14866 14865 14869 14870
f 14867 14866 14870 14871
f 14868 14867 14871 14872
f 14873 14874 14875 14876
f 14877 14878 14879 14880
f 14873 14876 14880 14877
f 14874 14873 14877 14878
f 14875 14874 14878 14879
f 14876 14875 14879 14880
f 14881 14882 14883 14884
f 14885 14886 14887 14888
f 14881 14884 14888 14885
f 14882 14881 14885 14886
f 14883 14882 14886 14887
f 14884 14883 14887 14888
f 14889 14890 14891 14892
f 14893 14894 14895 14896
f 14889 14892 14896 14893
f 14890 14889 14893 14894
f 14891 14890 14894 14895
f 14892 14891 14895 14896
f 14897 14898 14899 14900
f 14901 14902 14903 14904
f 14897 14900 14904 14901
f 14898 14897 14901 14902
f 14899 14898 14902 14903
f 14900 14899 14903 14904
f 14905 14906 14907 14908
f 14909 14910 14911 14912
f 14905 14908 14912 14909
f 14906 14905 14909 14910
f 14907 14906 14910 14911
f 14908 14907 14911 14912
f 14913 14914 14915 14916
f 14917 14918 14919 14920
f 14913 14916 14920 14917
f 14914 14913 14917 14918
f 14915 14914 14918 14919
f 14916 14915 14919 14920
f 14921 14922 14923 14924
f 14925 14926 14927 14928
f 14921 14924 14928 14925
f 14922 14921 14925 14926
f 14923 14922 14926 14927
f 14924 14923 14927 14928
f 14929 14930 14931 14932
f 14933 14934 14935 14936
f 14929 14932 14936 14933
f 14930 14929 14933 14934
f 14931 14930 14934 14935
f 14932 14931 14935 14936
f 14937 14938 14939 14940
f 14941 14942 14943 14944
f 14937 14940 14944 14941
f 14938 14937 14941 14942
f 14939 14938 14942 14943
f 14940 14939 14943 14944
f 14945 14946 14947 14948
f 14949 14950 14951 14952
f 14945 14948 14952 14949
f 14946 14945 14949 14950
f 14947 14946 14950 14951
f 14948 14947 14951 14952
f 14953 14954 14955 14956
f 14957 14958 14959 14960
f 14953 14956 14960 14957
f 14954 14953 14957 14958
f 14955 14954 14958 14959
f 14956 14955 14959 14960
f 14961 14962 14963 14964
f 14965 14966 14967 14968
f 14961 14964 14968 14965
f 14962 14961 14965 14966
f 14963 14962 14966 14967
f 14964 14963 14967 14968
f 14969 14970 14971 14972
f 14973 14974 14975 14976
f 14969 14972 14976 14973
f 14970 14969 14973 14974
f 14971 14970 14974 14975
f 14972 14971 14975 14976
f 14977 14978 14979 14980
f 14981 14982 14983 14984
f 14977 14980 14984 14981
f 14978 14977 14981 14982
f 14979 14978 14982 14983
f 14980 14979 14983 14984
f 14985 14986 14987 14988
f 14989 14990 14991 14992
f 14985 14988 14992 14989
f 14986 14985 14989 14990
f 14987 14986 14990 14991
f 14988 14987 14991 14992
f 14993 14994 14995 14996
f 14997 14998 14999 15000
f 14993 14996 15000 14997
f 14994 14993 14997 14998
f 14995 14994 14998 14999
f 14996 14995 14999 15000
f 15001 15002 15003 15004
f 15005 15006 15007 15008
f 15001 15004 15008 15005
f 15002 15001 15005 15006
f 15003 15002 15006 15007
f 15004 15003 15007 15008
f 15009 15010 15011 15012
f 15013 15014 15015 15016
f 15009 15012 15016 15013
f 15010 15009 15013 15014
f 15011 15010 15014 15015
f 15012 15011 15015 15016
f 15017 15018 15019 15020
f 15021 15022 15023 15024
f 15017 15020 15024 15021
f 15018 15017 15021 15022
f 15019 15018 15022 15023
f 15020 15019 15023 15024
f 15025 15026 15027 15028
f 15029 15030 15031 15032
f 15025 15028 15032 15029
f 15026 15025 15029 15030
f 15027 15026 15030 15031
f 15028 15027 15031 15032
f 15033 15034 15035 15036
f 15037 15038 15039 15040
f 15033 15036 15040 15037
f 15034 15033 15037 15038
f 15035 15034 15038 15039
f 15036 15035 15039 15040
f 15041 15042 15043 15044
f 15045 15046 15047 15048
f 15041 15044 15048 15045
f 15042 15041 15045 15046
f 15043 15042 15046 15047
f 15044 15043 15047 15048
f 15049 15050 15051 15052
f 15053 15054 15055 15056
f 15049 15052 15056 15053
f 15050 15049 15053 15054
f 15051 15050 15054 15055
f 15052 15051 15055 15056
f 15057 15058 15059 15060
f 15061 15062 15063 15064
f 15057 15060 15064 15061
f 15058 15057 15061 15062
f 15059 15058 15062 15063
f 15060 15059 15063 15064
f 15065 15066 15067 15068
f 15069 15070 15071 15072
f 15065 15068 15072 15069
f 15066 15065 15069 15070
f 15067 15066 15070 15071
f 15068 15067 15071 15072
f 15073 15074 15075 15076
f 15077 15078 15079 15080
f 15073 15076 15080 15077
f 15074 15073 15077 15078
f 15075 15074 15078 15079
f 15076 15075 15079 15080
f 15081 15082 15083 15084
f 15085 15086 15087 15088
f 15081 15084 15088 15085
f 15082 15081 15085 15086
f 15083 15082 15086 15087
f 15084 15083 15087 15088
f 15089 15090 15091 15092
f 15093 15094 15095 15096
f 15089 15092 15096 15093
f 15090 15089 15093 15094
f 15091 15090 15094 15095
f 15092 15091 15095 15096
f 15097 15098 15099 15100
f 15101 15102 15103 15104
f 15097 15100 15104 15101
f 15098 15097 15101 15102
f 15099 15098 15102 15103
f 15100 15099 15103 15104
f 15105 15106 15107 15108
f 15109 15110 15111 15112
f 15105 15108 15112 15109
f 15106 15105 15109 15110
f 15107 15106 15110 15111
f 15108 15107 15111 15112
f 15113 15114 15115 15116
f 15117 15118 15119 15120
f 15113 15116 15120 15117
f 15114 15113 15117 15118
f 15115 15114 15118 15119
f 15116 15115 15119 15120
f 15121 15122 15123 15124
f 15125 15126 15127 15128
f 15121 15124 15128 15125
f 15122 15121 15125 15126
f 15123 15122 15126 15127
f 15124 15123 15127 15128
f 15129 15130 15131 15132
f 15133 15134 15135 15136
f 15129 15132 15136 15133
f 15130 15129 15133 15134
f 15131 15130 15134 15135
f 15132 15131 15135 15136
f 15137 15138 15139 15140
f 15141 15142 15143 15144
f 15137 15140 15144 15141
f 15138 15137 15141 15142
f 15139 15138 15142 15143
f 15140 15139 15143 15144
f 15145 15146 15147 15148
f 15149 15150 15151 15152
f 15145 15148 15152 15149
f 15146 15145 15149 15150
f 15147 15146 15150 15151
f 15148 15147 15151 15152
f 15153 15154 15155 15156
f 15157 15158 15159 15160
f 15153 15156 15160 15157
f 15154 15153 15157 15158
f 15155 15154 15158 15159
f 15156 15155 15159 15160
f 15161 15162 15163 15164
f 15165 15166 15167 15168
f 15161 15164 15168 15165
f 15162 15161 15165 15166
f 15163 15162 15166 15167
f 15164 15163 15167 15168
f 15169 15170 15171 15172
f 15173 15174 15175 15176
f 15169 15172 15176 15173
f 15170 15169 15173 15174
f 15171 15170 15174 15175
f 15172 15171 15175 15176
f 15177 15178 15179 15180
f 15181 15182 15183 15184
f 15177 15180 15184 15181
f 15178 15177 15181 15182
f 15179 15178 15182 15183
f 15180 15179 15183 15184
f 15185 15186 15187 15188
f 15189 15190 15191 15192
f 15185 15188 15192 15189
f 15186 15185 15189 15190
f 15187 15186 15190 15191
f 15188 15187 15191 15192
f 15193 15194 15195 15196
f 15197 15198 15199 15200
f 15193 15196 15200 15197
f 15194 15193 15197 15198
f 15195 15194 15198 15199
f 15196 15195 15199 15200
f 15201 15202 15203 15204
f 15205 15206 15207 15208
f 15201 15204 15208 15205
f 15202 15201 15205 15206
f 15203 15202 15206 15207
f 15204 15203 15207 15208
f 15209 15210 15211 15212
f 15213 15214 15215 15216
f 15209 15212 15216 15213
f 15210 15209 15213 15214
f 15211 15210 15214 15215
f 15212 15211 15215 15216
f 15217 15218 15219 15220
f 15221 15222 15223 15224
f 15217 15220 15224 15221
f 15218 15217 15221 15222
f 15219 15218 15222 15223
f 15220 15219 15223 15224
f 15225 15226 15227 15228
f 15229 15230 15231 15232
f 15225 15228 15232 15229
f 15226 15225 15229 15230
f 15227 15226 15230 15231
f 15228 15227 15231 15232
f 15233 15234 15235 15236
f 15237 15238 15239 15240
f 15233 15236 15240 15237
f 15234 15233 15237 15238
f 15235 15234 15238 15239
f 15236 15235 15239 15240
f 15241 15242 15243 15244
f 15245 15246 15247 15248
f 15241 15244 15248 15245
f 15242 15241 15245 15246
f 15243 15242 15246 15247
f 15244 15243 15247 15248
f 15249 15250 15251 15252
f 15253 15254 15255 15256
f 15249 15252 15256 15253
f 15250 15249 15253 15254
f 15251 15250 15254 15255
f 15252 15251 15255 15256
f 15257 15258 15259 15260
f 15261 15262 15263 15264
f 15257 15260 15264 15261
f 15258 15257 15261 15262
f 15259 15258 15262 15263
f 15260 15259 15263 15264
f 15265 15266 15267 15268
f 15269 15270 15271 15272
f 15265 15268 15272 15269
f 15266 15265 15269 15270
f 15267 15266 15270 15271
f 15268 15267 15271 15272
f 15273 15274 15275 15276
f 15277 15278 15279 15280
f 15273 15276 15280 15277
f 15274 15273 15277 15278
f 15275 15274 15278 15279
f 15276 15275 15279 15280
f 15281 15282 15283 15284
f 15285 15286 15287 15288
f 15281 15284 15288 15285
f 15282 15281 15285 15286
f 15283 15282 15286 15287
f 15284 15283 15287 15288
f 15289 15290 15291 15292
f 15293 15294 15295 15296
f 15289 15292 15296 15293
f 15290 15289 15293 15294
f 15291 15290 15294 15295
f 15292 15291 15295 15296
f 15297 15298 15299 15300
f 15301 15302 15303 15304
f 15297 15300 15304 15301
f 15298 15297 15301 15302
f 15299 15298 15302 15303
f 15300 15299 15303 15304
f 15305 15306 15307 15308
f 15309 15310 15311 15312
f 15305 15308 15312 15309
f 15306 15305 15309 15310
f 15307 15306 15310 15311
f 15308 15307 15311 15312
f 15313 15314 15315 15316
f 15317 15318 15319 15320
f 15313 15316 15320 15317
f 15314 15313 15317 15318
f 15315 15314 15318 15319
f 15316 15315 15319 15320
f 15321 15322 15323 15324
f 15325 15326 15327 15328
f 15321 15324 15328 15325
f 15322 15321 15325 15326
f 15323 15322 15326 15327
f 15324 15323 15327 15328
f 15329 15330 15331 15332
f 15333 15334 15335 15336
f 15329 15332 15336 15333
f 15330 15329 15333 15334
f 15331 15330 15334 15335
f 15332 15331 15335 15336
f 15337 15338 15339 15340
f 15341 15342 15343 15344
f 15337 15340 15344 15341
f 15338 15337 15341 15342
f 15339 15338 15342 15343
f 15340 15339 15343 15344
f 15345 15346 15347 15348
f 15349 15350 15351 15352
f 15345 15348 15352 15349
f 15346 15345 15349 15350
f 15347 15346 15350 15351
f 15348 15347 15351 15352
f 15353 15354 15355 15356
f 15357 15358 15359 15360
f 15353 15356 15360 15357
f 15354 15353 15357 15358
f 15355 15354 15358 15359
f 15356 15355 15359 15360
f 15361 15362 15363 15364
f 15365 15366 15367 15368
f 15361 15364 15368 15365
f 15362 15361 15365 15366
f 15363 15362 15366 15367
f 15364 15363 15367 15368
f 15369 15370 15371 15372
f 15373 15374 15375 15376
f 15369 15372 15376 15373
f 15370 15369 15373 15374
f 15371 15370 15374 15375
f 15372 15371 15375 15376
f 15377 15378 15379 15380
f 15381 15382 15383 15384
f 15377 15380 15384 15381
f 15378 15377 15381 15382
f 15379 15378 15382 15383
f 15380 15379 15383 15384
f 15385 15386 15387 15388
f 15389 15390 15391 15392
f 15385 15388 15392 15389
f 15386 15385 15389 15390
f 15387 15386 15390 15391
f 15388 15387 15391 15392
f 15393 15394 15395 15396
f 15397 15398 15399 15400
f 15393 15396 15400 15397
f 15394 15393 15397 15398
f 15395 15394 15398 15399
f 15396 15395 15399 15400
f 15401 15402 15403 15404
f 15405 15406 15407 15408
f 15401 15404 15408 15405
f 15402 15401 15405 15406
f 15403 15402 15406 15407
f 15404 15403 15407 15408
f 15409 15410 15411 15412
f 15413 15414 15415 15416
f 15409 15412 15416 15413
f 15410 15409 15413 15414
f 15411 15410 15414 15415
f 15412 15411 15415 15416
f 15417 15418 15419 15420
f 15421 15422 15423 15424
f 15417 15420 15424 15421
f 15418 15417 15421 15422
f 15419 15418 15422 15423
f 15420 15419 15423 15424
f 15425 15426 15427 15428
f 15429 15430 15431 15432
f 15425 15428 15432 15429
f 15426 15425 15429 15430
f 15427 15426 15430 15431
f 15428 15427 15431 15432
f 15433 15434 15435 15436
f 15437 15438 15439 15440
f 15433 15436 15440 15437
f 15434 15433 15437 15438
f 15435 15434 15438 15439
f 15436 15435 15439 15440
f 15441 15442 15443 15444
f 15445 15446 15447 15448
f 15441 15444 15448 15445
f 15442 15441 15445 15446
f 15443 15442 15446 15447
f 15444 15443 15447 15448
f 15449 15450 15451 15452
f 15453 15454 15455 15456
f 15449 15452 15456 15453
f 15450 15449 15453 15454
f 15451 15450 15454 15455
f 15452 15451 15455 15456
f 15457 15458 15459 15460
f 15461 15462 15463 15464
f 15457 15460 15464 15461
f 15458 15457 15461 15462
f 15459 15458 15462 15463
f 15460 15459 15463 15464
f 15465 15466 15467 15468
f 15469 15470 15471 15472
f 15465 15468 15472 15469
f 15466 15465 15469 15470
f 15467 15466 15470 15471
f 15468 15467 15471 15472
f 15473 15474 15475 15476
f 15477 15478 15479 15480
f 15473 15476 15480 15477
f 15474 15473 15477 15478
f 15475 15474 15478 15479
f 15476 15475 15479 15480
f 15481 15482 15483 15484
f 15485 15486 15487 15488
f 15481 15484 15488 15485
f 15482 15481 15485 15486
f 15483 15482 15486 15487
f 15484 15483 15487 15488
f 15489 15490 15491 15492
f 15493 15494 15495 15496
f 15489 15492 15496 15493
f 15490 15489 15493 15494
f 15491 15490 15494 15495
f 15492 15491 15495 15496
f 15497 15498 15499 15500
f 15501 15502 15503 15504
f 15497 15500 15504 15501
f 15498 15497 15501 15502
f 15499 15498 15502 15503
f 15500 15499 15503 15504
f 15505 15506 15507 15508
f 15509 15510 15511 15512
f 15505 15508 15512 15509
f 15506 15505 15509 15510
f 15507 15506 15510 15511
f 15508 15507 15511 15512
f 15513 15514 15515 15516
f 15517 15518 15519 15520
f 15513 15516 15520 15517
f 15514 15513 15517 15518
f 15515 15514 15518 15519
f 15516 15515 15519 15520
f 15521 15522 15523 15524
f 15525 15526 15527 15528
f 15521 15524 15528 15525
f 15522 15521 15525 15526
f 15523 15522 15526 15527
f 15524 15523 15527 15528
f 15529 15530 15531 15532
f 15533 15534 15535 15536
f 15529 15532 15536 15533
f 15530 15529 15533 15534
f 15531 15530 15534 15535
f 15532 15531 15535 15536
f 15537 15538 15539 15540
f 15541 15542 15543 15544
f 15537 15540 15544 15541
f 15538 15537 15541 15542
f 15539 15538 15542 15543
f 15540 15539 15543 15544
f 15545 15546 15547 15548
f 15549 15550 15551 15552
f 15545 15548 15552 15549
f 15546 15545 15549 15550
f 15547 15546 15550 15551
f 15548 15547 15551 15552
f 15553 15554 15555 15556
f 15557 15558 15559 15560
f 15553 15556 15560 15557
f 15554 15553 15557 15558
f 15555 15554 15558 15559
f 15556 15555 15559 15560
f 15561 15562 15563 15564
f 15565 15566 15567 15568
f 15561 15564 15568 15565
f 15562 15561 15565 15566
f 15563 15562 15566 15567
f 15564 15563 15567 15568
f 15569 15570 15571 15572
f 15573 15574 15575 15576
f 15569 15572 15576 15573
f 15570 15569 15573 15574
f 15571 15570 15574 15575
f 15572 15571 15575 15576
f 15577 15578 15579 15580
f 15581 15582 15583 15584
f 15577 15580 15584 15581
f 15578 15577 15581 15582
f 15579 15578 15582 15583
f 15580 15579 15583 15584
f 15585 15586 15587 15588
f 15589 15590 15591 15592
f 15585 15588 15592 15589
f 15586 15585 15589 15590
f 15587 15586 15590 15591
f 15588 15587 15591 15592
f 15593 15594 15595 15596
f 15597 15598 15599 15600
f 15593 15596 15600 15597
f 15594 15593 15597 15598
f 15595 15594 15598 15599
f 15596 15595 15599 15600
f 15601 15602 15603 15604
f 15605 15606 15607 15608
f 15601 15604 15608 15605
f 15602 15601 15605 15606
f 15603 15602 15606 15607
f 15604 15603 15607 15608
f 15609 15610 15611 15612
f 15613 15614 15615 15616
f 15609 15612 15616 15613
f 15610 15609 15613 15614
f 15611 15610 15614 15615
f 15612 15611 15615 15616
f 15617 15618 15619 15620
f 15621 15622 15623 15624
f 15617 15620 15624 15621
f 15618 15617 15621 15622
f 15619 15618 15622 15623
f 15620 15619 15623 15624
f 15625 15626 15627 15628
f 15629 15630 15631 15632
f 15625 15628 15632 15629
f 15626 15625 15629 15630
f 15627 15626 15630 15631
f 15628 15627 15631 15632
f 15633 15634 15635 15636
f 15637 15638 15639 15640
f 15633 15636 15640 15637
f 15634 15633 15637 15638
f 15635 15634 15638 15639
f 15636 15635 15639 15640
f 15641 15642 15643 15644
f 15645 15646 15647 15648
f 15641 15644 15648 15645
f 15642 15641 15645 15646
f 15643 15642 15646 15647
f 15644 15643 15647 15648
f 15649 15650 15651 15652
f 15653 15654 15655 15656
f 15649 15652 15656 15653
f 15650 15649 15653 15654
f 15651 15650 15654 15655
f 15652 15651 15655 15656
f 15657 15658 15659 15660
f 15661 15662 15663 15664
f 15657 15660 15664 15661
f 15658 15657 15661 15662
f 15659 15658 15662 15663
f 15660 15659 15663 15664
f 15665 15666 15667 15668
f 15669 15670 15671 15672
f 15665 15668 15672 15669
f 15666 15665 15669 15670
f 15667 15666 15670 15671
f 15668 15667 15671 15672
f 15673 15674 15675 15676
f 15677 15678 15679 15680
f 15673 15676 15680 15677
f 15674 15673 15677 15678
f 15675 15674 15678 15679
f 15676 15675 15679 15680
f 15681 15682 15683 15684
f 15685 15686 15687 15688
f 15681 15684 15688 15685
f 15682 15681 15685 15686
f 15683 15682 15686 15687
f 15684 15683 15687 15688
f 15689 15690 15691 15692
f 15693 15694 15695 15696
f 15689 15692 15696 15693
f 15690 15689 15693 15694
f 15691 15690 15694 15695
f 15692 15691 15695 15696
f 15697 15698 15699 15700
f 15701 15702 15703 15704
f 15697 15700 15704 15701
f 15698 15697 15701 15702
f 15699 15698 15702 15703
f 15700 15699 15703 15704
f 15705 15706 15707 15708
f 15709 15710 15711 15712
f 15705 15708 15712 15709
f 15706 15705 15709 15710
f 15707 15706 15710 15711
f 15708 15707 15711 15712
f 15713 15714 15715 15716
f 15717 15718 15719 15720
f 15713 15716 15720 15717
f 15714 15713 15717 15718
f 15715 15714 15718 15719
f 15716 15715 15719 15720
f 15721 15722 15723 15724
f 15725 15726 15727 15728
f 15721 15724 15728 15725
f 15722 15721 15725 15726
f 15723 15722 15726 15727
f 15724 15723 15727 15728
f 15729 15730 15731 15732
f 15733 15734 15735 15736
f 15729 15732 15736 15733
f 15730 15729 15733 15734
f 15731 15730 15734 15735
f 15732 15731 15735 15736
f 15737 15738 15739 15740
f 15741 15742 15743 15744
f 15737 15740 15744 15741
f 15738 15737 15741 15742
f 15739 15738 15742 15743
f 15740 15739 15743 15744
f 15745 15746 15747 15748
f 15749 15750 15751 15752
f 15745 15748 15752 15749
f 15746 15745 15749 15750
f 15747 15746 15750 15751
f 15748 15747 15751 15752
f 15753 15754 15755 15756
f 15757 15758 15759 15760
f 15753 15756 15760 15757
f 15754 15753 15757 15758
f 15755 15754 15758 15759
f 15756 15755 15759 15760
f 15761 15762 15763 15764
f 15765 15766 15767 15768
f 15761 15764 15768 15765
f 15762 15761 15765 15766
f 15763 15762 15766 15767
f 15764 15763 15767 15768
f 15769 15770 15771 15772
f 15773 15774 15775 15776
f 15769 15772 15776 15773
f 15770 15769 15773 15774
f 15771 15770 15774 15775
f 15772 15771 15775 15776
f 15777 15778 15779 15780
f 15781 15782 15783 15784
f 15777 15780 15784 15781
f 15778 15777 15781 15782
f 15779 15778 15782 15783
f 15780 15779 15783 15784
f 15785 15786 15787 15788
f 15789 15790 15791 15792
f 15785 15788 15792 15789
f 15786 15785 15789 15790
f 15787 15786 15790 15791
f 15788 15787 15791 15792
f 15793 15794 15795 15796
f 15797 15798 15799 15800
f 15793 15796 15800 15797
f 15794 15793 15797 15798
f 15795 15794 15798 15799
f 15796 15795 15799 15800
f 15801 15802 15803 15804
f 15805 15806 15807 15808
f 15801 15804 15808 15805
f 15802 15801 15805 15806
f 15803 15802 15806 15807
f 15804 15803 15807 15808
f 15809 15810 15811 15812
f 15813 15814 15815 15816
f 15809 15812 15816 15813
f 15810 15809 15813 15814
f 15811 15810 15814 15815
f 15812 15811 15815 15816
f 15817 15818 15819 15820
f 15821 15822 15823 15824
f 15817 15820 15824 15821
f 15818 15817 15821 15822
f 15819 15818 15822 15823
f 15820 15819 15823 15824
f 15825 15826 15827 15828
f 15829 15830 15831 15832
f 15825 15828 15832 15829
f 15826 15825 15829 15830
f 15827 15826 15830 15831
f 15828 15827 15831 15832
f 15833 15834 15835 15836
f 15837 15838 15839 15840
f 15833 15836 15840 15837
f 15834 15833 15837 15838
f 15835 15834 15838 15839
f 15836 15835 15839 15840
f 15841 15842 15843 15844
f 15845 15846 15847 15848
f 15841 15844 15848 15845
f 15842 15841 15845 15846
f 15843 15842 15846 15847
f 15844 15843 15847 15848
f 15849 15850 15851 15852
f 15853 15854 15855 15856
f 15849 15852 15856 15853
f 15850 15849 15853 15854
f 15851 15850 15854 15855
f 15852 15851 15855 15856
f 15857 15858 15859 15860
f 15861 15862 15863 15864
f 15857 15860 15864 15861
f 15858 15857 15861 15862
f 15859 15858 15862 15863
f 15860 15859 15863 15864
f 15865 15866 15867 15868
f 15869 15870 15871 15872
f 15865 15868 15872 15869
f 15866 15865 15869 15870
f 15867 15866 15870 15871
f 15868 15867 15871 15872
f 15873 15874 15875 15876
f 15877 15878 15879 15880
f 15873 15876 15880 15877
f 15874 15873 15877 15878
f 15875 15874 15878 15879
f 15876 15875 15879 15880
f 15881 15882 15883 15884
f 15885 15886 15887 15888
f 15881 15884 15888 15885
f 15882 15881 15885 15886
f 15883 15882 15886 15887
f 15884 15883 15887 15888
f 15889 15890 15891 15892
f 15893 15894 15895 15896
f 15889 15892 15896 15893
f 15890 15889 15893 15894
f 15891 15890 15894 15895
f 15892 15891 15895 15896
f 15897 15898 15899 15900
f 15901 15902 15903 15904
f 15897 15900 15904 15901
f 15898 15897 15901 15902
f 15899 15898 15902 15903
f 15900 15899 15903 15904
f 15905 15906 15907 15908
f 15909 15910 15911 15912
f 15905 15908 15912 15909
f 15906 15905 15909 15910
f 15907 15906 15910 15911
f 15908 15907 15911 15912
f 15913 15914 15915 15916
f 15917 15918 15919 15920
f 15913 15916 15920 15917
f 15914 15913 15917 15918
f 15915 15914 15918 15919
f 15916 15915 15919 15920
f 15921 15922 15923 15924
f 15925 15926 15927 15928
f 15921 15924 15928 15925
f 15922 15921 15925 15926
f 15923 15922 15926 15927
f 15924 15923 15927 15928
f 15929 15930 15931 15932
f 15933 15934 15935 15936
f 15929 15932 15936 15933
f 15930 15929 15933 15934
f 15931 15930 15934 15935
f 15932 15931 15935 15936
f 15937 15938 15939 15940
f 15941 15942 15943 15944
f 15937 15940 15944 15941
f 15938 15937 15941 15942
f 15939 15938 15942 15943
f 15940 15939 15943 15944
f 15945 15946 15947 15948
f 15949 15950 15951 15952
f 15945 15948 15952 15949
f 15946 15945 15949 15950
f 15947 15946 15950 15951
f 15948 15947 15951 15952
f 15953 15954 15955 15956
f 15957 15958 15959 15960
f 15953 15956 15960 15957
f 15954 15953 15957 15958
f 15955 15954 15958 15959
f 15956 15955 15959 15960
f 15961 15962 15963 15964
f 15965 15966 15967 15968
f 15961 15964 15968 15965
f 15962 15961 15965 15966
f 15963 15962 15966 15967
f 15964 15963 15967 15968
f 15969 15970 15971 15972
f 15973 15974 15975 15976
f 15969 15972 15976 15973
f 15970 15969 15973 15974
f 15971 15970 15974 15975
f 15972 15971 15975 15976
f 15977 15978 15979 15980
f 15981 15982 15983 15984
f 15977 15980 15984 15981
f 15978 15977 15981 15982
f 15979 15978 15982 15983
f 15980 15979 15983 15984
f 15985 15986 15987 15988
f 15989 15990 15991 15992
f 15985 15988 15992 15989
f 15986 15985 15989 15990
f 15987 15986 15990 15991
f 15988 15987 15991 15992
f 15993 15994 15995 15996
f 15997 15998 15999 16000
f 15993 15996 16000 15997
f 15994 15993 15997 15998
f 15995 15994 15998 15999
f 15996 15995 15999 16000
f 16001 16002 16003 16004
f 16005 16006 16007 16008
f 16001 16004 16008 16005
f 16002 16001 16005 16006
f 16003 16002 16006 16007
f 16004 16003 16007 16008
f 16009 16010 16011 16012
f 16013 16014 16015 16016
f 16009 16012 16016 16013
f 16010 16009 16013 16014
f 16011 16010 16014 16015
f 16012 16011 16015 16016
f 16017 16018 16019 16020
f 16021 16022 16023 16024
f 16017 16020 16024 16021
f 16018 16017 16021 16022
f 16019 16018 16022 16023
f 16020 16019 16023 16024
f 16025 16026 16027 16028
f 16029 16030 16031 16032
f 16025 16028 16032 16029
f 16026 16025 16029 16030
f 16027 16026 16030 16031
f 16028 16027 16031 16032
f 16033 16034 16035 16036
f 16037 16038 16039 16040
f 16033 16036 16040 16037
f 16034 16033 16037 16038
f 16035 16034 16038 16039
f 16036 16035 16039 16040
f 16041 16042 16043 16044
f 16045 16046 16047 16048
f 16041 16044 16048 16045
f 16042 16041 16045 16046
f 16043 16042 16046 16047
f 16044 16043 16047 16048
f 16049 16050 16051 16052
f 16053 16054 16055 16056
f 16049 16052 16056 16053
f 16050 16049 16053 16054
f 16051 16050 16054 16055
f 16052 16051 16055 16056
f 16057 16058 16059 16060
f 16061 16062 16063 16064
f 16057 16060 16064 16061
f 16058 16057 16061 16062
f 16059 16058 16062 16063
f 16060 16059 16063 16064
f 16065 16066 16067 16068
f 16069 16070 16071 16072
f 16065 16068 16072 16069
f 16066 16065 16069 16070
f 16067 16066 16070 16071
f 16068 16067 16071 16072
f 16073 16074 16075 16076
f 16077 16078 16079 16080
f 16073 16076 16080 16077
f 16074 16073 16077 16078
f 16075 16074 16078 16079
f 16076 16075 16079 16080
f 16081 16082 16083 16084
f 16085 16086 16087 16088
f 16081 16084 16088 16085
f 16082 16081 16085 16086
f 16083 16082 16086 16087
f 16084 16083 16087 16088
f 16089 16090 16091 16092
f 16093 16094 16095 16096
f 16089 16092 16096 16093
f 16090 16089 16093 16094
f 16091 16090 16094 16095
f 16092 16091 16095 16096
f 16097 16098 16099 16100
f 16101 16102 16103 16104
f 16097 16100 16104 16101
f 16098 16097 16101 16102
f 16099 16098 16102 16103
f 16100 16099 16103 16104
f 16105 16106 16107 16108
f 16109 16110 16111 16112
f 16105 16108 16112 16109
f 16106 16105 16109 16110
f 16107 16106 16110 16111
f 16108 16107 16111 16112
f 16113 16114 16115 16116
f 16117 16118 16119 16120
f 16113 16116 16120 16117
f 16114 16113 16117 16118
f 16115 16114 16118 16119
f 16116 16115 16119 16120
f 16121 16122 16123 16124
f 16125 16126 16127 16128
f 16121 16124 16128 16125
f 16122 16121 16125 16126
f 16123 16122 16126 16127
f 16124 16123 16127 16128
f 16129 16130 16131 16132
f 16133 16134 16135 16136
f 16129 16132 16136 16133
f 16130 16129 16133 16134
f 16131 16130 16134 16135
f 16132 16131 16135 16136
f 16137 16138 16139 16140
f 16141 16142 16143 16144
f 16137 16140 16144 16141
f 16138 16137 16141 16142
f 16139 16138 16142 16143
f 16140 16139 16143 16144
f 16145 16146 16147 16148
f 16149 16150 16151 16152
f 16145 16148 16152 16149
f 16146 16145 16149 16150
f 16147 16146 16150 16151
f 16148 16147 16151 16152
f 16153 16154 16155 16156
f 16157 16158 16159 16160
f 16153 16156 16160 16157
f 16154 16153 16157 16158
f 16155 16154 16158 16159
f 16156 16155 16159 16160
f 16161 16162 16163 16164
f 16165 16166 16167 16168
f 16161 16164 16168 16165
f 16162 16161 16165 16166
f 16163 16162 16166 16167
f 16164 16163 16167 16168
f 16169 16170 16171 16172
f 16173 16174 16175 16176
f 16169 16172 16176 16173
f 16170 16169 16173 16174
f 16171 16170 16174 16175
f 16172 16171 16175 16176
f 16177 16178 16179 16180
f 16181 16182 16183 16184
f 16177 16180 16184 16181
f 16178 16177 16181 16182
f 16179 16178 16182 16183
f 16180 16179 16183 16184
f 16185 16186 16187 16188
f 16189 16190 16191 16192
f 16185 16188 16192 16189
f 16186 16185 16189 16190
f 16187 16186 16190 16191
f 16188 16187 16191 16192
f 16193 16194 16195 16196
f 16197 16198 16199 16200
f 16193 16196 16200 16197
f 16194 16193 16197 16198
f 16195 16194 16198 16199
f 16196 16195 16199 16200
f 16201 16202 16203 16204
f 16205 16206 16207 16208
f 16201 16204 16208 16205
f 16202 16201 16205 16206
f 16203 16202 16206 16207
f 16204 16203 16207 16208
f 16209 16210 16211 16212
f 16213 16214 16215 16216
f 16209 16212 16216 16213
f 16210 16209 16213 16214
f 16211 16210 16214 16215
f 16212 16211 16215 16216
f 16217 16218 16219 16220
f 16221 16222 16223 16224
f 16217 16220 16224 16221
f 16218 16217 16221 16222
f 16219 16218 16222 16223
f 16220 16219 16223 16224
f 16225 16226 16227 16228
f 16229 16230 16231 16232
f 16225 16228 16232 16229
f 16226 16225 16229 16230
f 16227 16226 16230 16231
f 16228 16227 16231 16232
f 16233 16234 16235 16236
f 16237 16238 16239 16240
f 16233 16236 16240 16237
f 16234 16233 16237 16238
f 16235 16234 16238 16239
f 16236 16235 16239 16240
f 16241 16242 16243 16244
f 16245 16246 16247 16248
f 16241 16244 16248 16245
f 16242 16241 16245 16246
f 16243 16242 16246 16247
f 16244 16243 16247 16248
f 16249 16250 16251 16252
f 16253 16254 16255 16256
f 16249 16252 16256 16253
f 16250 16249 16253 16254
f 16251 16250 16254 16255
f 16252 16251 16255 16256
f 16257 16258 16259 16260
f 16261 16262 16263 16264
f 16257 16260 16264 16261
f 16258 16257 16261 16262
f 16259 16258 16262 16263
f 16260 16259 16263 16264
f 16265 16266 16267 16268
f 16269 16270 16271 16272
f 16265 16268 16272 16269
f 16266 16265 16269 16270
f 16267 16266 16270 16271
f 16268 16267 16271 16272
f 16273 16274 16275 16276
f 16277 16278 16279 16280
f 16273 16276 16280 16277
f 16274 16273 16277 16278
f 16275 16274 16278 16279
f 16276 16275 16279 16280
f 16281 16282 16283 16284
f 16285 16286 16287 16288
f 16281 16284 16288 16285
f 16282 16281 16285 16286
f 16283 16282 16286 16287
f 16284 16283 16287 16288
f 16289 16290 16291 16292
f 16293 16294 16295 16296
f 16289 16292 16296 16293
f 16290 16289 16293 16294
f 16291 16290 16294 16295
f 16292 16291 16295 16296
f 16297 16298 16299 16300
f 16301 16302 16303 16304
f 16297 16300 16304 16301
f 16298 16297 16301 16302
f 16299 16298 16302 16303
f 16300 16299 16303 16304
f 16305 16306 16307 16308
f 16309 16310 16311 16312
f 16305 16308 16312 16309
f 16306 16305 16309 16310
f 16307 16306 16310 16311
f 16308 16307 16311 16312
f 16313 16314 16315 16316
f 16317 16318 16319 16320
f 16313 16316 16320 16317
f 16314 16313 16317 16318
f 16315 16314 16318 16319
f 16316 16315 16319 16320
f 16321 16322 16323 16324
f 16325 16326 16327 16328
f 16321 16324 16328 16325
f 16322 16321 16325 16326
f 16323 16322 16326 16327
f 16324 16323 16327 16328
f 16329 16330 16331 16332
f 16333 16334 16335 16336
f 16329 16332 16336 16333
f 16330 16329 16333 16334
f 16331 16330 16334 16335
f 16332 16331 16335 16336
f 16337 16338 16339 16340
f 16341 16342 16343 16344
f 16337 16340 16344 16341
f 16338 16337 16341 16342
f 16339 16338 16342 16343
f 16340 16339 16343 16344
f 16345 16346 16347 16348
f 16349 16350 16351 16352
f 16345 16348 16352 16349
f 16346 16345 16349 16350
f 16347 16346 16350 16351
f 16348 16347 16351 16352
f 16353 16354 16355 16356
f 16357 16358 16359 16360
f 16353 16356 16360 16357
f 16354 16353 16357 16358
f 16355 16354 16358 16359
f 16356 16355 16359 16360
f 16361 16362 16363 16364
f 16365 16366 16367 16368
f 16361 16364 16368 16365
f 16362 16361 16365 16366
f 16363 16362 16366 16367
f 16364 16363 16367 16368
f 16369 16370 16371 16372
f 16373 16374 16375 16376
f 16369 16372 16376 16373
f 16370 16369 16373 16374
f 16371 16370 16374 16375
f 16372 16371 16375 16376
f 16377 16378 16379 16380
f 16381 16382 16383 16384
f 16377 16380 16384 16381
f 16378 16377 16381 16382
f 16379 16378 16382 16383
f 16380 16379 16383 16384
f 16385 16386 16387 16388
f 16389 16390 16391 16392
f 16385 16388 16392 16389
f 16386 16385 16389 16390
f 16387 16386 16390 16391
f 16388 16387 16391 16392
f 16393 16394 16395 16396
f 16397 16398 16399 16400
f 16393 16396 16400 16397
f 16394 16393 16397 16398
f 16395 16394 16398 16399
f 16396 16395 16399 16400
f 16401 16402 16403 16404
f 16405 16406 16407 16408
f 16401 16404 16408 16405
f 16402 16401 16405 16406
f 16403 16402 16406 16407
f 16404 16403 16407 16408
f 16409 16410 16411 16412
f 16413 16414 16415 16416
f 16409 16412 16416 16413
f 16410 16409 16413 16414
f 16411 16410 16414 16415
f 16412 16411 16415 16416
f 16417 16418 16419 16420
f 16421 16422 16423 16424
f 16417 16420 16424 16421
f 16418 16417 16421 16422
f 16419 16418 16422 16423
f 16420 16419 16423 16424
f 16425 16426 16427 16428
f 16429 16430 16431 16432
f 16425 16428 16432 16429
f 16426 16425 16429 16430
f 16427 16426 16430 16431
f 16428 16427 16431 16432
f 16433 16434 16435 16436
f 16437 16438 16439 16440
f 16433 16436 16440 16437
f 16434 16433 16437 16438
f 16435 16434 16438 16439
f 16436 16435 16439 16440
f 16441 16442 16443 16444
f 16445 16446 16447 16448
f 16441 16444 16448 16445
f 16442 16441 16445 16446
f 16443 16442 16446 16447
f 16444 16443 16447 16448
f 16449 16450 16451 16452
f 16453 16454 16455 16456
f 16449 16452 16456 16453
f 16450 16449 16453 16454
f 16451 16450 16454 16455
f 16452 16451 16455 16456
f 16457 16458 16459 16460
f 16461 16462 16463 16464
f 16457 16460 16464 16461
f 16458 16457 16461 16462
f 16459 16458 16462 16463
f 16460 16459 16463 16464
f 16465 16466 16467 16468
f 16469 16470 16471 16472
f 16465 16468 16472 16469
f 16466 16465 16469 16470
f 16467 16466 16470 16471
f 16468 16467 16471 16472
f 16473 16474 16475 16476
f 16477 16478 16479 16480
f 16473 16476 16480 16477
f 16474 16473 16477 16478
f 16475 16474 16478 16479
f 16476 16475 16479 16480
f 16481 16482 16483 16484
f 16485 16486 16487 16488
f 16481 16484 16488 16485
f 16482 16481 16485 16486
f 16483 16482 16486 16487
f 16484 16483 16487 16488
f 16489 16490 16491 16492
f 16493 16494 16495 16496
f 16489 16492 16496 16493
f 16490 16489 16493 16494
f 16491 16490 16494 16495
f 16492 16491 16495 16496
f 16497 16498 16499 16500
f 16501 16502 16503 16504
f 16497 16500 16504 16501
f 16498 16497 16501 16502
f 16499 16498 16502 16503
f 16500 16499 16503 16504
f 16505 16506 16507 16508
f 16509 16510 16511 16512
f 16505 16508 16512 16509
f 16506 16505 16509 16510
f 16507 16506 16510 16511
f 16508 16507 16511 16512
f 16513 16514 16515 16516
f 16517 16518 16519 16520
f 16513 16516 16520 16517
f 16514 16513 16517 16518
f 16515 16514 16518 16519
f 16516 16515 16519 16520
f 16521 16522 16523 16524
f 16525 16526 16527 16528
f 16521 16524 16528 16525
f 16522 16521 16525 16526
f 16523 16522 16526 16527
f 16524 16523 16527 16528
f 16529 16530 16531 16532
f 16533 16534 16535 16536
f 16529 16532 16536 16533
f 16530 16529 16533 16534
f 16531 16530 16534 16535
f 16532 16531 16535 16536
f 16537 16538 16539 16540
f 16541 16542 16543 16544
f 16537 16540 16544 16541
f 16538 16537 16541 16542
f 16539 16538 16542 16543
f 16540 16539 16543 16544
f 16545 16546 16547 16548
f 16549 16550 16551 16552
f 16545 16548 16552 16549
f 16546 16545 16549 16550
f 16547 16546 16550 16551
f 16548 16547 16551 16552
f 16553 16554 16555 16556
f 16557 16558 16559 16560
f 16553 16556 16560 16557
f 16554 16553 16557 16558
f 16555 16554 16558 16559
f 16556 16555 16559 16560
f 16561 16562 16563 16564
f 16565 16566 16567 16568
f 16561 16564 16568 16565
f 16562 16561 16565 16566
f 16563 16562 16566 16567
f 16564 16563 16567 16568
f 16569 16570 16571 16572
f 16573 16574 16575 16576
f 16569 16572 16576 16573
f 16570 16569 16573 16574
f 16571 16570 16574 16575
f 16572 16571 16575 16576
f 16577 16578 16579 16580
f 16581 16582 16583 16584
f 16577 16580 16584 16581
f 16578 16577 16581 16582
f 16579 16578 16582 16583
f 16580 16579 16583 16584
f 16585 16586 16587 16588
f 16589 16590 16591 16592
f 16585 16588 16592 16589
f 16586 16585 16589 16590
f 16587 16586 16590 16591
f 16588 16587 16591 16592
f 16593 16594 16595 16596
f 16597 16598 16599 16600
f 16593 16596 16600 16597
f 16594 16593 16597 16598
f 16595 16594 16598 16599
f 16596 16595 16599 16600
f 16601 16602 16603 16604
f 16605 16606 16607 16608
f 16601 16604 16608 16605
f 16602 16601 16605 16606
f 16603 16602 16606 16607
f 16604 16603 16607 16608
f 16609 16610 16611 16612
f 16613 16614 16615 16616
f 16609 16612 16616 16613
f 16610 16609 16613 16614
f 16611 16610 16614 16615
f 16612 16611 16615 16616
f 16617 16618 16619 16620
f 16621 16622 16623 16624
f 16617 16620 16624 16621
f 16618 16617 16621 16622
f 16619 16618 16622 16623
f 16620 16619 16623 16624
f 16625 16626 16627 16628
f 16629 16630 16631 16632
f 16625 16628 16632 16629
f 16626 16625 16629 16630
f 16627 16626 16630 16631
f 16628 16627 16631 16632
f 16633 16634 16635 16636
f 16637 16638 16639 16640
f 16633 16636 16640 16637
f 16634 16633 16637 16638
f 16635 16634 16638 16639
f 16636 16635 16639 16640
f 16641 16642 16643 16644
f 16645 16646 16647 16648
f 16641 16644 16648 16645
f 16642 16641 16645 16646
f 16643 16642 16646 16647
f 16644 16643 16647 16648
f 16649 16650 16651 16652
f 16653 16654 16655 16656
f 16649 16652 16656 16653
f 16650 16649 16653 16654
f 16651 16650 16654 16655
f 16652 16651 16655 16656
f 16657 16658 16659 16660
f 16661 16662 16663 16664
f 16657 16660 16664 16661
f 16658 16657 16661 16662
f 16659 16658 16662 16663
f 16660 16659 16663 16664
f 16665 16666 16667 16668
f 16669 16670 16671 16672
f 16665 16668 16672 16669
f 16666 16665 16669 16670
f 16667 16666 16670 16671
f 16668 16667 16671 16672
f 16673 16674 16675 16676
f 16677 16678 16679 16680
f 16673 16676 16680 16677
f 16674 16673 16677 16678
f 16675 16674 16678 16679
f 16676 16675 16679 16680
f 16681 16682 16683 16684
f 16685 16686 16687 16688
f 16681 16684 16688 16685
f 16682 16681 16685 16686
f 16683 16682 16686 16687
f 16684 16683 16687 16688
f 16689 16690 16691 16692
f 16693 16694 16695 16696
f 16689 16692 16696 16693
f 16690 16689 16693 16694
f 16691 16690 16694 16695
f 16692 16691 16695 16696
f 16697 16698 16699 16700
f 16701 16702 16703 16704
f 16697 16700 16704 16701
f 16698 16697 16701 16702
f 16699 16698 16702 16703
f 16700 16699 16703 16704
f 16705 16706 16707 16708
f 16709 16710 16711 16712
f 16705 16708 16712 16709
f 16706 16705 16709 16710
f 16707 16706 16710 16711
f 16708 16707 16711 16712
f 16713 16714 16715 16716
f 16717 16718 16719 16720
f 16713 16716 16720 16717
f 16714 16713 16717 16718
f 16715 16714 16718 16719
f 16716 16715 16719 16720
f 16721 16722 16723 16724
f 16725 16726 16727 16728
f 16721 16724 16728 16725
f 16722 16721 16725 16726
f 16723 16722 16726 16727
f 16724 16723 16727 16728
f 16729 16730 16731 16732
f 16733 16734 16735 16736
f 16729 16732 16736 16733
f 16730 16729 16733 16734
f 16731 16730 16734 16735
f 16732 16731 16735 16736
f 16737 16738 16739 16740
f 16741 16742 16743 16744
f 16737 16740 16744 16741
f 16738 16737 16741 16742
f 16739 16738 16742 16743
f 16740 16739 16743 16744
f 16745 16746 16747 16748
f 16749 16750 16751 16752
f 16745 16748 16752 16749
f 16746 16745 16749 16750
f 16747 16746 16750 16751
f 16748 16747 16751 16752
f 16753 16754 16755 16756
f 16757 16758 16759 16760
f 16753 16756 16760 16757
f 16754 16753 16757 16758
f 16755 16754 16758 16759
f 16756 16755 16759 16760
f 16761 16762 16763 16764
f 16765 16766 16767 16768
f 16761 16764 16768 16765
f 16762 16761 16765 16766
f 16763 16762 16766 16767
f 16764 16763 16767 16768
f 16769 16770 16771 16772
f 16773 16774 16775 16776
f 16769 16772 16776 16773
f 16770 16769 16773 16774
f 16771 16770 16774 16775
f 16772 16771 16775 16776
f 16777 16778 16779 16780
f 16781 16782 16783 16784
f 16777 16780 16784 16781
f 16778 16777 16781 16782
f 16779 16778 16782 16783
f 16780 16779 16783 16784
f 16785 16786 16787 16788
f 16789 16790 16791 16792
f 16785 16788 16792 16789
f 16786 16785 16789 16790
f 16787 16786 16790 16791
f 16788 16787 16791 16792
f 16793 16794 16795 16796
f 16797 16798 16799 16800
f 16793 16796 16800 16797
f 16794 16793 16797 16798
f 16795 16794 16798 16799
f 16796 16795 16799 16800
f 16801 16802 16803 16804
f 16805 16806 16807 16808
f 16801 16804 16808 16805
f 16802 16801 16805 16806
f 16803 16802 16806 16807
f 16804 16803 16807 16808
f 16809 16810 16811 16812
f 16813 16814 16815 16816
f 16809 16812 16816 16813
f 16810 16809 16813 16814
f 16811 16810 16814 16815
f 16812 16811 16815 16816
f 16817 16818 16819 16820
f 16821 16822 16823 16824
f 16817 16820 16824 16821
f 16818 16817 16821 16822
f 16819 16818 16822 16823
f 16820 16819 16823 16824
f 16825 16826 16827 16828
f 16829 16830 16831 16832
f 16825 16828 16832 16829
f 16826 16825 16829 16830
f 16827 16826 16830 16831
f 16828 16827 16831 16832
f 16833 16834 16835 16836
f 16837 16838 16839 16840
f 16833 16836 16840 16837
f 16834 16833 16837 16838
f 16835 16834 16838 16839
f 16836 16835 16839 16840
f 16841 16842 16843 16844
f 16845 16846 16847 16848
f 16841 16844 16848 16845
f 16842 16841 16845 16846
f 16843 16842 16846 16847
f 16844 16843 16847 16848
f 16849 16850 16851 16852
f 16853 16854 16855 16856
f 16849 16852 16856 16853
f 16850 16849 16853 16854
f 16851 16850 16854 16855
f 16852 16851 16855 16856
f 16857 16858 16859 16860
f 16861 16862 16863 16864
f 16857 16860 16864 16861
f 16858 16857 16861 16862
f 16859 16858 16862 16863
f 16860 16859 16863 16864
f 16865 16866 16867 16868
f 16869 16870 16871 16872
f 16865 16868 16872 16869
f 16866 16865 16869 16870
f 16867 16866 16870 16871
f 16868 16867 16871 16872
f 16873 16874 16875 16876
f 16877 16878 16879 16880
f 16873 16876 16880 16877
f 16874 16873 16877 16878
f 16875 16874 16878 16879
f 16876 16875 16879 16880
f 16881 16882 16883 16884
f 16885 16886 16887 16888
f 16881 16884 16888 16885
f 16882 16881 16885 16886
f 16883 16882 16886 16887
f 16884 16883 16887 16888
f 16889 16890 16891 16892
f 16893 16894 16895 16896
f 16889 16892 16896 16893
f 16890 16889 16893 16894
f 16891 16890 16894 16895
f 16892 16891 16895 16896
f 16897 16898 16899 16900
f 16901 16902 16903 16904
f 16897 16900 16904 16901
f 16898 16897 16901 16902
f 16899 16898 16902 16903
f 16900 16899 16903 16904
f 16905 16906 16907 16908
f 16909 16910 16911 16912
f 16905 16908 16912 16909
f 16906 16905 16909 16910
f 16907 16906 16910 16911
f 16908 16907 16911 16912
f 16913 16914 16915 16916
f 16917 16918 16919 16920
f 16913 16916 16920 16917
f 16914 16913 16917 16918
f 16915 16914 16918 16919
f 16916 16915 16919 16920
f 16921 16922 16923 16924
f 16925 16926 16927 16928
f 16921 16924 16928 16925
f 16922 16921 16925 16926
f 16923 16922 16926 16927
f 16924 16923 16927 16928
f 16929 16930 16931 16932
f 16933 16934 16935 16936
f 16929 16932 16936 16933
f 16930 16929 16933 16934
f 16931 16930 16934 16935
f 16932 16931 16935 16936
f 16937 16938 16939 16940
f 16941 16942 16943 16944
f 16937 16940 16944 16941
f 16938 16937 16941 16942
f 16939 16938 16942 16943
f 16940 16939 16943 16944
f 16945 16946 16947 16948
f 16949 16950 16951 16952
f 16945 16948 16952 16949
f 16946 16945 16949 16950
f 16947 16946 16950 16951
f 16948 16947 16951 16952
f 16953 16954 16955 16956
f 16957 16958 16959 16960
f 16953 16956 16960 16957
f 16954 16953 16957 16958
f 16955 16954 16958 16959
f 16956 16955 16959 16960
f 16961 16962 16963 16964
f 16965 16966 16967 16968
f 16961 16964 16968 16965
f 16962 16961 16965 16966
f 16963 16962 16966 16967
f 16964 16963 16967 16968
f 16969 16970 16971 16972
f 16973 16974 16975 16976
f 16969 16972 16976 16973
f 16970 16969 16973 16974
f 16971 16970 16974 16975
f 16972 16971 16975 16976
f 16977 16978 16979 16980
f 16981 16982 16983 16984
f 16977 16980 16984 16981
f 16978 16977 16981 16982
f 16979 16978 16982 16983
f 16980 16979 16983 16984
f 16985 16986 16987 16988
f 16989 16990 16991 16992
f 16985 16988 16992 16989
f 16986 16985 16989 16990
f 16987 16986 16990 16991
f 16988 16987 16991 16992
f 16993 16994 16995 16996
f 16997 16998 16999 17000
f 16993 16996 17000 16997
f 16994 16993 16997 16998
f 16995 16994 16998 16999
f 16996 16995 16999 17000
f 17001 17002 17003 17004
f 17005 17006 17007 17008
f 17001 17004 17008 17005
f 17002 17001 17005 17006
f 17003 17002 17006 17007
f 17004 17003 17007 17008
f 17009 17010 17011 17012
f 17013 17014 17015 17016
f 17009 17012 17016 17013
f 17010 17009 17013 17014
f 17011 17010 17014 17015
f 17012 17011 17015 17016
f 17017 17018 17019 17020
f 17021 17022 17023 17024
f 17017 17020 17024 17021
f 17018 17017 17021 17022
f 17019 17018 17022 17023
f 17020 17019 17023 17024
f 17025 17026 17027 17028
f 17029 17030 17031 17032
f 17025 17028 17032 17029
f 17026 17025 17029 17030
f 17027 17026 17030 17031
f 17028 17027 17031 17032
f 17033 17034 17035 17036
f 17037 17038 17039 17040
f 17033 17036 17040 17037
f 17034 17033 17037 17038
f 17035 17034 17038 17039
f 17036 17035 17039 17040
f 17041 17042 17043 17044
f 17045 17046 17047 17048
f 17041 17044 17048 17045
f 17042 17041 17045 17046
f 17043 17042 17046 17047
f 17044 17043 17047 17048
f 17049 17050 17051 17052
f 17053 17054 17055 17056
f 17049 17052 17056 17053
f 17050 17049 17053 17054
f 17051 17050 17054 17055
f 17052 17051 17055 17056
f 17057 17058 17059 17060
f 17061 17062 17063 17064
f 17057 17060 17064 17061
f 17058 17057 17061 17062
f 17059 17058 17062 17063
f 17060 17059 17063 17064
f 17065 17066 17067 17068
f 17069 17070 17071 17072
f 17065 17068 17072 17069
f 17066 17065 17069 17070
f 17067 17066 17070 17071
f 17068 17067 17071 17072
f 17073 17074 17075 17076
f 17077 17078 17079 17080
f 17073 17076 17080 17077
f 17074 17073 17077 17078
f 17075 17074 17078 17079
f 17076 17075 17079 17080
f 17081 17082 17083 17084
f 17085 17086 17087 17088
f 17081 17084 17088 17085
f 17082 17081 17085 17086
f 17083 17082 17086 17087
f 17084 17083 17087 17088
f 17089 17090 17091 17092
f 17093 17094 17095 17096
f 17089 17092 17096 17093
f 17090 17089 17093 17094
f 17091 17090 17094 17095
f 17092 17091 17095 17096
f 17097 17098 17099 17100
f 17101 17102 17103 17104
f 17097 17100 17104 17101
f 17098 17097 17101 17102
f 17099 17098 17102 17103
f 17100 17099 17103 17104
f 17105 17106 17107 17108
f 17109 17110 17111 17112
f 17105 17108 17112 17109
f 17106 17105 17109 17110
f 17107 17106 17110 17111
f 17108 17107 17111 17112
f 17113 17114 17115 17116
f 17117 17118 17119 17120
f 17113 17116 17120 17117
f 17114 17113 17117 17118
f 17115 17114 17118 17119
f 17116 17115 17119 17120
f 17121 17122 17123 17124
f 17125 17126 17127 17128
f 17121 17124 17128 17125
f 17122 17121 17125 17126
f 17123 17122 17126 17127
f 17124 17123 17127 17128
f 17129 17130 17131 17132
f 17133 17134 17135 17136
f 17129 17132 17136 17133
f 17130 17129 17133 17134
f 17131 17130 17134 17135
f 17132 17131 17135 17136
f 17137 17138 17139 17140
f 17141 17142 17143 17144
f 17137 17140 17144 17141
f 17138 17137 17141 17142
f 17139 17138 17142 17143
f 17140 17139 17143 17144
f 17145 17146 17147 17148
f 17149 17150 17151 17152
f 17145 17148 17152 17149
f 17146 17145 17149 17150
f 17147 17146 17150 17151
f 17148 17147 17151 17152
f 17153 17154 17155 17156
f 17157 17158 17159 17160
f 17153 17156 17160 17157
f 17154 17153 17157 17158
f 17155 17154 17158 17159
f 17156 17155 17159 17160
f 17161 17162 17163 17164
f 17165 17166 17167 17168
f 17161 17164 17168 17165
f 17162 17161 17165 17166
f 17163 17162 17166 17167
f 17164 17163 17167 17168
f 17169 17170 17171 17172
f 17173 17174 17175 17176
f 17169 17172 17176 17173
f 17170 17169 17173 17174
f 17171 17170 17174 17175
f 17172 17171 17175 17176
f 17177 17178 17179 17180
f 17181 17182 17183 17184
f 17177 17180 17184 17181
f 17178 17177 17181 17182
f 17179 17178 17182 17183
f 17180 17179 17183 17184
f 17185 17186 17187 17188
f 17189 17190 17191 17192
f 17185 17188 17192 17189
f 17186 17185 17189 17190
f 17187 17186 17190 17191
f 17188 17187 17191 17192
f 17193 17194 17195 17196
f 17197 17198 17199 17200
f 17193 17196 17200 17197
f 17194 17193 17197 17198
f 17195 17194 17198 17199
f 17196 17195 17199 17200
f 17201 17202 17203 17204
f 17205 17206 17207 17208
f 17201 17204 17208 17205
f 17202 17201 17205 17206
f 17203 17202 17206 17207
f 17204 17203 17207 17208
f 17209 17210 17211 17212
f 17213 17214 17215 17216
f 17209 17212 17216 17213
f 17210 17209 17213 17214
f 17211 17210 17214 17215
f 17212 17211 17215 17216
f 17217 17218 17219 17220
f 17221 17222 17223 17224
f 17217 17220 17224 17221
f 17218 17217 17221 17222
f 17219 17218 17222 17223
f 17220 17219 17223 17224
f 17225 17226 17227 17228
f 17229 17230 17231 17232
f 17225 17228 17232 17229
f 17226 17225 17229 17230
f 17227 17226 17230 17231
f 17228 17227 17231 17232
f 17233 17234 17235 17236
f 17237 17238 17239 17240
f 17233 17236 17240 17237
f 17234 17233 17237 17238
f 17235 17234 17238 17239
f 17236 17235 17239 17240
f 17241 17242 17243 17244
f 17245 17246 17247 17248
f 17241 17244 17248 17245
f 17242 17241 17245 17246
f 17243 17242 17246 17247
f 17244 17243 17247 17248
f 17249 17250 17251 17252
f 17253 17254 17255 17256
f 17249 17252 17256 17253
f 17250 17249 17253 17254
f 17251 17250 17254 17255
f 17252 17251 17255 17256
f 17257 17258 17259 17260
f 17261 17262 17263 17264
f 17257 17260 17264 17261
f 17258 17257 17261 17262
f 17259 17258 17262 17263
f 17260 17259 17263 17264
f 17265 17266 17267 17268
f 17269 17270 17271 17272
f 17265 17268 17272 17269
f 17266 17265 17269 17270
f 17267 17266 17270 17271
f 17268 17267 17271 17272
f 17273 17274 17275 17276
f 17277 17278 17279 17280
f 17273 17276 17280 17277
f 17274 17273 17277 17278
f 17275 17274 17278 17279
f 17276 17275 17279 17280
f 17281 17282 17283 17284
f 17285 17286 17287 17288
f 17281 17284 17288 17285
f 17282 17281 17285 17286
f 17283 17282 17286 17287
f 17284 17283 17287 17288
f 17289 17290 17291 17292
f 17293 17294 17295 17296
f 17289 17292 17296 17293
f 17290 17289 17293 17294
f 17291 17290 17294 17295
f 17292 17291 17295 17296
f 17297 17298 17299 17300
f 17301 17302 17303 17304
f 17297 17300 17304 17301
f 17298 17297 17301 17302
f 17299 17298 17302 17303
f 17300 17299 17303 17304
f 17305 17306 17307 17308
f 17309 17310 17311 17312
f 17305 17308 17312 17309
f 17306 17305 17309 17310
f 17307 17306 17310 17311
f 17308 17307 17311 17312
f 17313 17314 17315 17316
f 17317 17318 17319 17320
f 17313 17316 17320 17317
f 17314 17313 17317 17318
f 17315 17314 17318 17319
f 17316 17315 17319 17320
f 17321 17322 17323 17324
f 17325 17326 17327 17328
f 17321 17324 17328 17325
f 17322 17321 17325 17326
f 17323 17322 17326 17327
f 17324 17323 17327 17328
f 17329 17330 17331 17332
f 17333 17334 17335 17336
f 17329 17332 17336 17333
f 17330 17329 17333 17334
f 17331 17330 17334 17335
f 17332 17331 17335 17336
f 17337 17338 17339 17340
f 17341 17342 17343 17344
f 17337 17340 17344 17341
f 17338 17337 17341 17342
f 17339 17338 17342 17343
f 17340 17339 17343 17344
f 17345 17346 17347 17348
f 17349 17350 17351 17352
f 17345 17348 17352 17349
f 17346 17345 17349 17350
f 17347 17346 17350 17351
f 17348 17347 17351 17352
f 17353 17354 17355 17356
f 17357 17358 17359 17360
f 17353 17356 17360 17357
f 17354 17353 17357 17358
f 17355 17354 17358 17359
f 17356 17355 17359 17360
f 17361 17362 17363 17364
f 17365 17366 17367 17368
f 17361 17364 17368 17365
f 17362 17361 17365 17366
f 17363 17362 17366 17367
f 17364 17363 17367 17368
f 17369 17370 17371 17372
f 17373 17374 17375 17376
f 17369 17372 17376 17373
f 17370 17369 17373 17374
f 17371 17370 17374 17375
f 17372 17371 17375 17376
f 17377 17378 17379 17380
f 17381 17382 17383 17384
f 17377 17380 17384 17381
f 17378 17377 17381 17382
f 17379 17378 17382 17383
f 17380 17379 17383 17384
f 17385 17386 17387 17388
f 17389 17390 17391 17392
f 17385 17388 17392 17389
f 17386 17385 17389 17390
f 17387 17386 17390 17391
f 17388 17387 17391 17392
f 17393 17394 17395 17396
f 17397 17398 17399 17400
f 17393 17396 17400 17397
f 17394 17393 17397 17398
f 17395 17394 17398 17399
f 17396 17395 17399 17400
f 17401 17402 17403 17404
f 17405 17406 17407 17408
f 17401 17404 17408 17405
f 17402 17401 17405 17406
f 17403 17402 17406 17407
f 17404 17403 17407 17408
f 17409 17410 17411 17412
f 17413 17414 17415 17416
f 17409 17412 17416 17413
f 17410 17409 17413 17414
f 17411 17410 17414 17415
f 17412 17411 17415 17416
f 17417 17418 17419 17420
f 17421 17422 17423 17424
f 17417 17420 17424 17421
f 17418 17417 17421 17422
f 17419 17418 17422 17423
f 17420 17419 17423 17424
f 17425 17426 17427 17428
f 17429 17430 17431 17432
f 17425 17428 17432 17429
f 17426 17425 17429 17430
f 17427 17426 17430 17431
f 17428 17427 17431 17432
f 17433 17434 17435 17436
f 17437 17438 17439 17440
f 17433 17436 17440 17437
f 17434 17433 17437 17438
f 17435 17434 17438 17439
f 17436 17435 17439 17440
f 17441 17442 17443 17444
f 17445 17446 17447 17448
f 17441 17444 17448 17445
f 17442 17441 17445 17446
f 17443 17442 17446 17447
f 17444 17443 17447 17448
f 17449 17450 17451 17452
f 17453 17454 17455 17456
f 17449 17452 17456 17453
f 17450 17449 17453 17454
f 17451 17450 17454 17455
f 17452 17451 17455 17456
f 17457 17458 17459 17460
f 17461 17462 17463 17464
f 17457 17460 17464 17461
f 17458 17457 17461 17462
f 17459 17458 17462 17463
f 17460 17459 17463 17464
f 17465 17466 17467 17468
f 17469 17470 17471 17472
f 17465 17468 17472 17469
f 17466 17465 17469 17470
f 17467 17466 17470 17471
f 17468 17467 17471 17472
f 17473 17474 17475 17476
f 17477 17478 17479 17480
f 17473 17476 17480 17477
f 17474 17473 17477 17478
f 17475 17474 17478 17479
f 17476 17475 17479 17480
f 17481 17482 17483 17484
f 17485 17486 17487 17488
f 17481 17484 17488 17485
f 17482 17481 17485 17486
f 17483 17482 17486 17487
f 17484 17483 17487 17488
f 17489 17490 17491 17492
f 17493 17494 17495 17496
f 17489 17492 17496 17493
f 17490 17489 17493 17494
f 17491 17490 17494 17495
f 17492 17491 17495 17496
f 17497 17498 17499 17500
f 17501 17502 17503 17504
f 17497 17500 17504 17501
f 17498 17497 17501 17502
f 17499 17498 17502 17503
f 17500 17499 17503 17504
f 17505 17506 17507 17508
f 17509 17510 17511 17512
f 17505 17508 17512 17509
f 17506 17505 17509 17510
f 17507 17506 17510 17511
f 17508 17507 17511 17512
f 17513 17514 17515 17516
f 17517 17518 17519 17520
f 17513 17516 17520 17517
f 17514 17513 17517 17518
f 17515 17514 17518 17519
f 17516 17515 17519 17520
f 17521 17522 17523 17524
f 17525 17526 17527 17528
f 17521 17524 17528 17525
f 17522 17521 17525 17526
f 17523 17522 17526 17527
f 17524 17523 17527 17528
f 17529 17530 17531 17532
f 17533 17534 17535 17536
f 17529 17532 17536 17533
f 17530 17529 17533 17534
f 17531 17530 17534 17535
f 17532 17531 17535 17536
f 17537 17538 17539 17540
f 17541 17542 17543 17544
f 17537 17540 17544 17541
f 17538 17537 17541 17542
f 17539 17538 17542 17543
f 17540 17539 17543 17544
f 17545 17546 17547 17548
f 17549 17550 17551 17552
f 17545 17548 17552 17549
f 17546 17545 17549 17550
f 17547 17546 17550 17551
f 17548 17547 17551 17552
f 17553 17554 17555 17556
f 17557 17558 17559 17560
f 17553 17556 17560 17557
f 17554 17553 17557 17558
f 17555 17554 17558 17559
f 17556 17555 17559 17560
f 17561 17562 17563 17564
f 17565 17566 17567 17568
f 17561 17564 17568 17565
f 17562 17561 17565 17566
f 17563 17562 17566 17567
f 17564 17563 17567 17568
f 17569 17570 17571 17572
f 17573 17574 17575 17576
f 17569 17572 17576 17573
f 17570 17569 17573 17574
f 17571 17570 17574 17575
f 17572 17571 17575 17576
f 17577 17578 17579 17580
f 17581 17582 17583 17584
f 17577 17580 17584 17581
f 17578 17577 17581 17582
f 17579 17578 17582 17583
f 17580 17579 17583 17584
f 17585 17586 17587 17588
f 17589 17590 17591 17592
f 17585 17588 17592 17589
f 17586 17585 17589 17590
f 17587 17586 17590 17591
f 17588 17587 17591 17592
f 17593 17594 17595 17596
f 17597 17598 17599 17600
f 17593 17596 17600 17597
f 17594 17593 17597 17598
f 17595 17594 17598 17599
f 17596 17595 17599 17600
f 17601 17602 17603 17604
f 17605 17606 17607 17608
f 17601 17604 17608 17605
f 17602 17601 17605 17606
f 17603 17602 17606 17607
f 17604 17603 17607 17608
f 17609 17610 17611 17612
f 17613 17614 17615 17616
f 17609 17612 17616 17613
f 17610 17609 17613 17614
f 17611 17610 17614 17615
f 17612 17611 17615 17616
f 17617 17618 17619 17620
f 17621 17622 17623 17624
f 17617 17620 17624 17621
f 17618 17617 17621 17622
f 17619 17618 17622 17623
f 17620 17619 17623 17624
f 17625 17626 17627 17628
f 17629 17630 17631 17632
f 17625 17628 17632 17629
f 17626 17625 17629 17630
f 17627 17626 17630 17631
f 17628 17627 17631 17632
f 17633 17634 17635 17636
f 17637 17638 17639 17640
f 17633 17636 17640 17637
f 17634 17633 17637 17638
f 17635 17634 17638 17639
f 17636 17635 17639 17640
f 17641 17642 17643 17644
f 17645 17646 17647 17648
f 17641 17644 17648 17645
f 17642 17641 17645 17646
f 17643 17642 17646 17647
f 17644 17643 17647 17648
f 17649 17650 17651 17652
f 17653 17654 17655 17656
f 17649 17652 17656 17653
f 17650 17649 17653 17654
f 17651 17650 17654 17655
f 17652 17651 17655 17656
f 17657 17658 17659 17660
f 17661 17662 17663 17664
f 17657 17660 17664 17661
f 17658 17657 17661 17662
f 17659 17658 17662 17663
f 17660 17659 17663 17664
f 17665 17666 17667 17668
f 17669 17670 17671 17672
f 17665 17668 17672 17669
f 17666 17665 17669 17670
f 17667 17666 17670 17671
f 17668 17667 17671 17672
f 17673 17674 17675 17676
f 17677 17678 17679 17680
f 17673 17676 17680 17677
f 17674 17673 17677 17678
f 17675 17674 17678 17679
f 17676 17675 17679 17680
f 17681 17682 17683 17684
f 17685 17686 17687 17688
f 17681 17684 17688 17685
f 17682 17681 17685 17686
f 17683 17682 17686 17687
f 17684 17683 17687 17688
f 17689 17690 17691 17692
f 17693 17694 17695 17696
f 17689 17692 17696 17693
f 17690 17689 17693 17694
f 17691 17690 17694 17695
f 17692 17691 17695 17696
f 17697 17698 17699 17700
f 17701 17702 17703 17704
f 17697 17700 17704 17701
f 17698 17697 17701 17702
f 17699 17698 17702 17703
f 17700 17699 17703 17704
f 17705 17706 17707 17708
f 17709 17710 17711 17712
f 17705 17708 17712 17709
f 17706 17705 17709 17710
f 17707 17706 17710 17711
f 17708 17707 17711 17712
f 17713 17714 17715 17716
f 17717 17718 17719 17720
f 17713 17716 17720 17717
f 17714 17713 17717 17718
f 17715 17714 17718 17719
f 17716 17715 17719 17720
f 17721 17722 17723 17724
f 17725 17726 17727 17728
f 17721 17724 17728 17725
f 17722 17721 17725 17726
f 17723 17722 17726 17727
f 17724 17723 17727 17728
f 17729 17730 17731 17732
f 17733 17734 17735 17736
f 17729 17732 17736 17733
f 17730 17729 17733 17734
f 17731 17730 17734 17735
f 17732 17731 17735 17736
f 17737 17738 17739 17740
f 17741 17742 17743 17744
f 17737 17740 17744 17741
f 17738 17737 17741 17742
f 17739 17738 17742 17743
f 17740 17739 17743 17744
f 17745 17746 17747 17748
f 17749 17750 17751 17752
f 17745 17748 17752 17749
f 17746 17745 17749 17750
f 17747 17746 17750 17751
f 17748 17747 17751 17752
f 17753 17754 17755 17756
f 17757 17758 17759 17760
f 17753 17756 17760 17757
f 17754 17753 17757 17758
f 17755 17754 17758 17759
f 17756 17755 17759 17760
f 17761 17762 17763 17764
f 17765 17766 17767 17768
f 17761 17764 17768 17765
f 17762 17761 17765 17766
f 17763 17762 17766 17767
f 17764 17763 17767 17768
f 17769 17770 17771 17772
f 17773 17774 17775 17776
f 17769 17772 17776 17773
f 17770 17769 17773 17774
f 17771 17770 17774 17775
f 17772 17771 17775 17776
f 17777 17778 17779 17780
f 17781 17782 17783 17784
f 17777 17780 17784 17781
f 17778 17777 17781 17782
f 17779 17778 17782 17783
f 17780 17779 17783 17784
f 17785 17786 17787 17788
f 17789 17790 17791 17792
f 17785 17788 17792 17789
f 17786 17785 17789 17790
f 17787 17786 17790 17791
f 17788 17787 17791 17792
f 17793 17794 17795 17796
f 17797 17798 17799 17800
f 17793 17796 17800 17797
f 17794 17793 17797 17798
f 17795 17794 17798 17799
f 17796 17795 17799 17800
f 17801 17802 17803 17804
f 17805 17806 17807 17808
f 17801 17804 17808 17805
f 17802 17801 17805 17806
f 17803 17802 17806 17807
f 17804 17803 17807 17808
f 17809 17810 17811 17812
f 17813 17814 17815 17816
f 17809 17812 17816 17813
f 17810 17809 17813 17814
f 17811 17810 17814 17815
f 17812 17811 17815 17816
f 17817 17818 17819 17820
f 17821 17822 17823 17824
f 17817 17820 17824 17821
f 17818 17817 17821 17822
f 17819 17818 17822 17823
f 17820 17819 17823 17824
f 17825 17826 17827 17828
f 17829 17830 17831 17832
f 17825 17828 17832 17829
f 17826 17825 17829 17830
f 17827 17826 17830 17831
f 17828 17827 17831 17832
f 17833 17834 17835 17836
f 17837 17838 17839 17840
f 17833 17836 17840 17837
f 17834 17833 17837 17838
f 17835 17834 17838 17839
f 17836 17835 17839 17840
f 17841 17842 17843 17844
f 17845 17846 17847 17848
f 17841 17844 17848 17845
f 17842 17841 17845 17846
f 17843 17842 17846 17847
f 17844 17843 17847 17848
f 17849 17850 17851 17852
f 17853 17854 17855 17856
f 17849 17852 17856 17853
f 17850 17849 17853 17854
f 17851 17850 17854 17855
f 17852 17851 17855 17856
f 17857 17858 17859 17860
f 17861 17862 17863 17864
f 17857 17860 17864 17861
f 17858 17857 17861 17862
f 17859 17858 17862 17863
f 17860 17859 17863 17864
f 17865 17866 17867 17868
f 17869 17870 17871 17872
f 17865 17868 17872 17869
f 17866 17865 17869 17870
f 17867 17866 17870 17871
f 17868 17867 17871 17872
f 17873 17874 17875 17876
f 17877 17878 17879 17880
f 17873 17876 17880 17877
f 17874 17873 17877 17878
f 17875 17874 17878 17879
f 17876 17875 17879 17880
f 17881 17882 17883 17884
f 17885 17886 17887 17888
f 17881 17884 17888 17885
f 17882 17881 17885 17886
f 17883 17882 17886 17887
f 17884 17883 17887 17888
f 17889 17890 17891 17892
f 17893 17894 17895 17896
f 17889 17892 17896 17893
f 17890 17889 17893 17894
f 17891 17890 17894 17895
f 17892 17891 17895 17896
f 17897 17898 17899 17900
f 17901 17902 17903 17904
f 17897 17900 17904 17901
f 17898 17897 17901 17902
f 17899 17898 17902 17903
f 17900 17899 17903 17904
f 17905 17906 17907 17908
f 17909 17910 17911 17912
f 17905 17908 17912 17909
f 17906 17905 17909 17910
f 17907 17906 17910 17911
f 17908 17907 17911 17912
f 17913 17914 17915 17916
f 17917 17918 17919 17920
f 17913 17916 17920 17917
f 17914 17913 17917 17918
f 17915 17914 17918 17919
f 17916 17915 17919 17920
f 17921 17922 17923 17924
f 17925 17926 17927 17928
f 17921 17924 17928 17925
f 17922 17921 17925 17926
f 17923 17922 17926 17927
f 17924 17923 17927 17928
f 17929 17930 17931 17932
f 17933 17934 17935 17936
f 17929 17932 17936 17933
f 17930 17929 17933 17934
f 17931 17930 17934 17935
f 17932 17931 17935 17936
f 17937 17938 17939 17940
f 17941 17942 17943 17944
f 17937 17940 17944 17941
f 17938 17937 17941 17942
f 17939 17938 17942 17943
f 17940 17939 17943 17944
f 17945 17946 17947 17948
f 17949 17950 17951 17952
f 17945 17948 17952 17949
f 17946 17945 17949 17950
f 17947 17946 17950 17951
f 17948 17947 17951 17952
f 17953 17954 17955 17956
f 17957 17958 17959 17960
f 17953 17956 17960 17957
f 17954 17953 17957 17958
f 17955 17954 17958 17959
f 17956 17955 17959 17960
f 17961 17962 17963 17964
f 17965 17966 17967 17968
f 17961 17964 17968 17965
f 17962 17961 17965 17966
f 17963 17962 17966 17967
f 17964 17963 17967 17968
f 17969 17970 17971 17972
f 17973 17974 17975 17976
f 17969 17972 17976 17973
f 17970 17969 17973 17974
f 17971 17970 17974 17975
f 17972 17971 17975 17976
f 17977 17978 17979 17980
f 17981 17982 17983 17984
f 17977 17980 17984 17981
f 17978 17977 17981 17982
f 17979 17978 17982 17983
f 17980 17979 17983 17984
f 17985 17986 17987 17988
f 17989 17990 17991 17992
f 17985 17988 17992 17989
f 17986 17985 17989 17990
f 17987 17986 17990 17991
f 17988 17987 17991 17992
f 17993 17994 17995 17996
f 17997 17998 17999 18000
f 17993 17996 18000 17997
f 17994 17993 17997 17998
f 17995 17994 17998 17999
f 17996 17995 17999 18000
f 18001 18002 18003 18004
f 18005 18006 18007 18008
f 18001 18004 18008 18005
f 18002 18001 18005 18006
f 18003 18002 18006 18007
f 18004 18003 18007 18008
f 18009 18010 18011 18012
f 18013 18014 18015 18016
f 18009 18012 18016 18013
f 18010 18009 18013 18014
f 18011 18010 18014 18015
f 18012 18011 18015 18016
f 18017 18018 18019 18020
f 18021 18022 18023 18024
f 18017 18020 18024 18021
f 18018 18017 18021 18022
f 18019 18018 18022 18023
f 18020 18019 18023 18024
f 18025 18026 18027 18028
f 18029 18030 18031 18032
f 18025 18028 18032 18029
f 18026 18025 18029 18030
f 18027 18026 18030 18031
f 18028 18027 18031 18032
f 18033 18034 18035 18036
f 18037 18038 18039 18040
f 18033 18036 18040 18037
f 18034 18033 18037 18038
f 18035 18034 18038 18039
f 18036 18035 18039 18040
f 18041 18042 18043 18044
f 18045 18046 18047 18048
f 18041 18044 18048 18045
f 18042 18041 18045 18046
f 18043 18042 18046 18047
f 18044 18043 18047 18048
f 18049 18050 18051 18052
f 18053 18054 18055 18056
f 18049 18052 18056 18053
f 18050 18049 18053 18054
f 18051 18050 18054 18055
f 18052 18051 18055 18056
f 18057 18058 18059 18060
f 18061 18062 18063 18064
f 18057 18060 18064 18061
f 18058 18057 18061 18062
f 18059 18058 18062 18063
f 18060 18059 18063 18064
f 18065 18066 18067 18068
f 18069 18070 18071 18072
f 18065 18068 18072 18069
f 18066 18065 18069 18070
f 18067 18066 18070 18071
f 18068 18067 18071 18072
f 18073 18074 18075 18076
f 18077 18078 18079 18080
f 18073 18076 18080 18077
f 18074 18073 18077 18078
f 18075 18074 18078 18079
f 18076 18075 18079 18080
f 18081 18082 18083 18084
f 18085 18086 18087 18088
f 18081 18084 18088 18085
f 18082 18081 18085 18086
f 18083 18082 18086 18087
f 18084 18083 18087 18088
f 18089 18090 18091 18092
f 18093 18094 18095 18096
f 18089 18092 18096 18093
f 18090 18089 18093 18094
f 18091 18090 18094 18095
f 18092 18091 18095 18096
f 18097 18098 18099 18100
f 18101 18102 18103 18104
f 18097 18100 18104 18101
f 18098 18097 18101 18102
f 18099 18098 18102 18103
f 18100 18099 18103 18104
f 18105 18106 18107 18108
f 18109 18110 18111 18112
f 18105 18108 18112 18109
f 18106 18105 18109 18110
f 18107 18106 18110 18111
f 18108 18107 18111 18112
f 18113 18114 18115 18116
f 18117 18118 18119 18120
f 18113 18116 18120 18117
f 18114 18113 18117 18118
f 18115 18114 18118 18119
f 18116 18115 18119 18120
f 18121 18122 18123 18124
f 18125 18126 18127 18128
f 18121 18124 18128 18125
f 18122 18121 18125 18126
f 18123 18122 18126 18127
f 18124 18123 18127 18128
f 18129 18130 18131 18132
f 18133 18134 18135 18136
f 18129 18132 18136 18133
f 18130 18129 18133 18134
f 18131 18130 18134 18135
f 18132 18131 18135 18136
f 18137 18138 18139 18140
f 18141 18142 18143 18144
f 18137 18140 18144 18141
f 18138 18137 18141 18142
f 18139 18138 18142 18143
f 18140 18139 18143 18144
f 18145 18146 18147 18148
f 18149 18150 18151 18152
f 18145 18148 18152 18149
f 18146 18145 18149 18150
f 18147 18146 18150 18151
f 18148 18147 18151 18152
f 18153 18154 18155 18156
f 18157 18158 18159 18160
f 18153 18156 18160 18157
f 18154 18153 18157 18158
f 18155 18154 18158 18159
f 18156 18155 18159 18160
f 18161 18162 18163 18164
f 18165 18166 18167 18168
f 18161 18164 18168 18165
f 18162 18161 18165 18166
f 18163 18162 18166 18167
f 18164 18163 18167 18168
f 18169 18170 18171 18172
f 18173 18174 18175 18176
f 18169 18172 18176 18173
f 18170 18169 18173 18174
f 18171 18170 18174 18175
f 18172 18171 18175 18176
f 18177 18178 18179 18180
f 18181 18182 18183 18184
f 18177 18180 18184 18181
f 18178 18177 18181 18182
f 18179 18178 18182 18183
f 18180 18179 18183 18184
f 18185 18186 18187 18188
f 18189 18190 18191 18192
f 18185 18188 18192 18189
f 18186 18185 18189 18190
f 18187 18186 18190 18191
f 18188 18187 18191 18192
f 18193 18194 18195 18196
f 18197 18198 18199 18200
f 18193 18196 18200 18197
f 18194 18193 18197 18198
f 18195 18194 18198 18199
f 18196 18195 18199 18200
f 18201 18202 18203 18204
f 18205 18206 18207 18208
f 18201 18204 18208 18205
f 18202 18201 18205 18206
f 18203 18202 18206 18207
f 18204 18203 18207 18208
f 18209 18210 18211 18212
f 18213 18214 18215 18216
f 18209 18212 18216 18213
f 18210 18209 18213 18214
f 18211 18210 18214 18215
f 18212 18211 18215 18216
f 18217 18218 18219 18220
f 18221 18222 18223 18224
f 18217 18220 18224 18221
f 18218 18217 18221 18222
f 18219 18218 18222 18223
f 18220 18219 18223 18224
f 18225 18226 18227 18228
f 18229 18230 18231 18232
f 18225 18228 18232 18229
f 18226 18225 18229 18230
f 18227 18226 18230 18231
f 18228 18227 18231 18232
f 18233 18234 18235 18236
f 18237 18238 18239 18240
f 18233 18236 18240 18237
f 18234 18233 18237 18238
f 18235 18234 18238 18239
f 18236 18235 18239 18240
f 18241 18242 18243 18244
f 18245 18246 18247 18248
f 18241 18244 18248 18245
f 18242 18241 18245 18246
f 18243 18242 18246 18247
f 18244 18243 18247 18248
f 18249 18250 18251 18252
f 18253 18254 18255 18256
f 18249 18252 18256 18253
f 18250 18249 18253 18254
f 18251 18250 18254 18255
f 18252 18251 18255 18256
f 18257 18258 18259 18260
f 18261 18262 18263 18264
f 18257 18260 18264 18261
f 18258 18257 18261 18262
f 18259 18258 18262 18263
f 18260 18259 18263 18264
f 18265 18266 18267 18268
f 18269 18270 18271 18272
f 18265 18268 18272 18269
f 18266 18265 18269 18270
f 18267 18266 18270 18271
f 18268 18267 18271 18272
f 18273 18274 18275 18276
f 18277 18278 18279 18280
f 18273 18276 18280 18277
f 18274 18273 18277 18278
f 18275 18274 18278 18279
f 18276 18275 18279 18280
f 18281 18282 18283 18284
f 18285 18286 18287 18288
f 18281 18284 18288 18285
f 18282 18281 18285 18286
f 18283 18282 18286 18287
f 18284 18283 18287 18288
f 18289 18290 18291 18292
f 18293 18294 18295 18296
f 18289 18292 18296 18293
f 18290 18289 18293 18294
f 18291 18290 18294 18295
f 18292 18291 18295 18296
f 18297 18298 18299 18300
f 18301 18302 18303 18304
f 18297 18300 18304 18301
f 18298 18297 18301 18302
f 18299 18298 18302 18303
f 18300 18299 18303 18304
f 18305 18306 18307 18308
f 18309 18310 18311 18312
f 18305 18308 18312 18309
f 18306 18305 18309 18310
f 18307 18306 18310 18311
f 18308 18307 18311 18312
f 18313 18314 18315 18316
f 18317 18318 18319 18320
f 18313 18316 18320 18317
f 18314 18313 18317 18318
f 18315 18314 18318 18319
f 18316 18315 18319 18320
f 18321 18322 18323 18324
f 18325 18326 18327 18328
f 18321 18324 18328 18325
f 18322 18321 18325 18326
f 18323 18322 18326 18327
f 18324 18323 18327 18328
f 18329 18330 18331 18332
f 18333 18334 18335 18336
f 18329 18332 18336 18333
f 18330 18329 18333 18334
f 18331 18330 18334 18335
f 18332 18331 18335 18336
f 18337 18338 18339 18340
f 18341 18342 18343 18344
f 18337 18340 18344 18341
f 18338 18337 18341 18342
f 18339 18338 18342 18343
f 18340 18339 18343 18344
f 18345 18346 18347 18348
f 18349 18350 18351 18352
f 18345 18348 18352 18349
f 18346 18345 18349 18350
f 18347 18346 18350 18351
f 18348 18347 18351 18352
f 18353 18354 18355 18356
f 18357 18358 18359 18360
f 18353 18356 18360 18357
f 18354 18353 18357 18358
f 18355 18354 18358 18359
f 18356 18355 18359 18360
f 18361 18362 18363 18364
f 18365 18366 18367 18368
f 18361 18364 18368 18365
f 18362 18361 18365 18366
f 18363 18362 18366 18367
f 18364 18363 18367 18368
f 18369 18370 18371 18372
f 18373 18374 18375 18376
f 18369 18372 18376 18373
f 18370 18369 18373 18374
f 18371 18370 18374 18375
f 18372 18371 18375 18376
f 18377 18378 18379 18380
f 18381 18382 18383 18384
f 18377 18380 18384 18381
f 18378 18377 18381 18382
f 18379 18378 18382 18383
f 18380 18379 18383 18384
f 18385 18386 18387 18388
f 18389 18390 18391 18392
f 18385 18388 18392 18389
f 18386 18385 18389 18390
f 18387 18386 18390 18391
f 18388 18387 18391 18392
f 18393 18394 18395 18396
f 18397 18398 18399 18400
f 18393 18396 18400 18397
f 18394 18393 18397 18398
f 18395 18394 18398 18399
f 18396 18395 18399 18400
f 18401 18402 18403 18404
f 18405 18406 18407 18408
f 18401 18404 18408 18405
f 18402 18401 18405 18406
f 18403 18402 18406 18407
f 18404 18403 18407 18408
f 18409 18410 18411 18412
f 18413 18414 18415 18416
f 18409 18412 18416 18413
f 18410 18409 18413 18414
f 18411 18410 18414 18415
f 18412 18411 18415 18416
f 18417 18418 18419 18420
f 18421 18422 18423 18424
f 18417 18420 18424 18421
f 18418 18417 18421 18422
f 18419 18418 18422 18423
f 18420 18419 18423 18424
f 18425 18426 18427 18428
f 18429 18430 18431 18432
f 18425 18428 18432 18429
f 18426 18425 18429 18430
f 18427 18426 18430 18431
f 18428 18427 18431 18432
f 18433 18434 18435 18436
f 18437 18438 18439 18440
f 18433 18436 18440 18437
f 18434 18433 18437 18438
f 18435 18434 18438 18439
f 18436 18435 18439 18440
f 18441 18442 18443 18444
f 18445 18446 18447 18448
f 18441 18444 18448 18445
f 18442 18441 18445 18446
f 18443 18442 18446 18447
f 18444 18443 18447 18448
f 18449 18450 18451 18452
f 18453 18454 18455 18456
f 18449 18452 18456 18453
f 18450 18449 18453 18454
f 18451 18450 18454 18455
f 18452 18451 18455 18456
f 18457 18458 18459 18460
f 18461 18462 18463 18464
f 18457 18460 18464 18461
f 18458 18457 18461 18462
f 18459 18458 18462 18463
f 18460 18459 18463 18464
f 18465 18466 18467 18468
f 18469 18470 18471 18472
f 18465 18468 18472 18469
f 18466 18465 18469 18470
f 18467 18466 18470 18471
f 18468 18467 18471 18472
f 18473 18474 18475 18476
f 18477 18478 18479 18480
f 18473 18476 18480 18477
f 18474 18473 18477 18478
f 18475 18474 18478 18479
f 18476 18475 18479 18480
f 18481 18482 18483 18484
f 18485 18486 18487 18488
f 18481 18484 18488 18485
f 18482 18481 18485 18486
f 18483 18482 18486 18487
f 18484 18483 18487 18488
f 18489 18490 18491 18492
f 18493 18494 18495 18496
f 18489 18492 18496 18493
f 18490 18489 18493 18494
f 18491 18490 18494 18495
f 18492 18491 18495 18496
f 18497 18498 18499 18500
f 18501 18502 18503 18504
f 18497 18500 18504 18501
f 18498 18497 18501 18502
f 18499 18498 18502 18503
f 18500 18499 18503 18504
f 18505 18506 18507 18508
f 18509 18510 18511 18512
f 18505 18508 18512 18509
f 18506 18505 18509 18510
f 18507 18506 18510 18511
f 18508 18507 18511 18512
f 18513 18514 18515 18516
f 18517 18518 18519 18520
f 18513 18516 18520 18517
f 18514 18513 18517 18518
f 18515 18514 18518 18519
f 18516 18515 18519 18520
f 18521 18522 18523 18524
f 18525 18526 18527 18528
f 18521 18524 18528 18525
f 18522 18521 18525 18526
f 18523 18522 18526 18527
f 18524 18523 18527 18528
f 18529 18530 18531 18532
f 18533 18534 18535 18536
f 18529 18532 18536 18533
f 18530 18529 18533 18534
f 18531 18530 18534 18535
f 18532 18531 18535 18536
f 18537 18538 18539 18540
f 18541 18542 18543 18544
f 18537 18540 18544 18541
f 18538 18537 18541 18542
f 18539 18538 18542 18543
f 18540 18539 18543 18544
f 18545 18546 18547 18548
f 18549 18550 18551 18552
f 18545 18548 18552 18549
f 18546 18545 18549 18550
f 18547 18546 18550 18551
f 18548 18547 18551 18552
f 18553 18554 18555 18556
f 18557 18558 18559 18560
f 18553 18556 18560 18557
f 18554 18553 18557 18558
f 18555 18554 18558 18559
f 18556 18555 18559 18560
f 18561 18562 18563 18564
f 18565 18566 18567 18568
f 18561 18564 18568 18565
f 18562 18561 18565 18566
f 18563 18562 18566 18567
f 18564 18563 18567 18568
f 18569 18570 18571 18572
f 18573 18574 18575 18576
f 18569 18572 18576 18573
f 18570 18569 18573 18574
f 18571 18570 18574 18575
f 18572 18571 18575 18576
f 18577 18578 18579 18580
f 18581 18582 18583 18584
f 18577 18580 18584 18581
f 18578 18577 18581 18582
f 18579 18578 18582 18583
f 18580 18579 18583 18584
f 18585 18586 18587 18588
f 18589 18590 18591 18592
f 18585 18588 18592 18589
f 18586 18585 18589 18590
f 18587 18586 18590 18591
f 18588 18587 18591 18592
f 18593 18594 18595 18596
f 18597 18598 18599 18600
f 18593 18596 18600 18597
f 18594 18593 18597 18598
f 18595 18594 18598 18599
f 18596 18595 18599 18600
f 18601 18602 18603 18604
f 18605 18606 18607 18608
f 18601 18604 18608 18605
f 18602 18601 18605 18606
f 18603 18602 18606 18607
f 18604 18603 18607 18608
f 18609 18610 18611 18612
f 18613 18614 18615 18616
f 18609 18612 18616 18613
f 18610 18609 18613 18614
f 18611 18610 18614 18615
f 18612 18611 18615 18616
f 18617 18618 18619 18620
f 18621 18622 18623 18624
f 18617 18620 18624 18621
f 18618 18617 18621 18622
f 18619 18618 18622 18623
f 18620 18619 18623 18624
f 18625 18626 18627 18628
f 18629 18630 18631 18632
f 18625 18628 18632 18629
f 18626 18625 18629 18630
f 18627 18626 18630 18631
f 18628 18627 18631 18632
f 18633 18634 18635 18636
f 18637 18638 18639 18640
f 18633 18636 18640 18637
f 18634 18633 18637 18638
f 18635 18634 18638 18639
f 18636 18635 18639 18640
f 18641 18642 18643 18644
f 18645 18646 18647 18648
f 18641 18644 18648 18645
f 18642 18641 18645 18646
f 18643 18642 18646 18647
f 18644 18643 18647 18648
f 18649 18650 18651 18652
f 18653 18654 18655 18656
f 18649 18652 18656 18653
f 18650 18649 18653 18654
f 18651 18650 18654 18655
f 18652 18651 18655 18656
f 18657 18658 18659 18660
f 18661 18662 18663 18664
f 18657 18660 18664 18661
f 18658 18657 18661 18662
f 18659 18658 18662 18663
f 18660 18659 18663 18664
f 18665 18666 18667 18668
f 18669 18670 18671 18672
f 18665 18668 18672 18669
f 18666 18665 18669 18670
f 18667 18666 18670 18671
f 18668 18667 18671 18672
f 18673 18674 18675 18676
f 18677 18678 18679 18680
f 18673 18676 18680 18677
f 18674 18673 18677 18678
f 18675 18674 18678 18679
f 18676 18675 18679 18680
f 18681 18682 18683 18684
f 18685 18686 18687 18688
f 18681 18684 18688 18685
f 18682 18681 18685 18686
f 18683 18682 18686 18687
f 18684 18683 18687 18688
f 18689 18690 18691 18692
f 18693 18694 18695 18696
f 18689 18692 18696 18693
f 18690 18689 18693 18694
f 18691 18690 18694 18695
f 18692 18691 18695 18696
f 18697 18698 18699 18700
f 18701 18702 18703 18704
f 18697 18700 18704 18701
f 18698 18697 18701 18702
f 18699 18698 18702 18703
f 18700 18699 18703 18704
f 18705 18706 18707 18708
f 18709 18710 18711 18712
f 18705 18708 18712 18709
f 18706 18705 18709 18710
f 18707 18706 18710 18711
f 18708 18707 18711 18712
f 18713 18714 18715 18716
f 18717 18718 18719 18720
f 18713 18716 18720 18717
f 18714 18713 18717 18718
f 18715 18714 18718 18719
f 18716 18715 18719 18720
f 18721 18722 18723 18724
f 18725 18726 18727 18728
f 18721 18724 18728 18725
f 18722 18721 18725 18726
f 18723 18722 18726 18727
f 18724 18723 18727 18728
f 18729 18730 18731 18732
f 18733 18734 18735 18736
f 18729 18732 18736 18733
f 18730 18729 18733 18734
f 18731 18730 18734 18735
f 18732 18731 18735 18736
f 18737 18738 18739 18740
f 18741 18742 18743 18744
f 18737 18740 18744 18741
f 18738 18737 18741 18742
f 18739 18738 18742 18743
f 18740 18739 18743 18744
f 18745 18746 18747 18748
f 18749 18750 18751 18752
f 18745 18748 18752 18749
f 18746 18745 18749 18750
f 18747 18746 18750 18751
f 18748 18747 18751 18752
f 18753 18754 18755 18756
f 18757 18758 18759 18760
f 18753 18756 18760 18757
f 18754 18753 18757 18758
f 18755 18754 18758 18759
f 18756 18755 18759 18760
f 18761 18762 18763 18764
f 18765 18766 18767 18768
f 18761 18764 18768 18765
f 18762 18761 18765 18766
f 18763 18762 18766 18767
f 18764 18763 18767 18768
f 18769 18770 18771 18772
f 18773 18774 18775 18776
f 18769 18772 18776 18773
f 18770 18769 18773 18774
f 18771 18770 18774 18775
f 18772 18771 18775 18776
f 18777 18778 18779 18780
f 18781 18782 18783 18784
f 18777 18780 18784 18781
f 18778 18777 18781 18782
f 18779 18778 18782 18783
f 18780 18779 18783 18784
f 18785 18786 18787 18788
f 18789 18790 18791 18792
f 18785 18788 18792 18789
f 18786 18785 18789 18790
f 18787 18786 18790 18791
f 18788 18787 18791 18792
f 18793 18794 18795 18796
f 18797 18798 18799 18800
f 18793 18796 18800 18797
f 18794 18793 18797 18798
f 18795 18794 18798 18799
f 18796 18795 18799 18800
f 18801 18802 18803 18804
f 18805 18806 18807 18808
f 18801 18804 18808 18805
f 18802 18801 18805 18806
f 18803 18802 18806 18807
f 18804 18803 18807 18808
f 18809 18810 18811 18812
f 18813 18814 18815 18816
f 18809 18812 18816 18813
f 18810 18809 18813 18814
f 18811 18810 18814 18815
f 18812 18811 18815 18816
f 18817 18818 18819 18820
f 18821 18822 18823 18824
f 18817 18820 18824 18821
f 18818 18817 18821 18822
f 18819 18818 18822 18823
f 18820 18819 18823 18824
f 18825 18826 18827 18828
f 18829 18830 18831 18832
f 18825 18828 18832 18829
f 18826 18825 18829 18830
f 18827 18826 18830 18831
f 18828 18827 18831 18832
f 18833 18834 18835 18836
f 18837 18838 18839 18840
f 18833 18836 18840 18837
f 18834 18833 18837 18838
f 18835 18834 18838 18839
f 18836 18835 18839 18840
f 18841 18842 18843 18844
f 18845 18846 18847 18848
f 18841 18844 18848 18845
f 18842 18841 18845 18846
f 18843 18842 18846 18847
f 18844 18843 18847 18848
f 18849 18850 18851 18852
f 18853 18854 18855 18856
f 18849 18852 18856 18853
f 18850 18849 18853 18854
f 18851 18850 18854 18855
f 18852 18851 18855 18856
f 18857 18858 18859 18860
f 18861 18862 18863 18864
f 18857 18860 18864 18861
f 18858 18857 18861 18862
f 18859 18858 18862 18863
f 18860 18859 18863 18864
f 18865 18866 18867 18868
f 18869 18870 18871 18872
f 18865 18868 18872 18869
f 18866 18865 18869 18870
f 18867 18866 18870 18871
f 18868 18867 18871 18872
f 18873 18874 18875 18876
f 18877 18878 18879 18880
f 18873 18876 18880 18877
f 18874 18873 18877 18878
f 18875 18874 18878 18879
f 18876 18875 18879 18880
f 18881 18882 18883 18884
f 18885 18886 18887 18888
f 18881 18884 18888 18885
f 18882 18881 18885 18886
f 18883 18882 18886 18887
f 18884 18883 18887 18888
f 18889 18890 18891 18892
f 18893 18894 18895 18896
f 18889 18892 18896 18893
f 18890 18889 18893 18894
f 18891 18890 18894 18895
f 18892 18891 18895 18896
f 18897 18898 18899 18900
f 18901 18902 18903 18904
f 18897 18900 18904 18901
f 18898 18897 18901 18902
f 18899 18898 18902 18903
f 18900 18899 18903 18904
f 18905 18906 18907 18908
f 18909 18910 18911 18912
f 18905 18908 18912 18909
f 18906 18905 18909 18910
f 18907 18906 18910 18911
f 18908 18907 18911 18912
f 18913 18914 18915 18916
f 18917 18918 18919 18920
f 18913 18916 18920 18917
f 18914 18913 18917 18918
f 18915 18914 18918 18919
f 18916 18915 18919 18920
f 18921 18922 18923 18924
f 18925 18926 18927 18928
f 18921 18924 18928 18925
f 18922 18921 18925 18926
f 18923 18922 18926 18927
f 18924 18923 18927 18928
f 18929 18930 18931 18932
f 18933 18934 18935 18936
f 18929 18932 18936 18933
f 18930 18929 18933 18934
f 18931 18930 18934 18935
f 18932 18931 18935 18936
f 18937 18938 18939 18940
f 18941 18942 18943 18944
f 18937 18940 18944 18941
f 18938 18937 18941 18942
f 18939 18938 18942 18943
f 18940 18939 18943 18944
f 18945 18946 18947 18948
f 18949 18950 18951 18952
f 18945 18948 18952 18949
f 18946 18945 18949 18950
f 18947 18946 18950 18951
f 18948 18947 18951 18952
f 18953 18954 18955 18956
f 18957 18958 18959 18960
f 18953 18956 18960 18957
f 18954 18953 18957 18958
f 18955 18954 18958 18959
f 18956 18955 18959 18960
f 18961 18962 18963 18964
f 18965 18966 18967 18968
f 18961 18964 18968 18965
f 18962 18961 18965 18966
f 18963 18962 18966 18967
f 18964 18963 18967 18968
f 18969 18970 18971 18972
f 18973 18974 18975 18976
f 18969 18972 18976 18973
f 18970 18969 18973 18974
f 18971 18970 18974 18975
f 18972 18971 18975 18976
f 18977 18978 18979 18980
f 18981 18982 18983 18984
f 18977 18980 18984 18981
f 18978 18977 18981 18982
f 18979 18978 18982 18983
f 18980 18979 18983 18984
f 18985 18986 18987 18988
f 18989 18990 18991 18992
f 18985 18988 18992 18989
f 18986 18985 18989 18990
f 18987 18986 18990 18991
f 18988 18987 18991 18992
f 18993 18994 18995 18996
f 18997 18998 18999 19000
f 18993 18996 19000 18997
f 18994 18993 18997 18998
f 18995 18994 18998 18999
f 18996 18995 18999 19000
f 19001 19002 19003 19004
f 19005 19006 19007 19008
f 19001 19004 19008 19005
f 19002 19001 19005 19006
f 19003 19002 19006 19007
f 19004 19003 19007 19008
f 19009 19010 19011 19012
f 19013 19014 19015 19016
f 19009 19012 19016 19013
f 19010 19009 19013 19014
f 19011 19010 19014 19015
f 19012 19011 19015 19016
f 19017 19018 19019 19020
f 19021 19022 19023 19024
f 19017 19020 19024 19021
f 19018 19017 19021 19022
f 19019 19018 19022 19023
f 19020 19019 19023 19024
f 19025 19026 19027 19028
f 19029 19030 19031 19032
f 19025 19028 19032 19029
f 19026 19025 19029 19030
f 19027 19026 19030 19031
f 19028 19027 19031 19032
f 19033 19034 19035 19036
f 19037 19038 19039 19040
f 19033 19036 19040 19037
f 19034 19033 19037 19038
f 19035 19034 19038 19039
f 19036 19035 19039 19040
f 19041 19042 19043 19044
f 19045 19046 19047 19048
f 19041 19044 19048 19045
f 19042 19041 19045 19046
f 19043 19042 19046 19047
f 19044 19043 19047 19048
f 19049 19050 19051 19052
f 19053 19054 19055 19056
f 19049 19052 19056 19053
f 19050 19049 19053 19054
f 19051 19050 19054 19055
f 19052 19051 19055 19056
f 19057 19058 19059 19060
f 19061 19062 19063 19064
f 19057 19060 19064 19061
f 19058 19057 19061 19062
f 19059 19058 19062 19063
f 19060 19059 19063 19064
f 19065 19066 19067 19068
f 19069 19070 19071 19072
f 19065 19068 19072 19069
f 19066 19065 19069 19070
f 19067 19066 19070 19071
f 19068 19067 19071 19072
f 19073 19074 19075 19076
f 19077 19078 19079 19080
f 19073 19076 19080 19077
f 19074 19073 19077 19078
f 19075 19074 19078 19079
f 19076 19075 19079 19080
f 19081 19082 19083 19084
f 19085 19086 19087 19088
f 19081 19084 19088 19085
f 19082 19081 19085 19086
f 19083 19082 19086 19087
f 19084 19083 19087 19088
f 19089 19090 19091 19092
f 19093 19094 19095 19096
f 19089 19092 19096 19093
f 19090 19089 19093 19094
f 19091 19090 19094 19095
f 19092 19091 19095 19096
f 19097 19098 19099 19100
f 19101 19102 19103 19104
f 19097 19100 19104 19101
f 19098 19097 19101 19102
f 19099 19098 19102 19103
f 19100 19099 19103 19104
f 19105 19106 19107 19108
f 19109 19110 19111 19112
f 19105 19108 19112 19109
f 19106 19105 19109 19110
f 19107 19106 19110 19111
f 19108 19107 19111 19112
f 19113 19114 19115 19116
f 19117 19118 19119 19120
f 19113 19116 19120 19117
f 19114 19113 19117 19118
f 19115 19114 19118 19119
f 19116 19115 19119 19120
f 19121 19122 19123 19124
f 19125 19126 19127 19128
f 19121 19124 19128 19125
f 19122 19121 19125 19126
f 19123 19122 19126 19127
f 19124 19123 19127 19128
f 19129 19130 19131 19132
f 19133 19134 19135 19136
f 19129 19132 19136 19133
f 19130 19129 19133 19134
f 19131 19130 19134 19135
f 19132 19131 19135 19136
f 19137 19138 19139 19140
f 19141 19142 19143 19144
f 19137 19140 19144 19141
f 19138 19137 19141 19142
f 19139 19138 19142 19143
f 19140 19139 19143 19144
f 19145 19146 19147 19148
f 19149 19150 19151 19152
f 19145 19148 19152 19149
f 19146 19145 19149 19150
f 19147 19146 19150 19151
f 19148 19147 19151 19152
f 19153 19154 19155 19156
f 19157 19158 19159 19160
f 19153 19156 19160 19157
f 19154 19153 19157 19158
f 19155 19154 19158 19159
f 19156 19155 19159 19160
f 19161 19162 19163 19164
f 19165 19166 19167 19168
f 19161 19164 19168 19165
f 19162 19161 19165 19166
f 19163 19162 19166 19167
f 19164 19163 19167 19168
f 19169 19170 19171 19172
f 19173 19174 19175 19176
f 19169 19172 19176 19173
f 19170 19169 19173 19174
f 19171 19170 19174 19175
f 19172 19171 19175 19176
f 19177 19178 19179 19180
f 19181 19182 19183 19184
f 19177 19180 19184 19181
f 19178 19177 19181 19182
f 19179 19178 19182 19183
f 19180 19179 19183 19184
f 19185 19186 19187 19188
f 19189 19190 19191 19192
f 19185 19188 19192 19189
f 19186 19185 19189 19190
f 19187 19186 19190 19191
f 19188 19187 19191 19192
f 19193 19194 19195 19196
f 19197 19198 19199 19200
f 19193 19196 19200 19197
f 19194 19193 19197 19198
f 19195 19194 19198 19199
f 19196 19195 19199 19200
f 19201 19202 19203 19204
f 19205 19206 19207 19208
f 19201 19204 19208 19205
f 19202 19201 19205 19206
f 19203 19202 19206 19207
f 19204 19203 19207 19208
f 19209 19210 19211 19212
f 19213 19214 19215 19216
f 19209 19212 19216 19213
f 19210 19209 19213 19214
f 19211 19210 19214 19215
f 19212 19211 19215 19216
f 19217 19218 19219 19220
f 19221 19222 19223 19224
f 19217 19220 19224 19221
f 19218 19217 19221 19222
f 19219 19218 19222 19223
f 19220 19219 19223 19224
f 19225 19226 19227 19228
f 19229 19230 19231 19232
f 19225 19228 19232 19229
f 19226 19225 19229 19230
f 19227 19226 19230 19231
f 19228 19227 19231 19232
f 19233 19234 19235 19236
f 19237 19238 19239 19240
f 19233 19236 19240 19237
f 19234 19233 19237 19238
f 19235 19234 19238 19239
f 19236 19235 19239 19240
f 19241 19242 19243 19244
f 19245 19246 19247 19248
f 19241 19244 19248 19245
f 19242 19241 19245 19246
f 19243 19242 19246 19247
f 19244 19243 19247 19248
f 19249 19250 19251 19252
f 19253 19254 19255 19256
f 19249 19252 19256 19253
f 19250 19249 19253 19254
f 19251 19250 19254 19255
f 19252 19251 19255 19256
f 19257 19258 19259 19260
f 19261 19262 19263 19264
f 19257 19260 19264 19261
f 19258 19257 19261 19262
f 19259 19258 19262 19263
f 19260 19259 19263 19264
f 19265 19266 19267 19268
f 19269 19270 19271 19272
f 19265 19268 19272 19269
f 19266 19265 19269 19270
f 19267 19266 19270 19271
f 19268 19267 19271 19272
f 19273 19274 19275 19276
f 19277 19278 19279 19280
f 19273 19276 19280 19277
f 19274 19273 19277 19278
f 19275 19274 19278 19279
f 19276 19275 19279 19280
f 19281 19282 19283 19284
f 19285 19286 19287 19288
f 19281 19284 19288 19285
f 19282 19281 19285 19286
f 19283 19282 19286 19287
f 19284 19283 19287 19288
f 19289 19290 19291 19292
f 19293 19294 19295 19296
f 19289 19292 19296 19293
f 19290 19289 19293 19294
f 19291 19290 19294 19295
f 19292 19291 19295 19296
f 19297 19298 19299 19300
f 19301 19302 19303 19304
f 19297 19300 19304 19301
f 19298 19297 19301 19302
f 19299 19298 19302 19303
f 19300 19299 19303 19304
f 19305 19306 19307 19308
f 19309 19310 19311 19312
f 19305 19308 19312 19309
f 19306 19305 19309 19310
f 19307 19306 19310 19311
f 19308 19307 19311 19312
f 19313 19314 19315 19316
f 19317 19318 19319 19320
f 19313 19316 19320 19317
f 19314 19313 19317 19318
f 19315 19314 19318 19319
f 19316 19315 19319 19320
f 19321 19322 19323 19324
f 19325 19326 19327 19328
f 19321 19324 19328 19325
f 19322 19321 19325 19326
f 19323 19322 19326 19327
f 19324 19323 19327 19328
f 19329 19330 19331 19332
f 19333 19334 19335 19336
f 19329 19332 19336 19333
f 19330 19329 19333 19334
f 19331 19330 19334 19335
f 19332 19331 19335 19336
f 19337 19338 19339 19340
f 19341 19342 19343 19344
f 19337 19340 19344 19341
f 19338 19337 19341 19342
f 19339 19338 19342 19343
f 19340 19339 19343 19344
f 19345 19346 19347 19348
f 19349 19350 19351 19352
f 19345 19348 19352 19349
f 19346 19345 19349 19350
f 19347 19346 19350 19351
f 19348 19347 19351 19352
f 19353 19354 19355 19356
f 19357 19358 19359 19360
f 19353 19356 19360 19357
f 19354 19353 19357 19358
f 19355 19354 19358 19359
f 19356 19355 19359 19360
f 19361 19362 19363 19364
f 19365 19366 19367 19368
f 19361 19364 19368 19365
f 19362 19361 19365 19366
f 19363 19362 19366 19367
f 19364 19363 19367 19368
